employee_id,employee_name,gender,age,DOB,marital_status,department,job_role,education_level,education_field,hire_date,years_at_company,monthly_salary,hourly_rate,overtime,performance_rating,job_satisfaction,environment_satisfaction,work_life_balance,training_times_last_year,num_companies_worked,promotion_last_years,distance_from_home,business_travel,city,manager_name,attrition,reason_for_leaving,exit_date,missing_survey_data,duplicate_emp_id,age_group,tenure_group
EMP1784,Jacob Thompson,Male,24.0,1997-04-07,Divorced,Research & Development,Data Analyst,5,Human Resources,2022-01-10,2,105400.0,95.51,No,2.0,4.0,,2.0,0.0,3.0,2,36.3,Travel_Frequently,Matthewmouth,Eric Charles,Yes,Better Opportunity,2022-01-30,True,False,18-25,1-3yr
EMP1198,Randy Morris,Male,45.0,,Single,Human Resources,HR Manager,5,Life Sciences,2018-03-08,6,42300.0,63.09,No,5.0,3.0,4.0,4.0,5.0,3.0,1,,Travel_Rarely,North Joseph,Steven Aguilar,No,,,False,False,36-45,3-6yr
EMP2052,Teresa Jordan,Female,56.0,1988-10-05,Married,Human Resources,HR Executive,4,Marketing,2018-09-11,6,64200.0,66.96,No,4.0,1.0,1.0,2.0,0.0,0.0,2,,Travel_Rarely,Burnettbury,David Sharp,No,,,False,False,46-65,3-6yr
EMP1070,Amanda Johnson,Male,23.0,1968-02-15,Married,Human Resources,HR Manager,5,Business,,1,105600.0,59.52,Yes,1.0,4.0,,,0.0,3.0,0,,Non-Travel,Jamesland,Gina Nelson,No,,,True,False,18-25,<1yr
EMP2183,Todd Frazier,Female,45.0,,Divorced,Human Resources,HR Executive,1,Technical Degree,2018-07-24,6,114000.0,40.77,No,3.0,,3.0,1.0,2.0,5.0,0,10.7,Non-Travel,New Jeffrey,Stephanie Rodriguez,No,,,True,False,36-45,3-6yr
EMP1322,David Long,Female,57.0,,Married,Finance,Finance Manager,1,Business,,1,39500.0,58.77,No,3.0,,2.0,2.0,1.0,4.0,1,26.0,Non-Travel,Danielmouth,Christopher Stafford,Yes,Career Change,2024-05-02,True,False,46-65,<1yr
EMP1897,Kevin Thomas,Female,41.0,,Single,Research & Development,Research Scientist,1,Business,,4,30900.0,57.97,Yes,3.0,,4.0,,4.0,4.0,0,,Travel_Frequently,Port Elizabeth,Wesley Kelley,No,,,True,False,36-45,3-6yr
EMP1756,Ronald Clark,Female,38.0,,Married,Sales,Sales Executive,1,Human Resources,,3,53600.0,76.04,No,5.0,1.0,2.0,1.0,1.0,3.0,3,33.1,Non-Travel,Johnfurt,Vincent Valdez,No,,,False,False,36-45,1-3yr
EMP2337,Robert Robles,Female,49.0,,Divorced,Marketing,Content Strategist,4,Marketing,,5,68100.0,67.65,Yes,1.0,4.0,,1.0,1.0,4.0,3,28.3,Non-Travel,Sarahstad,Marisa Smith,No,,,True,False,46-65,3-6yr
EMP1510,Nathaniel Wood,Male,58.0,,Married,Sales,Sales Manager,5,Technical Degree,2018-07-21,6,60200.0,92.25,Yes,2.0,4.0,4.0,,4.0,3.0,2,11.9,Non-Travel,Jacobsonville,Elizabeth Coffey,No,,,True,False,46-65,3-6yr
EMP1574,Richard Clark,Male,36.0,1996-07-21,Single,Finance,Accountant,2,Marketing,,9,65900.0,56.18,No,3.0,1.0,1.0,2.0,4.0,3.0,1,,Travel_Rarely,Macdonaldborough,Valerie Norris,Yes,Relocation,2017-02-17,False,False,36-45,6+yr
EMP1998,Jason Long,Male,33.0,1993-03-12,Single,Finance,Financial Analyst,2,Marketing,,6,58600.0,30.53,Yes,5.0,2.0,2.0,2.0,2.0,0.0,3,,Travel_Frequently,Bestton,Travis Dunn,Yes,Better Opportunity,,False,False,26-35,3-6yr
EMP1639,Richard Warren,Male,43.0,,Not Disclosed,Sales,Sales Representative,3,Human Resources,,2,48600.0,66.37,No,3.0,,4.0,4.0,1.0,5.0,1,27.9,Non-Travel,Pachecoland,Barbara Smith,No,,,True,False,36-45,1-3yr
EMP2105,Samantha Smith,Female,41.0,,Single,Finance,Financial Analyst,4,Medical,,8,43300.0,51.18,Yes,3.0,3.0,1.0,3.0,5.0,3.0,3,,Non-Travel,Toddmouth,Xavier Brown,No,,,False,False,36-45,6+yr
EMP1444,Scott Walker,Not Disclosed,59.0,,Single,Human Resources,Recruiter,2,Life Sciences,,9,111800.0,44.35,No,3.0,4.0,3.0,1.0,4.0,0.0,2,,Travel_Rarely,New Kevin,James Weber,Yes,Health Issues,2024-12-08,False,False,46-65,6+yr
EMP1860,Mrs. Laura Lewis,Male,37.0,,Divorced,Finance,Finance Manager,3,Medical,,3,69650.0,83.69,Yes,5.0,1.0,1.0,,2.0,3.0,0,27.5,Travel_Frequently,Powellchester,Catherine Wong,No,,,True,False,36-45,1-3yr
EMP1566,Christine Nichols,Male,59.0,,Divorced,Research & Development,Research Scientist,5,Business,,3,20000.0,45.34,No,1.0,,4.0,3.0,2.0,1.0,0,37.2,Non-Travel,West Raymond,Edward Sexton,No,,,True,False,46-65,1-3yr
EMP1956,Edward Jackson,Female,37.0,,Married,Marketing,Marketing Executive,2,Business,,3,41800.0,63.88,Yes,3.0,2.0,4.0,3.0,2.0,6.0,1,,Travel_Rarely,Woodschester,Tracy Perez,No,,,False,False,36-45,1-3yr
EMP1189,Eileen Myers,Female,41.0,1987-11-01,Married,IT,System Admin,4,Medical,,6,53900.0,56.61,No,3.0,3.0,2.0,2.0,5.0,3.0,2,5.4,Travel_Frequently,Adamfort,Elijah Herrera,No,,,False,False,36-45,3-6yr
EMP2035,James Turner,Male,50.0,1994-05-14,Single,Human Resources,Recruiter,5,Medical,,6,47600.0,83.36,No,3.0,,2.0,3.0,2.0,3.0,0,28.0,Travel_Rarely,Gonzaleshaven,Jamie King,Yes,Higher Salary,2022-07-10,True,False,46-65,3-6yr
EMP1086,Catherine Robinson,Female,40.0,1981-08-11,Single,Sales,Sales Representative,2,Marketing,2019-08-29,5,58300.0,70.35,Yes,2.0,4.0,1.0,3.0,2.0,1.0,1,2.8,Travel_Frequently,Howardberg,Nathaniel Merritt,No,,,False,False,36-45,3-6yr
EMP1363,Kevin Brown,Male,41.0,,Married,IT,Software Engineer,5,Business,,7,79900.0,65.55,No,3.0,4.0,2.0,3.0,5.0,4.0,0,20.9,Non-Travel,West Michael,Brenda French,No,,,False,False,36-45,6+yr
EMP1887,Jeffrey Kemp,Male,45.0,1973-12-10,Single,IT,IT Support,2,Marketing,,6,44500.0,54.05,No,2.0,1.0,1.0,,2.0,2.0,1,18.8,Non-Travel,West Jenny,Jason Harrison,No,,,True,False,36-45,3-6yr
EMP1331,Aaron Soto,Female,35.0,,Single,Marketing,Marketing Executive,4,Human Resources,,7,25300.0,87.39,No,5.0,,1.0,4.0,4.0,3.0,2,,Non-Travel,South Brittanyton,Ashley Walker,Yes,Health Issues,,True,False,26-35,6+yr
EMP1169,Brandon Franklin,Male,21.0,1985-06-09,Married,IT,IT Support,1,Medical,,7,50500.0,91.97,No,3.0,2.0,1.0,2.0,1.0,5.0,3,35.3,Non-Travel,East Cheyenne,Robin Aguilar,No,,,False,False,18-25,6+yr
EMP1305,Spencer Johnson,Male,54.0,,Married,Finance,Financial Analyst,4,Life Sciences,,7,89800.0,59.58,No,3.0,2.0,2.0,2.0,1.0,3.0,2,,Travel_Frequently,Port Carrieland,Sarah Buchanan,Yes,Retirement,,False,False,46-65,6+yr
EMP2138,Julie Delgado,Not Disclosed,41.0,1982-06-01,Married,Marketing,Content Strategist,2,Marketing,2020-04-21,4,47900.0,56.73,No,3.0,,,1.0,3.0,0.0,0,,Travel_Frequently,Lake Robertfurt,Gina Hanson,No,,,True,True,36-45,3-6yr
EMP1587,Christopher Wilson Jr.,Male,36.0,,Not Disclosed,Marketing,Content Strategist,3,Life Sciences,,8,42500.0,58.36,Yes,4.0,4.0,3.0,,5.0,6.0,2,,Travel_Rarely,Lake Justinmouth,Susan Young,Yes,Better Opportunity,,True,False,36-45,6+yr
EMP1516,Anne Blackburn,Female,59.0,1981-12-13,Not Disclosed,Human Resources,HR Manager,5,Life Sciences,2020-05-17,4,75600.0,44.15,No,1.0,,4.0,3.0,4.0,3.0,2,8.5,Non-Travel,North Ronnieshire,Michelle Ramirez,Yes,Better Opportunity,,True,False,46-65,3-6yr
EMP2048,Shawn Stevens,Male,36.0,,Divorced,Marketing,Marketing Executive,4,Marketing,,3,61300.0,75.66,No,5.0,4.0,,1.0,2.0,3.0,3,26.1,Travel_Frequently,Costaside,Michael Cordova,No,,,True,False,36-45,1-3yr
EMP1680,Brandon Stevens,Male,47.0,,Single,Sales,Sales Executive,5,Technical Degree,,8,96100.0,31.22,No,2.0,3.0,2.0,2.0,1.0,2.0,0,30.1,Non-Travel,Micheleport,Laura Glass,No,,,False,False,46-65,6+yr
EMP2044,Arthur Cook,Female,59.0,1975-04-09,Divorced,Sales,Sales Manager,4,Technical Degree,,2,118000.0,81.56,No,3.0,1.0,3.0,3.0,2.0,0.0,1,,Travel_Rarely,Kempshire,Jacob Morgan Jr.,No,,,False,False,46-65,1-3yr
EMP1922,Valerie Richardson,Female,37.0,1987-05-12,Divorced,Finance,Accountant,2,Business,2018-09-21,6,40700.0,99.49,No,3.0,4.0,3.0,3.0,2.0,2.0,3,11.7,Non-Travel,East Feliciamouth,Joshua Ritter,No,,,False,False,36-45,3-6yr
EMP1113,Caitlin Ochoa,Female,55.0,,Not Disclosed,Marketing,Marketing Executive,4,Human Resources,2017-01-30,7,100200.0,80.59,Yes,5.0,3.0,,,3.0,5.0,3,26.6,Travel_Frequently,North Sheila,Katherine Ritter,No,,,True,False,46-65,6+yr
EMP2477,Ernest Taylor,Male,26.0,,Married,Research & Development,Research Scientist,4,Business,,4,101200.0,53.21,Yes,3.0,4.0,2.0,2.0,0.0,1.0,3,,Non-Travel,Karenmouth,Victoria Evans,No,,,False,False,26-35,3-6yr
EMP1875,Susan Lambert,Male,49.0,1983-01-05,Not Disclosed,Finance,Financial Analyst,3,Marketing,2019-07-04,5,21200.0,43.46,Yes,2.0,3.0,4.0,2.0,4.0,4.0,0,17.1,Non-Travel,West Pamelastad,Julie Lara,No,,,False,False,46-65,3-6yr
EMP1104,Valerie Phillips,Male,39.0,,Single,Research & Development,Research Scientist,1,Marketing,,1,109200.0,76.13,No,4.0,2.0,4.0,3.0,5.0,1.0,1,,Non-Travel,New Alexisview,Sarah Harris,No,,,False,False,36-45,<1yr
EMP2010,Kristi Yates,Female,22.0,,Not Disclosed,Sales,Sales Manager,4,Marketing,,5,74450.0,31.13,No,2.0,,4.0,3.0,4.0,3.0,0,2.1,Travel_Frequently,Lake Patricia,Jared Newton,No,,,True,False,18-25,3-6yr
EMP2352,Tiffany Rogers,Female,29.0,1996-09-02,Married,Research & Development,Lab Technician,3,Technical Degree,,4,25200.0,43.9,Yes,3.0,1.0,1.0,,0.0,4.0,0,36.6,Non-Travel,Johnsonport,Thomas Diaz,No,,,True,False,26-35,3-6yr
EMP1071,Lisa Baker,Female,25.0,,Divorced,Finance,Finance Manager,1,Life Sciences,,7,37300.0,73.88,No,1.0,1.0,1.0,1.0,1.0,1.0,1,,Non-Travel,Kennethland,David Alvarez,No,,,False,False,18-25,6+yr
EMP1744,Valerie Macdonald,Female,41.0,1995-12-29,Married,Human Resources,HR Executive,3,Marketing,2016-01-30,8,60600.0,76.84,Yes,5.0,4.0,4.0,3.0,2.0,3.0,0,,Travel_Frequently,West Carlystad,Amy Mendoza,No,,,False,True,36-45,6+yr
EMP1987,Nichole Walters,Female,49.0,1967-03-21,Married,Marketing,Marketing Manager,1,Technical Degree,2015-03-20,9,86400.0,65.1,Yes,3.0,3.0,,2.0,2.0,3.0,1,,Travel_Rarely,Williamsmouth,Jaime Baker,No,,,True,False,46-65,6+yr
EMP2283,Ryan Mcmillan,Male,48.0,1978-10-29,Single,Research & Development,Lab Technician,3,Human Resources,2022-03-05,2,114000.0,81.99,No,3.0,,2.0,2.0,1.0,3.0,2,,Travel_Frequently,Rebeccamouth,Taylor Bryant,Yes,Health Issues,,True,False,46-65,1-3yr
EMP1575,Vincent Walker,Not Disclosed,37.0,,Not Disclosed,Finance,Accountant,4,Business,2018-01-12,6,64800.0,51.57,No,2.0,2.0,2.0,2.0,4.0,0.0,1,,Travel_Frequently,North James,Heidi Miller,Yes,,2021-12-03,False,False,36-45,3-6yr
EMP1269,Mary Miller,Male,37.0,,Married,Human Resources,HR Executive,1,Business,2015-04-21,9,36200.0,83.64,Yes,3.0,1.0,3.0,4.0,2.0,2.0,3,,Travel_Frequently,South Heathermouth,Jessica Barnett,No,,,False,False,36-45,6+yr
EMP2041,Amber Johnson,Female,48.0,1997-01-07,Single,Research & Development,Lab Technician,4,Medical,2016-08-31,8,58800.0,47.59,No,2.0,,,4.0,3.0,4.0,3,,Non-Travel,Garzaview,Michael Mcintyre,No,,,True,False,46-65,6+yr
EMP2462,Cheryl Patterson,Male,44.0,,Not Disclosed,Human Resources,HR Executive,1,Human Resources,,6,25200.0,81.06,No,4.0,2.0,2.0,1.0,5.0,4.0,0,27.7,Travel_Frequently,Angelfort,Scott Silva,No,,,False,False,36-45,3-6yr
EMP1834,Vincent Miller,Male,41.0,,Single,Research & Development,Research Scientist,4,Technical Degree,,3,54600.0,82.65,No,1.0,3.0,4.0,4.0,2.0,2.0,0,,Travel_Rarely,Choiberg,Kristen Wilson,No,,,False,False,36-45,1-3yr
EMP1957,Tracey Ryan,Male,38.0,,Single,Sales,Sales Representative,3,Marketing,,5,58300.0,87.18,Yes,3.0,3.0,4.0,1.0,2.0,5.0,1,11.7,Travel_Frequently,East Cameron,Andrew Ross,No,,,False,False,36-45,3-6yr
EMP2090,Lori Mcintosh,Male,47.0,,Not Disclosed,Finance,Finance Manager,3,Human Resources,,4,113200.0,75.46,No,1.0,1.0,2.0,2.0,5.0,0.0,2,25.0,Travel_Frequently,Austinhaven,Stephen Burns,No,,,False,False,46-65,3-6yr
EMP1032,Rebecca Miller,Female,50.0,,Single,IT,System Admin,5,Medical,,9,66000.0,33.95,Yes,2.0,4.0,1.0,2.0,0.0,2.0,3,3.0,Travel_Rarely,South Alexanderside,Thomas Howell,No,,,False,False,46-65,6+yr
EMP1051,Jeffrey Hill,Not Disclosed,21.0,,Single,Marketing,Marketing Manager,4,Medical,,9,119600.0,46.26,Yes,1.0,3.0,3.0,1.0,2.0,6.0,2,12.5,Travel_Rarely,Cynthiaberg,Derek Dixon,No,,,False,False,18-25,6+yr
EMP1017,Rachel Kennedy Md,Male,54.0,,Married,Sales,Sales Executive,2,Marketing,,6,70800.0,50.3,Yes,3.0,2.0,3.0,3.0,2.0,0.0,2,2.4,Non-Travel,Stephaniestad,Brian Harrison,No,,,False,False,46-65,3-6yr
EMP2049,Ryan Cooper,Male,57.0,,Divorced,IT,System Admin,5,Business,,4,29400.0,70.2,Yes,4.0,3.0,2.0,4.0,1.0,2.0,1,,Travel_Rarely,New James,Christine Hunter,No,,,False,True,46-65,3-6yr
EMP1880,John Lopez Dds,Male,40.0,,Divorced,Finance,Financial Analyst,2,Life Sciences,,4,68300.0,75.48,No,1.0,4.0,2.0,4.0,0.0,6.0,0,39.4,Travel_Rarely,East Richardmouth,Melinda Ferguson,Yes,Career Change,,False,False,36-45,3-6yr
EMP1530,Tara Brewer,Female,49.0,,Married,Marketing,Marketing Executive,2,Business,,1,23600.0,44.8,No,3.0,3.0,1.0,1.0,0.0,0.0,1,,Travel_Frequently,Colemouth,Emily Rodriguez,Yes,Relocation,,False,False,46-65,<1yr
EMP1991,Timothy Martin,Male,22.0,,Married,Sales,Sales Representative,2,Human Resources,,5,73000.0,96.49,No,5.0,1.0,,3.0,3.0,0.0,0,,Non-Travel,West Henry,Erin Garcia,No,,,True,False,18-25,3-6yr
EMP1633,Todd Kim,Female,41.0,,Single,Finance,Finance Manager,1,Life Sciences,,2,89900.0,60.29,No,1.0,3.0,,2.0,1.0,6.0,0,34.6,Non-Travel,East Michael,Mrs. Elizabeth Alvarez,No,,,True,False,36-45,1-3yr
EMP2431,Eric Stuart,Female,52.0,,Married,Human Resources,HR Executive,2,Technical Degree,2023-03-18,1,63915.0,39.55,Yes,3.0,2.0,4.0,1.0,4.0,3.0,2,,Travel_Frequently,Lake Mirandachester,Zachary Patton,Yes,Retirement,2024-03-16,False,False,46-65,<1yr
EMP2132,Kevin Snyder,Male,34.0,1972-04-27,Married,IT,System Admin,4,Business,,3,70500.0,88.03,No,3.0,3.0,2.0,3.0,2.0,2.0,3,19.5,Non-Travel,Gibsonberg,Dr. Melinda Brown,No,,,False,False,26-35,1-3yr
EMP1593,Stephanie Robertson,Female,45.0,,Divorced,Finance,Finance Manager,1,Life Sciences,,4,71000.0,79.82,No,3.0,1.0,2.0,2.0,0.0,1.0,3,,Travel_Rarely,Seanberg,Michael Lewis,No,,,False,False,36-45,3-6yr
EMP1374,Zachary Bryant,Male,26.0,1974-09-02,Single,Marketing,Marketing Executive,1,Technical Degree,,1,25400.0,68.09,No,3.0,1.0,1.0,1.0,4.0,2.0,1,15.7,Non-Travel,Anthonyburgh,Michael Johnson,No,,,False,False,26-35,<1yr
EMP1233,William Griffith,Female,47.0,,Married,Research & Development,Lab Technician,4,Life Sciences,,2,66200.0,43.79,No,1.0,2.0,3.0,4.0,2.0,3.0,2,,Travel_Rarely,Stephensborough,Patricia Taylor,No,,,False,False,46-65,1-3yr
EMP1500,Brett Bowen,Female,31.0,1999-04-02,Not Disclosed,IT,Software Engineer,2,Life Sciences,,8,60300.0,56.39,Yes,4.0,4.0,1.0,1.0,5.0,0.0,2,,Travel_Frequently,South Debbie,William Savage,Yes,,,False,False,26-35,6+yr
EMP1084,Brianna Campbell,Male,33.0,,Single,IT,System Admin,3,Marketing,,1,24500.0,93.72,No,2.0,3.0,2.0,2.0,4.0,5.0,0,,Non-Travel,South Tracyborough,Ryan Williams,No,,,False,False,26-35,<1yr
EMP2231,Nicole Young,Female,41.0,,Married,Sales,Sales Representative,5,Human Resources,,6,58300.0,99.41,Yes,3.0,3.0,4.0,3.0,1.0,2.0,0,,Travel_Frequently,Floresmouth,Alexander Beard,No,,,False,False,36-45,3-6yr
EMP1443,Eddie Larsen,Female,51.0,1989-12-20,Married,Research & Development,Lab Technician,4,Marketing,,1,71800.0,34.95,No,3.0,3.0,4.0,2.0,1.0,0.0,1,,Travel_Rarely,Lake Jacobhaven,Christopher Escobar,No,,,False,False,46-65,<1yr
EMP1926,Robin Mills,Not Disclosed,26.0,,Single,IT,Software Engineer,3,Life Sciences,,6,85600.0,58.76,Yes,3.0,3.0,4.0,,4.0,3.0,3,,Non-Travel,Lake Jason,Duane Williams,No,,,True,False,26-35,3-6yr
EMP1710,Joshua Hill,Female,41.0,,Married,Sales,Sales Executive,2,Business,2022-10-31,2,92000.0,31.02,No,5.0,,,2.0,5.0,2.0,0,,Travel_Rarely,Margaretview,Benjamin Bass,No,,,True,False,36-45,1-3yr
EMP2062,Wendy Romero,Male,29.0,,Not Disclosed,Research & Development,Lab Technician,4,Technical Degree,2017-03-26,7,89600.0,37.96,Yes,3.0,,3.0,,4.0,0.0,0,2.2,Non-Travel,West Steveville,Jessica Martinez,Yes,Higher Salary,,True,False,26-35,6+yr
EMP2226,David Wilkins,Male,43.0,,Single,IT,Software Engineer,5,Marketing,,7,63400.0,85.29,No,3.0,2.0,2.0,1.0,2.0,3.0,3,4.6,Travel_Rarely,Wagnerfurt,Amanda Bray,Yes,Better Opportunity,,False,False,36-45,6+yr
EMP1717,Steven Bryan,Not Disclosed,41.0,,Married,Sales,Sales Manager,5,Life Sciences,,4,87100.0,87.77,Yes,1.0,3.0,3.0,1.0,2.0,3.0,2,23.4,Travel_Rarely,Trevorton,Tiffany Morgan,No,,,False,False,36-45,3-6yr
EMP2348,April Shaw,Male,40.0,,Married,Marketing,Content Strategist,5,Human Resources,,3,56000.0,70.67,No,5.0,4.0,2.0,,5.0,4.0,3,33.6,Travel_Rarely,South Kevin,Nancy Reynolds,No,,,True,False,36-45,1-3yr
EMP2070,Nicholas Welch,Male,42.0,,Divorced,IT,System Admin,5,Marketing,,9,115600.0,52.99,No,3.0,2.0,,4.0,5.0,5.0,0,,Non-Travel,Jacobsside,Joseph Jackson,No,,,True,False,36-45,6+yr
EMP1390,Kristina Williams,Female,41.0,,Divorced,Human Resources,HR Manager,3,Business,,3,84000.0,66.91,Yes,1.0,1.0,,1.0,3.0,3.0,0,6.5,Travel_Rarely,Phillipstown,Robert Pham,No,,,True,False,36-45,1-3yr
EMP2234,Jessica Lopez,Female,35.0,1991-12-17,Divorced,Human Resources,Recruiter,5,Technical Degree,2016-09-17,8,64900.0,43.28,No,3.0,2.0,2.0,1.0,3.0,1.0,2,29.0,Non-Travel,Blackwellchester,Linda Hunt,Yes,Better Opportunity,,False,False,26-35,6+yr
EMP2000,Kimberly Moody,Female,56.0,,Married,IT,System Admin,1,Marketing,2023-11-27,1,63500.0,56.76,No,3.0,1.0,4.0,3.0,4.0,5.0,3,,Travel_Frequently,East Vanessa,Mr. Stephen Jones,No,,,False,False,46-65,<1yr
EMP2445,Nancy Wilson,Male,26.0,1977-07-22,Married,Finance,Finance Manager,5,Marketing,,3,70000.0,77.66,No,3.0,,3.0,1.0,5.0,1.0,3,28.6,Travel_Frequently,New Jackside,Gabriella Cole,No,,,True,False,26-35,1-3yr
EMP1351,Frances Lee,Female,24.0,,Single,IT,Software Engineer,5,Technical Degree,,9,26800.0,52.4,No,3.0,,1.0,4.0,5.0,0.0,3,,Travel_Rarely,New Paul,Dr. Laura Clark,No,,,True,False,18-25,6+yr
EMP2069,Joseph Case,Female,37.0,,Divorced,Marketing,Marketing Executive,4,Business,,6,61800.0,38.41,Yes,3.0,4.0,4.0,3.0,0.0,6.0,2,38.3,Non-Travel,New Heatherville,John Jensen,No,,,False,False,36-45,3-6yr
EMP1586,Justin Ward,Female,41.0,,Not Disclosed,IT,IT Support,1,Marketing,,6,60500.0,76.73,No,3.0,1.0,1.0,1.0,4.0,4.0,1,,Non-Travel,Kennethland,Frank Wilson,No,,,False,False,36-45,3-6yr
EMP2467,Russell Gilmore,Female,56.0,,Married,Finance,Financial Analyst,3,Medical,2016-03-29,8,71600.0,67.0,Yes,3.0,,2.0,4.0,2.0,4.0,3,18.6,Non-Travel,New Kara,Bryan Phillips,No,,,True,False,46-65,6+yr
EMP2009,Mr. Ryan Harvey,Not Disclosed,42.0,1987-08-18,Single,Finance,Accountant,4,Human Resources,,5,77400.0,96.34,No,3.0,3.0,3.0,1.0,5.0,4.0,3,,Travel_Rarely,Stephenmouth,David Davis,No,,,False,False,36-45,3-6yr
EMP2401,Ashley Gutierrez,Male,31.0,,Single,IT,Software Engineer,5,Medical,,2,103600.0,94.36,No,3.0,,3.0,,1.0,5.0,0,14.7,Travel_Rarely,Ericborough,Steven Martinez,No,,,True,False,26-35,1-3yr
EMP1378,Alan Roberts,Male,41.0,1977-03-06,Not Disclosed,IT,Software Engineer,5,Marketing,,1,99500.0,45.37,No,2.0,3.0,,2.0,3.0,6.0,0,4.1,Travel_Rarely,South Charles,Matthew Thornton,Yes,,,True,False,36-45,<1yr
EMP1465,Jennifer Carey,Not Disclosed,29.0,,Single,Human Resources,HR Manager,5,Business,2018-12-09,6,105100.0,82.5,Yes,3.0,2.0,4.0,4.0,2.0,5.0,2,17.6,Non-Travel,North David,David Solomon,Yes,Retirement,,False,False,26-35,3-6yr
EMP1898,Mary Lewis,Not Disclosed,37.0,,Not Disclosed,Human Resources,Recruiter,5,Marketing,,4,92200.0,36.51,Yes,5.0,3.0,1.0,,1.0,1.0,3,1.5,Non-Travel,Garciaside,Colleen Sheppard,No,,,True,False,36-45,3-6yr
EMP1200,Emily Nolan,Female,40.0,,Divorced,Research & Development,Research Scientist,2,Life Sciences,,7,94400.0,82.89,No,3.0,1.0,2.0,2.0,2.0,4.0,2,,Travel_Frequently,Susanfort,Andrea Byrd,No,,,False,False,36-45,6+yr
EMP1170,Austin Oconnor,Female,50.0,,Single,IT,IT Support,1,Medical,,3,61700.0,77.1,No,2.0,4.0,4.0,,1.0,1.0,3,24.4,Non-Travel,New Lisamouth,Mark Dougherty,No,,,True,False,46-65,1-3yr
EMP1824,James Copeland Md,Female,39.0,,Married,IT,IT Support,5,Human Resources,,3,61700.0,44.24,No,3.0,,1.0,2.0,5.0,0.0,2,,Travel_Rarely,Melvinchester,Stephanie Miller,No,,,True,False,36-45,1-3yr
EMP2419,Angela Johnson,Male,34.0,1976-10-09,Married,IT,Software Engineer,3,Life Sciences,,1,50700.0,78.26,No,3.0,1.0,4.0,3.0,1.0,4.0,2,,Non-Travel,Williamchester,Glenda Thompson,No,,,False,False,26-35,<1yr
EMP2086,Kyle King,Male,50.0,,Divorced,Sales,Sales Representative,5,Life Sciences,,8,58300.0,99.79,Yes,3.0,,1.0,4.0,5.0,1.0,3,,Travel_Rarely,Rojasmouth,Joseph Coleman,No,,,True,False,46-65,6+yr
EMP1382,Ann Maddox,Male,57.0,,Single,Research & Development,Data Analyst,4,Technical Degree,,6,80400.0,35.22,Yes,3.0,2.0,4.0,3.0,4.0,3.0,3,20.2,Non-Travel,Lake Jesse,Heather Alvarado,No,,,False,False,46-65,3-6yr
EMP2280,Paul Mueller,Male,47.0,,Married,Research & Development,Research Scientist,4,Business,,8,115600.0,42.99,No,4.0,3.0,2.0,4.0,1.0,5.0,2,34.4,Travel_Frequently,Parksview,Jason Gonzalez,No,,,False,False,46-65,6+yr
EMP1062,Joshua Davies,Male,53.0,,Single,Research & Development,Lab Technician,4,Technical Degree,2017-11-05,7,16400.0,94.08,No,3.0,3.0,,3.0,0.0,3.0,2,29.9,Non-Travel,South Alicia,Alyssa Jenkins,No,,,True,False,46-65,6+yr
EMP2304,Jamie Wallace,Male,31.0,,Single,Research & Development,Research Scientist,2,Human Resources,2018-12-06,6,100000.0,67.84,Yes,5.0,4.0,3.0,3.0,1.0,3.0,1,,Non-Travel,Port Suzanne,Brenda Gibson,No,,,False,False,26-35,3-6yr
EMP1038,Vernon Kaufman,Female,36.0,,Married,Sales,Sales Manager,3,Medical,,7,83200.0,75.73,Yes,1.0,1.0,4.0,2.0,2.0,3.0,2,,Travel_Rarely,Jefferyburgh,John Shaw,Yes,Higher Salary,2017-03-17,False,False,36-45,6+yr
EMP1958,Adam Herrera,Female,41.0,,Single,Sales,Sales Executive,1,Medical,,7,75200.0,70.14,No,3.0,1.0,1.0,,0.0,5.0,3,26.6,Travel_Frequently,Reneeview,Gabriel Miller,No,,,True,False,36-45,6+yr
EMP2480,Johnathan Delgado,Not Disclosed,41.0,2000-05-19,Single,Human Resources,Recruiter,2,Life Sciences,,3,70800.0,79.36,No,5.0,,2.0,3.0,2.0,3.0,2,12.2,Travel_Rarely,Williamston,James Nichols,No,,,True,False,36-45,1-3yr
EMP1267,Gabriel Williams,Male,49.0,,Married,Sales,Sales Representative,3,Marketing,,7,20500.0,41.42,No,1.0,4.0,,1.0,2.0,5.0,0,7.1,Travel_Frequently,Hannahview,Evan Barnes,No,,,True,False,46-65,6+yr
EMP2433,Jessica Lewis,Male,53.0,,Married,Human Resources,HR Executive,1,Marketing,,2,24800.0,68.29,No,3.0,,4.0,4.0,2.0,6.0,0,,Non-Travel,Barkerville,Mary Santiago,No,,,True,False,46-65,1-3yr
EMP1357,Paul Blackwell,Female,25.0,,Single,IT,Software Engineer,1,Business,,6,111400.0,42.2,Yes,2.0,4.0,,2.0,2.0,1.0,0,26.8,Non-Travel,East Cherylburgh,Nichole Mullins,No,,,True,False,18-25,3-6yr
EMP2272,Zachary Hawkins,Male,45.0,,Divorced,Sales,Sales Executive,4,Technical Degree,2018-03-18,6,37400.0,73.42,Yes,3.0,1.0,1.0,3.0,0.0,0.0,0,24.4,Travel_Frequently,Aliciamouth,Tracy George,No,,,False,False,36-45,3-6yr
EMP1472,Victor Warren,Not Disclosed,26.0,,Divorced,Marketing,Marketing Manager,2,Medical,2023-09-11,1,55500.0,66.45,No,2.0,3.0,3.0,3.0,2.0,3.0,2,,Non-Travel,West Matthew,Robert Mclaughlin,No,,,False,False,26-35,<1yr
EMP1704,Tamara Lewis,Male,35.0,,Single,Finance,Finance Manager,4,Marketing,2016-01-31,8,44900.0,46.21,No,5.0,1.0,3.0,,2.0,5.0,1,,Non-Travel,Jenkinsmouth,Jesus Hawkins,No,,,True,False,26-35,6+yr
EMP1217,Jill Boyle,Female,37.0,,Not Disclosed,IT,IT Support,4,Medical,,7,62900.0,58.09,No,4.0,1.0,1.0,2.0,2.0,4.0,0,24.5,Travel_Frequently,New Anna,Robert Kelley,No,,,False,False,36-45,6+yr
EMP1222,Elizabeth Lopez,Female,47.0,1991-02-22,Married,IT,IT Support,1,Medical,,2,61700.0,50.07,Yes,2.0,,1.0,3.0,0.0,6.0,0,,Non-Travel,North Kristen,Natalie Murphy,No,,,True,False,46-65,1-3yr
EMP1822,Andrew Riley,Female,49.0,,Divorced,Sales,Sales Manager,2,Life Sciences,,8,82600.0,81.11,No,1.0,1.0,1.0,4.0,4.0,0.0,0,,Non-Travel,West Elizabethland,Christopher Garcia,No,,,False,False,46-65,6+yr
EMP1578,Kurt Briggs,Male,42.0,1976-08-17,Single,Human Resources,HR Manager,1,Marketing,,9,79800.0,49.98,Yes,3.0,3.0,2.0,,3.0,3.0,3,,Travel_Rarely,Allisonview,Zachary Singh,No,,,True,False,36-45,6+yr
EMP1005,Angela Evans,Male,34.0,,Divorced,Finance,Accountant,1,Medical,,6,57200.0,91.84,No,4.0,,3.0,4.0,2.0,6.0,1,6.9,Travel_Rarely,Robertsland,Jason Sherman,No,,,True,False,26-35,3-6yr
EMP2382,Mary Wong,Male,41.0,,Divorced,Marketing,Content Strategist,3,Life Sciences,,7,102900.0,94.45,Yes,1.0,2.0,1.0,3.0,0.0,0.0,3,,Non-Travel,North Victoriaberg,Rebecca Scott,No,,,False,False,36-45,6+yr
EMP2098,Sean Lowe,Male,53.0,1966-03-18,Single,Human Resources,HR Executive,1,Human Resources,2016-10-17,8,71100.0,51.6,Yes,2.0,4.0,3.0,2.0,3.0,4.0,0,29.7,Non-Travel,Jessicaton,Lauren Giles,No,,,False,False,46-65,6+yr
EMP1205,Elizabeth Alvarez,Male,34.0,,Not Disclosed,Marketing,Marketing Manager,2,Human Resources,,2,112900.0,44.94,No,3.0,4.0,1.0,4.0,1.0,4.0,2,10.1,Non-Travel,Lake Whitney,Jessica Branch,No,,,False,False,26-35,1-3yr
EMP1567,Charles Gutierrez,Female,41.0,,Divorced,Research & Development,Research Scientist,5,Business,,6,96100.0,52.53,Yes,3.0,3.0,1.0,2.0,2.0,3.0,2,15.6,Travel_Frequently,North Kevin,Jennifer Day,No,,,False,False,36-45,3-6yr
EMP2188,Maria Gilbert,Female,37.0,,Not Disclosed,Human Resources,HR Executive,5,Human Resources,,3,100900.0,99.75,No,3.0,3.0,4.0,,4.0,4.0,0,16.5,Travel_Frequently,New Stephen,Brandon Contreras,No,,,True,False,36-45,1-3yr
EMP2472,Jorge Stevens,Male,46.0,,Not Disclosed,Human Resources,HR Executive,5,Marketing,2023-01-08,1,17700.0,85.0,Yes,3.0,4.0,1.0,4.0,2.0,6.0,2,14.1,Travel_Rarely,East Erin,Jared West,No,,,False,False,46-65,<1yr
EMP1817,Samuel May,Male,57.0,,Single,IT,IT Support,2,Marketing,2020-10-04,4,74900.0,64.36,No,5.0,1.0,2.0,3.0,4.0,3.0,2,7.8,Travel_Frequently,North Katherine,Diana Williams,No,,,False,False,46-65,3-6yr
EMP2301,Kathleen Nguyen,Female,52.0,1987-05-20,Married,IT,System Admin,3,Medical,,3,19600.0,39.69,No,5.0,1.0,,3.0,0.0,3.0,3,,Travel_Rarely,New Olivia,Jason Stone,No,,,True,False,46-65,1-3yr
EMP1138,Jennifer Gordon,Male,39.0,,Married,Human Resources,HR Manager,5,Medical,,5,117700.0,56.06,No,2.0,3.0,1.0,1.0,2.0,3.0,3,,Travel_Frequently,Lake Travis,Corey Reeves,No,,,False,False,36-45,3-6yr
EMP1657,Michael Hardy,Male,40.0,,Single,Research & Development,Data Analyst,4,Business,2023-12-27,1,47100.0,89.23,Yes,3.0,3.0,3.0,2.0,1.0,6.0,1,14.1,Non-Travel,Jenniferfort,Amanda Jimenez,No,,,False,False,36-45,<1yr
EMP2475,Stephanie Hicks,Male,22.0,,Married,Human Resources,HR Manager,4,Medical,,3,109300.0,76.72,No,3.0,3.0,,4.0,4.0,3.0,1,,Travel_Rarely,Millerland,Robert Dean,Yes,Health Issues,,True,False,18-25,1-3yr
EMP1457,Wendy Williams,Female,41.0,,Single,IT,System Admin,5,Human Resources,,7,108900.0,47.43,Yes,3.0,,4.0,4.0,4.0,1.0,1,3.2,Non-Travel,New Saraborough,Bradley Rivera,No,,,True,False,36-45,6+yr
EMP2102,Dawn Solis,Male,24.0,,Not Disclosed,Sales,Sales Executive,4,Technical Degree,2023-02-17,1,111200.0,62.95,No,2.0,,4.0,3.0,2.0,3.0,1,,Travel_Rarely,Robertstad,Jonathan Duran,No,,,True,False,18-25,<1yr
EMP2444,Sarah Edwards,Female,30.0,,Married,Research & Development,Data Analyst,2,Medical,,1,76000.0,94.66,Yes,3.0,2.0,3.0,3.0,0.0,5.0,2,,Travel_Frequently,Branditon,Allison Pennington,No,,,False,False,26-35,<1yr
EMP1690,Betty Collins,Male,32.0,1999-09-07,Married,Finance,Financial Analyst,5,Technical Degree,2020-02-11,4,104500.0,86.13,Yes,5.0,1.0,4.0,1.0,5.0,1.0,0,9.2,Non-Travel,Vasquezfurt,Mary Lowe,No,,,False,False,26-35,3-6yr
EMP1609,Melinda Kelly,Female,41.0,,Not Disclosed,Sales,Sales Manager,5,Marketing,2020-04-25,4,63000.0,31.27,No,3.0,3.0,2.0,3.0,2.0,2.0,2,27.1,Non-Travel,Hillland,Elizabeth Miller,Yes,Health Issues,,False,False,36-45,3-6yr
EMP2222,Melissa Jones,Not Disclosed,40.0,,Single,Research & Development,Lab Technician,1,Medical,,1,50500.0,64.93,No,2.0,3.0,3.0,4.0,3.0,4.0,2,19.7,Non-Travel,East Sherry,Zachary Flores,No,,,False,False,36-45,<1yr
EMP1981,Ashley Kelly,Male,35.0,,Married,Human Resources,HR Manager,1,Life Sciences,2015-10-04,9,104400.0,81.67,No,5.0,3.0,1.0,3.0,1.0,2.0,3,18.6,Non-Travel,Pittmanshire,Lindsey Crawford,No,,,False,False,26-35,6+yr
EMP1932,John Cox,Female,23.0,,Not Disclosed,Research & Development,Lab Technician,4,Human Resources,,2,64250.0,70.21,No,4.0,3.0,4.0,4.0,0.0,5.0,0,20.9,Travel_Frequently,West Michael,Samantha Hall,No,,,False,False,18-25,1-3yr
EMP1494,Teresa Robinson,Female,39.0,,Married,Human Resources,Recruiter,1,Human Resources,2023-07-31,1,73900.0,50.46,Yes,4.0,3.0,3.0,3.0,1.0,0.0,1,,Travel_Rarely,East Heather,Danny Robinson,Yes,Career Change,,False,False,36-45,<1yr
EMP1931,Dominique Johnson,Male,56.0,,Single,Marketing,Content Strategist,5,Human Resources,,6,65600.0,49.08,Yes,2.0,,,2.0,2.0,3.0,2,8.8,Travel_Frequently,Hamiltonmouth,Mark Tran,Yes,Better Opportunity,,True,False,46-65,3-6yr
EMP1923,Aaron Hughes,Male,51.0,,Married,Human Resources,HR Manager,5,Medical,,9,23310.0,38.58,No,3.0,3.0,1.0,2.0,3.0,5.0,3,34.9,Travel_Rarely,New Sarah,Jamie Thomas,Yes,Higher Salary,,False,True,46-65,6+yr
EMP1711,Randy Brown,Male,55.0,1971-11-11,Married,Finance,Accountant,5,Marketing,,1,112000.0,38.86,Yes,3.0,1.0,,2.0,2.0,0.0,2,,Travel_Frequently,South Jacob,Robert Hall,No,,,True,False,46-65,<1yr
EMP1668,David Beltran,Female,40.0,,Single,Research & Development,Lab Technician,5,Human Resources,,2,42800.0,58.97,No,1.0,4.0,2.0,,4.0,6.0,1,12.8,Travel_Rarely,North Lee,James White,No,,,True,False,36-45,1-3yr
EMP2459,Anita Flynn,Male,41.0,2004-09-02,Single,Marketing,Content Strategist,2,Marketing,,7,94300.0,51.57,No,2.0,4.0,2.0,3.0,1.0,5.0,3,35.9,Travel_Frequently,Williambury,Cynthia Jackson,No,,,False,False,36-45,6+yr
EMP1791,Stacey Evans,Not Disclosed,60.0,1994-01-27,Married,Human Resources,HR Manager,5,Business,,8,28300.0,38.17,Yes,2.0,1.0,,,4.0,1.0,3,19.6,Travel_Frequently,East Ginaberg,Zachary Ball,No,,,True,False,46-65,6+yr
EMP1325,Megan Gutierrez,Male,52.0,,Not Disclosed,Sales,Sales Representative,4,Medical,,9,46400.0,63.88,Yes,2.0,4.0,4.0,3.0,3.0,4.0,2,16.2,Travel_Frequently,Gabrielburgh,Madison Holt,Yes,Retirement,,False,False,46-65,6+yr
EMP1638,Kenneth Miranda,Female,55.0,,Married,Human Resources,HR Executive,2,Life Sciences,2019-03-19,5,59900.0,99.95,No,1.0,2.0,3.0,,2.0,0.0,2,17.3,Non-Travel,Matthewstad,Randy Jones,No,,,True,False,46-65,3-6yr
EMP2442,Matthew Love,Male,41.0,,Divorced,Research & Development,Lab Technician,4,Technical Degree,2018-11-20,6,49000.0,58.83,No,3.0,3.0,3.0,3.0,2.0,0.0,1,19.0,Non-Travel,Haynesborough,Nicholas Sanders,No,,,False,False,36-45,3-6yr
EMP1195,Clarence Mccoy,Male,31.0,,Married,Finance,Accountant,5,Business,,6,20800.0,52.09,Yes,1.0,3.0,,2.0,1.0,2.0,1,19.0,Travel_Frequently,Lake Roberttown,April Torres,Yes,Retirement,,True,False,26-35,3-6yr
EMP2122,Donald Taylor,Female,31.0,,Divorced,Sales,Sales Manager,2,Human Resources,2019-08-31,5,74450.0,31.0,Yes,3.0,4.0,2.0,2.0,2.0,2.0,2,,Travel_Frequently,Smithhaven,Trevor Martinez,No,,,False,False,26-35,3-6yr
EMP1100,Steven Williams,Female,41.0,,Divorced,Research & Development,Lab Technician,4,Life Sciences,,6,24200.0,55.09,No,1.0,3.0,4.0,,2.0,1.0,2,,Travel_Frequently,East Brian,Alexandria Pierce,No,,,True,False,36-45,3-6yr
EMP1676,Jerry Brown,Female,56.0,,Married,Sales,Sales Manager,5,Life Sciences,,5,74450.0,60.4,Yes,5.0,4.0,3.0,,2.0,0.0,2,10.5,Non-Travel,Benitezchester,Kevin Morris,No,,,True,False,46-65,3-6yr
EMP1264,Chad Larson,Female,44.0,,Single,Finance,Finance Manager,3,Technical Degree,2021-04-14,3,67500.0,56.29,No,1.0,4.0,1.0,4.0,5.0,6.0,0,,Non-Travel,North Vickimouth,Brian Krueger,No,,,False,False,36-45,1-3yr
EMP1248,Kimberly Blake,Male,52.0,,Divorced,Human Resources,HR Manager,2,Medical,,7,27000.0,90.44,Yes,3.0,1.0,4.0,4.0,2.0,0.0,1,9.2,Travel_Frequently,East Brandonmouth,Larry Shields,No,,,False,False,46-65,6+yr
EMP1230,Kevin Butler,Male,28.0,1986-10-26,Married,Sales,Sales Executive,1,Medical,,4,23800.0,99.74,Yes,3.0,,,4.0,5.0,3.0,2,,Non-Travel,Greenbury,Steve Kelley,No,,,True,False,26-35,3-6yr
EMP1936,Donald Mann,Male,58.0,1996-06-16,Married,Sales,Sales Executive,4,Human Resources,,6,30500.0,43.58,Yes,3.0,,1.0,,4.0,3.0,2,13.3,Travel_Rarely,Petertown,James Schmidt,No,,,True,False,46-65,3-6yr
EMP1403,Melissa Cherry,Female,45.0,,Single,IT,IT Support,5,Technical Degree,,7,15900.0,73.14,No,3.0,2.0,4.0,,1.0,0.0,1,17.1,Travel_Frequently,Feliciachester,Aaron Hall,No,,,True,False,36-45,6+yr
EMP2339,Mary Morgan,Female,33.0,,Married,Sales,Sales Representative,4,Marketing,,7,35000.0,67.84,Yes,5.0,3.0,2.0,,5.0,6.0,0,,Travel_Rarely,Lake Elizabethfurt,Paul Daniels,No,,,True,False,26-35,6+yr
EMP1141,Ashley White,Male,55.0,1967-02-06,Married,Finance,Accountant,3,Human Resources,,3,68700.0,77.67,Yes,3.0,2.0,4.0,4.0,2.0,4.0,2,8.9,Travel_Rarely,West Monicaberg,Kristina Scott,No,,,False,False,46-65,1-3yr
EMP1688,Tamara Parker,Male,35.0,,Single,Human Resources,Recruiter,1,Technical Degree,,8,115200.0,81.08,No,3.0,3.0,,2.0,4.0,0.0,1,12.4,Non-Travel,Timothyfurt,Devon Bonilla,No,,,True,False,26-35,6+yr
EMP1294,Kathleen Spears,Female,42.0,,Divorced,Finance,Accountant,2,Human Resources,,5,109800.0,87.84,No,3.0,2.0,,3.0,5.0,3.0,3,39.3,Travel_Rarely,Carlaside,Christina Ruiz,No,,,True,False,36-45,3-6yr
EMP1523,Justin Thompson,Male,50.0,,Married,Finance,Financial Analyst,4,Human Resources,,2,108500.0,62.2,No,5.0,4.0,4.0,2.0,2.0,3.0,1,24.4,Travel_Frequently,Alvarezport,Victoria Zamora,No,,,False,False,46-65,1-3yr
EMP1473,Jacob Nelson Md,Not Disclosed,60.0,,Single,Sales,Sales Manager,2,Human Resources,2023-01-21,1,102800.0,54.01,Yes,1.0,2.0,1.0,1.0,3.0,3.0,0,,Non-Travel,Dillonmouth,Christopher Moore,No,,,False,False,46-65,<1yr
EMP1948,Eric Lindsey,Female,41.0,,Married,Finance,Accountant,2,Marketing,,1,65900.0,86.61,No,2.0,4.0,,2.0,5.0,0.0,2,27.7,Non-Travel,Fosterbury,Nicole ReYes,No,,,True,False,36-45,<1yr
EMP1806,Elizabeth Matthews,Male,45.0,1974-07-08,Not Disclosed,Research & Development,Data Analyst,2,Human Resources,,2,74100.0,72.01,No,4.0,4.0,2.0,3.0,3.0,3.0,1,,Non-Travel,Diazbury,Mike Vargas,No,,,False,False,36-45,1-3yr
EMP1751,Robert Ellis,Not Disclosed,32.0,1981-04-11,Married,Marketing,Content Strategist,3,Technical Degree,2020-12-21,4,111600.0,72.25,Yes,3.0,3.0,1.0,,3.0,5.0,0,31.7,Travel_Rarely,East Allison,Michelle Brown,No,,,True,False,26-35,3-6yr
EMP1852,Michael Murray,Male,51.0,,Divorced,Sales,Sales Executive,3,Medical,2022-07-24,2,56200.0,42.31,No,1.0,4.0,3.0,,5.0,0.0,1,,Travel_Frequently,Port Carmenmouth,Kent Marshall,No,,,True,False,46-65,1-3yr
EMP2152,Rebecca Brewer,Female,55.0,1984-12-11,Married,Research & Development,Data Analyst,1,Human Resources,,6,28300.0,57.47,Yes,1.0,4.0,3.0,,2.0,3.0,0,,Non-Travel,Lake Racheltown,Kevin Molina,No,,,True,False,46-65,3-6yr
EMP1569,Gordon Blair,Male,22.0,,Single,Finance,Finance Manager,3,Life Sciences,,7,39600.0,69.59,Yes,5.0,,,1.0,1.0,3.0,1,,Travel_Rarely,Derrickstad,Jacob Wilson,No,,,True,False,18-25,6+yr
EMP1890,Christopher Wagner,Not Disclosed,32.0,,Single,Sales,Sales Executive,4,Medical,,3,72000.0,86.06,Yes,5.0,1.0,1.0,1.0,2.0,1.0,1,,Travel_Frequently,West Tamara,Mrs. Kelly Johnson,No,,,False,False,26-35,1-3yr
EMP1839,Ashley Abbott,Male,41.0,,Single,Finance,Financial Analyst,3,Human Resources,,1,85800.0,85.21,Yes,2.0,4.0,,1.0,2.0,1.0,3,26.1,Non-Travel,Smithchester,Kristie Reed,No,,,True,False,36-45,<1yr
EMP1889,Cynthia Howe,Not Disclosed,56.0,,Not Disclosed,Marketing,Marketing Manager,2,Life Sciences,,6,55800.0,86.65,No,3.0,1.0,3.0,2.0,0.0,0.0,0,,Non-Travel,New Taylor,Victoria Jacobs,No,,,False,False,46-65,3-6yr
EMP1775,Maria Frank,Female,46.0,,Divorced,IT,IT Support,1,Marketing,,9,101500.0,35.33,No,4.0,1.0,,4.0,1.0,3.0,1,,Travel_Rarely,Obrienchester,Tracy King,Yes,Higher Salary,,True,False,46-65,6+yr
EMP1291,David Perkins,Male,41.0,,Divorced,Finance,Accountant,1,Medical,,4,98800.0,38.01,Yes,3.0,4.0,2.0,1.0,3.0,3.0,0,,Non-Travel,West Rhonda,Ryan Hernandez,No,,,False,False,36-45,3-6yr
EMP2489,Patricia Coleman,Not Disclosed,54.0,,Single,Human Resources,Recruiter,5,Medical,2015-07-27,9,50900.0,59.27,Yes,1.0,,2.0,1.0,0.0,4.0,2,24.8,Non-Travel,Lake Elizabethland,Wanda Jacobs,No,,,True,False,46-65,6+yr
EMP1499,Michael Cisneros,Male,42.0,,Divorced,Human Resources,HR Executive,3,Marketing,,9,36700.0,80.17,Yes,2.0,3.0,,3.0,2.0,4.0,1,19.3,Non-Travel,Jacksonberg,Matthew Hamilton,No,,,True,False,36-45,6+yr
EMP2454,Ricardo Ortiz,Female,52.0,,Single,Human Resources,Recruiter,5,Business,,8,73400.0,60.51,No,3.0,3.0,1.0,1.0,3.0,4.0,0,19.2,Travel_Frequently,Jamesfort,Carol Hart,No,,,False,False,46-65,6+yr
EMP1194,Kayla Rodriguez,Female,58.0,,Married,Research & Development,Data Analyst,4,Human Resources,,3,91100.0,46.02,Yes,2.0,,3.0,2.0,5.0,3.0,1,36.2,Travel_Frequently,Welchhaven,Jorge Wagner,No,,,True,False,46-65,1-3yr
EMP1939,Matthew King,Male,41.0,1993-04-19,Married,IT,Software Engineer,3,Business,,1,111300.0,53.65,Yes,3.0,1.0,4.0,3.0,2.0,2.0,0,,Travel_Rarely,Lake Davidville,Janet Romero,No,,,False,False,36-45,<1yr
EMP2286,Samantha Wright,Male,55.0,,Married,Research & Development,Lab Technician,2,Human Resources,2015-02-05,9,15300.0,74.99,No,5.0,4.0,1.0,2.0,2.0,5.0,2,,Non-Travel,South Laurieberg,Stephen Murphy,No,,,False,False,46-65,6+yr
EMP1954,Ashley Pierce Dds,Not Disclosed,36.0,,Single,Human Resources,Recruiter,3,Marketing,,9,42800.0,43.36,No,3.0,3.0,2.0,,0.0,3.0,2,9.6,Travel_Rarely,Murphyland,Timothy Peterson,No,,,True,False,36-45,6+yr
EMP1289,Nicole Pham,Female,49.0,,Not Disclosed,IT,IT Support,5,Medical,2016-06-06,8,83900.0,30.5,Yes,3.0,4.0,,1.0,1.0,5.0,3,25.5,Travel_Frequently,New Craig,Richard Tapia,No,,,True,False,46-65,6+yr
EMP1356,Joshua Sheppard,Female,30.0,,Not Disclosed,Marketing,Marketing Executive,4,Technical Degree,,5,102000.0,57.43,No,4.0,2.0,4.0,4.0,5.0,3.0,2,34.6,Non-Travel,South Sarah,Lynn Holland,Yes,Relocation,,False,False,26-35,3-6yr
EMP2376,Lisa Marshall,Male,36.0,,Divorced,Human Resources,Recruiter,2,Life Sciences,,5,23900.0,71.88,No,5.0,1.0,1.0,3.0,2.0,6.0,1,34.0,Travel_Rarely,Matthewside,Michael Matthews,No,,,False,False,36-45,3-6yr
EMP2452,Benjamin White,Male,43.0,,Divorced,Human Resources,Recruiter,5,Life Sciences,,5,65200.0,81.73,No,5.0,4.0,1.0,1.0,1.0,2.0,0,5.7,Non-Travel,Elliston,William Johnson,Yes,,,False,False,36-45,3-6yr
EMP1744,Valerie Macdonald,Female,41.0,1995-12-29,Married,Human Resources,HR Executive,3,Marketing,2016-01-30,8,63630.0,76.84,Yes,5.0,4.0,4.0,3.0,2.0,3.0,0,,Travel_Frequently,West Carlystad,Amy Mendoza,No,,,False,True,36-45,6+yr
EMP1270,Kenneth Wells,Female,25.0,,Single,Human Resources,HR Executive,4,Business,2019-03-27,5,106700.0,73.81,Yes,1.0,4.0,3.0,2.0,1.0,6.0,2,,Non-Travel,Brittanyfurt,Mark Paul,No,,,False,False,18-25,3-6yr
EMP1900,Logan Russell,Female,26.0,1994-01-08,Not Disclosed,Finance,Finance Manager,2,Medical,,7,118000.0,92.36,No,1.0,,3.0,4.0,2.0,6.0,3,28.5,Non-Travel,Webbberg,Sean Richardson,No,,,True,False,26-35,6+yr
EMP1892,Jeremy Zimmerman,Male,49.0,,Divorced,Sales,Sales Executive,4,Human Resources,,5,107000.0,55.07,No,3.0,3.0,,,4.0,1.0,2,,Travel_Rarely,Gonzaleztown,Calvin Love,No,,,True,False,46-65,3-6yr
EMP1401,Steven Ellis,Female,38.0,,Single,IT,Software Engineer,2,Business,,9,66200.0,57.33,No,3.0,2.0,3.0,4.0,2.0,5.0,2,7.0,Non-Travel,Kennedyburgh,Donna Marshall,No,,,False,False,36-45,6+yr
EMP1698,Peter Schmitt,Not Disclosed,40.0,1998-08-30,Divorced,Finance,Financial Analyst,2,Human Resources,,2,49300.0,96.73,Yes,3.0,1.0,1.0,4.0,3.0,2.0,0,,Non-Travel,Jenniferside,Shane Schmitt,No,,,False,False,36-45,1-3yr
EMP1894,Nicole Palmer Phd,Male,41.0,1985-05-19,Divorced,Research & Development,Research Scientist,3,Medical,2020-03-23,4,59600.0,44.14,No,5.0,4.0,2.0,2.0,2.0,0.0,2,17.1,Non-Travel,Gibsonshire,Kelly Swanson,No,,,False,False,36-45,3-6yr
EMP1132,Ricardo Reed,Female,38.0,,Married,Sales,Sales Executive,2,Human Resources,2023-02-18,1,57900.0,96.63,Yes,1.0,3.0,1.0,4.0,4.0,4.0,2,,Travel_Frequently,New Patricia,Rachael Barnett,No,,,False,False,36-45,<1yr
EMP1611,Tiffany Ramos,Not Disclosed,41.0,,Divorced,Finance,Financial Analyst,3,Human Resources,2022-06-18,2,42400.0,94.77,No,3.0,3.0,4.0,3.0,5.0,1.0,0,36.8,Non-Travel,East Bretttown,Nicole Hebert,No,,,False,False,36-45,1-3yr
EMP1714,Christina Johnson,Female,41.0,,Not Disclosed,Finance,Finance Manager,4,Marketing,2016-06-18,8,23100.0,83.49,No,3.0,4.0,4.0,,4.0,0.0,0,,Travel_Rarely,South Andrewburgh,Vincent Rodriguez,No,,,True,False,36-45,6+yr
EMP2411,Joshua Gomez,Female,56.0,,Married,Marketing,Marketing Executive,1,Business,,8,64000.0,43.87,Yes,5.0,2.0,3.0,1.0,5.0,4.0,2,,Travel_Rarely,East Steven,Clifford Young,Yes,,,False,False,46-65,6+yr
EMP1844,Heather Webster,Female,23.0,,Single,Marketing,Marketing Executive,1,Medical,,9,66500.0,69.22,No,3.0,,2.0,4.0,4.0,1.0,0,32.5,Travel_Frequently,Lake Diane,Dr. Kara Summers,No,,,True,False,18-25,6+yr
EMP1171,Jason Hines,Male,46.0,,Single,Human Resources,HR Executive,2,Technical Degree,2020-12-26,4,19000.0,58.14,No,3.0,1.0,,,3.0,4.0,0,7.0,Travel_Frequently,East Anna,Mrs. Michaela Andrews,No,,,True,False,46-65,3-6yr
EMP1747,Kristy Farmer,Male,41.0,,Not Disclosed,Human Resources,Recruiter,4,Medical,,5,62500.0,36.84,No,3.0,1.0,3.0,3.0,3.0,4.0,2,,Non-Travel,East Davidville,Stacy Larson,No,,,False,False,36-45,3-6yr
EMP1240,Gary Robinson,Female,55.0,,Single,Marketing,Marketing Executive,2,Marketing,,4,88700.0,76.11,No,3.0,3.0,,,1.0,3.0,0,,Travel_Frequently,East Geoffreystad,Erin Mcdonald,No,,,True,True,46-65,3-6yr
EMP2257,Kelsey Sullivan,Male,57.0,,Married,IT,System Admin,3,Marketing,,6,85900.0,34.3,No,3.0,3.0,4.0,,4.0,1.0,3,,Travel_Frequently,Hunterstad,Sandra Brown,No,,,True,False,46-65,3-6yr
EMP2197,Keith Santiago,Male,26.0,,Single,Marketing,Content Strategist,3,Marketing,,3,60700.0,98.52,No,1.0,4.0,,1.0,3.0,2.0,2,,Travel_Frequently,Joseton,Nathan Valenzuela,Yes,Career Change,2022-12-22,True,False,26-35,1-3yr
EMP2221,Kelly Atkinson,Male,49.0,,Not Disclosed,Sales,Sales Executive,1,Human Resources,,6,80200.0,31.45,Yes,2.0,4.0,4.0,2.0,2.0,6.0,0,37.9,Travel_Rarely,Davisport,Kathleen Clark MD,No,,,False,False,46-65,3-6yr
EMP2111,Carl Hampton,Not Disclosed,28.0,,Single,IT,IT Support,1,Medical,,5,72100.0,98.72,Yes,3.0,1.0,2.0,1.0,4.0,3.0,0,,Non-Travel,South Brianside,Nancy Glenn,No,,,False,False,26-35,3-6yr
EMP1748,Katherine Young,Female,21.0,,Married,Human Resources,HR Manager,1,Technical Degree,,9,79250.0,71.64,No,1.0,4.0,4.0,,1.0,6.0,2,,Travel_Frequently,Millerton,Jacob Martinez,No,,,True,False,18-25,6+yr
EMP1882,Shannon Daniels,Not Disclosed,22.0,,Married,IT,Software Engineer,4,Human Resources,,9,28900.0,74.17,No,3.0,3.0,2.0,3.0,3.0,4.0,0,,Travel_Frequently,South Margaret,Audrey Rodriguez,No,,,False,False,18-25,6+yr
EMP1122,Dana Ross,Female,46.0,,Single,IT,Software Engineer,2,Marketing,,8,41500.0,68.59,Yes,1.0,2.0,,1.0,4.0,2.0,2,,Travel_Frequently,Webbtown,Jennifer Leonard,No,,,True,False,46-65,6+yr
EMP2123,Sylvia Chavez,Female,24.0,,Not Disclosed,IT,System Admin,1,Medical,,5,114000.0,37.31,No,3.0,3.0,1.0,4.0,4.0,1.0,2,,Travel_Rarely,Aguilarview,Kimberly Clark,No,,,False,False,18-25,3-6yr
EMP2465,William Johnson,Female,39.0,,Married,Human Resources,HR Executive,4,Technical Degree,,3,117500.0,95.31,No,3.0,2.0,4.0,,4.0,3.0,1,,Travel_Rarely,Karenside,Megan Mendoza,Yes,,,True,False,36-45,1-3yr
EMP1158,Katelyn Singleton,Female,39.0,,Not Disclosed,Finance,Finance Manager,1,Life Sciences,,2,66800.0,78.36,Yes,3.0,2.0,,4.0,2.0,0.0,2,35.9,Non-Travel,Weeksland,Margaret Huber,Yes,Better Opportunity,2023-05-04,True,False,36-45,1-3yr
EMP2367,Jesus Hall,Male,42.0,,Divorced,Human Resources,HR Executive,1,Human Resources,,6,68500.0,68.07,No,3.0,1.0,3.0,2.0,2.0,2.0,3,,Travel_Rarely,Millerland,Timothy Turner DDS,No,,,False,False,36-45,3-6yr
EMP1430,Timothy Hamilton,Not Disclosed,28.0,1973-05-03,Divorced,Marketing,Marketing Manager,4,Human Resources,,3,19800.0,88.16,Yes,3.0,4.0,4.0,2.0,0.0,3.0,3,13.1,Non-Travel,Hendersonburgh,Vanessa Johnson,No,,,False,False,26-35,1-3yr
EMP2239,Carl Oconnor,Male,31.0,1967-08-12,Married,Marketing,Marketing Manager,5,Technical Degree,,5,19700.0,69.57,Yes,1.0,4.0,1.0,3.0,1.0,1.0,1,,Non-Travel,West Keith,Jonathan Allison,No,,,False,False,26-35,3-6yr
EMP1199,Jerry Cruz,Female,22.0,,Married,Research & Development,Research Scientist,3,Business,,1,84300.0,87.52,No,2.0,,3.0,1.0,2.0,4.0,0,,Travel_Rarely,South Brianbury,Andrew Galvan,No,,,True,False,18-25,<1yr
EMP1924,Jennifer Pham,Male,45.0,1978-05-12,Not Disclosed,Finance,Financial Analyst,5,Human Resources,,6,83200.0,74.88,Yes,3.0,,,,0.0,4.0,1,,Travel_Frequently,Leonardfurt,Jay Wood,No,,,True,False,36-45,3-6yr
EMP1066,Alexander Carlson,Male,47.0,,Divorced,IT,Software Engineer,4,Technical Degree,,3,88500.0,64.87,Yes,5.0,1.0,2.0,3.0,3.0,3.0,2,,Travel_Frequently,South Shannon,Emily Wilson,No,,,False,False,46-65,1-3yr
EMP2288,Taylor Reynolds,Male,51.0,,Divorced,Finance,Accountant,1,Marketing,2016-08-04,8,119700.0,67.65,No,4.0,3.0,3.0,,2.0,5.0,1,33.7,Travel_Rarely,Catherinehaven,Katherine Sims,Yes,Better Opportunity,,True,False,46-65,6+yr
EMP1782,Rita Norton,Male,41.0,1985-04-18,Married,Human Resources,Recruiter,5,Technical Degree,,5,75100.0,54.61,Yes,1.0,,1.0,4.0,2.0,1.0,2,2.3,Non-Travel,South Jeffreytown,Audrey Fields,No,,,True,False,36-45,3-6yr
EMP1563,Jonathan Armstrong,Not Disclosed,21.0,,Single,Finance,Finance Manager,2,Life Sciences,,8,25100.0,88.52,No,3.0,2.0,3.0,2.0,2.0,3.0,1,24.4,Non-Travel,Annfort,Victoria Gray,Yes,Higher Salary,,False,False,18-25,6+yr
EMP1028,Anna Dyer,Female,37.0,1972-02-18,Divorced,Finance,Accountant,5,Medical,,3,43400.0,64.87,Yes,3.0,2.0,,,5.0,3.0,0,11.6,Travel_Frequently,East Jasmine,Jennifer Fisher MD,No,,,True,False,36-45,1-3yr
EMP2215,Heather Smith,Not Disclosed,38.0,1980-07-30,Single,Sales,Sales Manager,3,Life Sciences,2021-03-25,3,39200.0,44.42,Yes,4.0,3.0,3.0,3.0,0.0,6.0,3,17.4,Travel_Rarely,Smallshire,Lawrence Johnson,No,,,False,False,36-45,1-3yr
EMP1108,Heidi Roth,Male,43.0,,Married,Research & Development,Data Analyst,1,Human Resources,,1,94900.0,77.39,No,5.0,4.0,4.0,2.0,0.0,4.0,0,15.1,Travel_Rarely,Port Katelynfurt,Brian Johnson,Yes,Relocation,,False,False,36-45,<1yr
EMP1973,Robert Jones,Male,30.0,,Married,Human Resources,HR Manager,5,Human Resources,2022-10-02,2,69200.0,86.42,No,3.0,1.0,2.0,2.0,4.0,1.0,1,36.2,Travel_Rarely,East Ernestport,Robert Carpenter,No,,,False,False,26-35,1-3yr
EMP1211,Brooke Rodgers,Female,41.0,,Married,Research & Development,Lab Technician,2,Business,,4,17300.0,44.68,No,3.0,2.0,2.0,3.0,1.0,3.0,0,18.0,Non-Travel,New Mary,Michelle Scott,No,,,False,False,36-45,3-6yr
EMP1151,Donna Taylor,Female,58.0,,Divorced,Finance,Financial Analyst,1,Human Resources,,1,30500.0,77.52,No,3.0,3.0,2.0,2.0,1.0,3.0,2,28.6,Travel_Rarely,West Theresa,Kimberly Waters,Yes,Health Issues,,False,False,46-65,<1yr
EMP1041,Russell Mcclain,Male,47.0,,Married,Finance,Finance Manager,4,Medical,2021-08-08,3,60600.0,59.66,No,1.0,4.0,,3.0,3.0,2.0,1,1.6,Non-Travel,New Karen,Robin Smith,Yes,Health Issues,,True,False,46-65,1-3yr
EMP1265,Kelly Smith,Male,59.0,,Single,Finance,Financial Analyst,3,Human Resources,,5,54800.0,74.01,Yes,5.0,1.0,3.0,3.0,4.0,3.0,3,36.6,Travel_Frequently,New Michaelfort,Angela Waller,No,,,False,False,46-65,3-6yr
EMP2138,Julie Delgado,Not Disclosed,41.0,1982-06-01,Married,Marketing,Content Strategist,2,Marketing,2020-04-21,4,50295.0,56.73,No,3.0,,,1.0,3.0,0.0,0,,Travel_Frequently,Lake Robertfurt,Gina Hanson,No,,,True,True,36-45,3-6yr
EMP1914,James Khan,Female,29.0,,Divorced,Sales,Sales Manager,5,Business,,3,38100.0,51.66,No,1.0,,1.0,3.0,2.0,1.0,3,,Non-Travel,Justinfort,Eric Lee,No,,,True,False,26-35,1-3yr
EMP1670,Brandon Jones,Female,28.0,,Single,Marketing,Marketing Manager,2,Life Sciences,,1,47600.0,95.26,Yes,2.0,1.0,1.0,4.0,2.0,5.0,0,6.0,Non-Travel,Coreyton,Beth Romero,No,,,False,False,26-35,<1yr
EMP1846,Andrew Kim,Not Disclosed,25.0,,Single,Sales,Sales Executive,1,Business,,8,78800.0,34.8,No,3.0,2.0,2.0,,1.0,4.0,0,,Non-Travel,East Kathryn,Jeanette Hodges,No,,,True,False,18-25,6+yr
EMP1594,Laurie Wallace,Female,55.0,,Divorced,Marketing,Marketing Manager,2,Technical Degree,,3,100300.0,32.85,No,4.0,2.0,1.0,,5.0,3.0,0,39.6,Non-Travel,South Lori,Samuel Pollard,No,,,True,False,46-65,1-3yr
EMP2241,Sherry Hanson,Male,51.0,,Divorced,Research & Development,Research Scientist,3,Technical Degree,,5,75800.0,99.58,No,2.0,,1.0,2.0,5.0,4.0,0,21.5,Non-Travel,Hooverland,Kevin Shaw,No,,,True,False,46-65,3-6yr
EMP1632,Joshua Mosley,Female,46.0,,Single,Sales,Sales Executive,4,Human Resources,,4,43300.0,92.67,Yes,3.0,1.0,4.0,4.0,1.0,4.0,1,,Non-Travel,Nathanbury,Michael Kidd,No,,,False,False,46-65,3-6yr
EMP1550,Jeremy Lopez,Male,58.0,,Single,Marketing,Content Strategist,5,Marketing,,2,65600.0,65.19,No,3.0,1.0,,4.0,5.0,4.0,2,,Non-Travel,Noahland,Joanna Knight,No,,,True,False,46-65,1-3yr
EMP1317,Jo Potter,Male,24.0,,Not Disclosed,Finance,Financial Analyst,3,Human Resources,2021-07-23,3,95600.0,98.66,No,3.0,4.0,2.0,3.0,0.0,5.0,3,23.8,Non-Travel,Johnsonmouth,Mr. Timothy Nelson,No,,,False,False,18-25,1-3yr
EMP1478,Barbara Lewis,Female,38.0,1978-01-27,Married,Finance,Financial Analyst,4,Life Sciences,,6,57500.0,57.61,No,2.0,3.0,2.0,,5.0,6.0,2,3.0,Travel_Frequently,Alexisbury,William Allen,No,,,True,False,36-45,3-6yr
EMP1582,Virginia Lewis,Not Disclosed,41.0,1966-04-14,Single,Sales,Sales Executive,3,Medical,,7,33600.0,75.38,Yes,2.0,3.0,4.0,1.0,5.0,3.0,3,35.8,Travel_Frequently,Jeremyton,Andrew Mccall,No,,,False,False,36-45,6+yr
EMP2021,Juan Hess,Male,51.0,2003-06-30,Divorced,Research & Development,Data Analyst,3,Technical Degree,,2,77600.0,38.64,No,3.0,4.0,,4.0,2.0,5.0,0,8.8,Non-Travel,Williamton,Jessica Mahoney,Yes,Career Change,,True,False,46-65,1-3yr
EMP2461,David Perez,Female,41.0,,Married,Sales,Sales Representative,2,Marketing,,5,94900.0,75.42,Yes,5.0,2.0,,2.0,4.0,5.0,2,39.2,Non-Travel,Lake Brianport,Peter ReYes,Yes,,2019-08-02,True,False,36-45,3-6yr
EMP2103,Suzanne Maxwell,Male,40.0,1977-07-27,Divorced,Research & Development,Research Scientist,4,Business,,9,66350.0,69.82,No,5.0,,2.0,2.0,5.0,1.0,2,11.2,Travel_Frequently,Wilsonchester,Kimberly Ayala,No,,,True,False,36-45,6+yr
EMP1549,Jessica Reed,Male,33.0,,Married,Sales,Sales Representative,1,Medical,,6,28500.0,47.96,No,3.0,3.0,4.0,2.0,1.0,6.0,3,,Non-Travel,South Carl,Edgar Wilson,No,,,False,False,26-35,3-6yr
EMP2053,Melissa Alexander,Male,60.0,,Not Disclosed,Human Resources,HR Manager,2,Human Resources,,8,26700.0,82.06,No,5.0,4.0,,2.0,0.0,5.0,2,,Travel_Rarely,New Whitney,Jennifer Nichols,No,,,True,False,46-65,6+yr
EMP2340,Anna Fox,Not Disclosed,37.0,,Divorced,Research & Development,Lab Technician,2,Marketing,,4,107000.0,56.42,No,1.0,1.0,2.0,4.0,2.0,3.0,3,18.9,Non-Travel,Washingtonbury,Kristin Petty,No,,,False,False,36-45,3-6yr
EMP1304,Jorge Jackson,Not Disclosed,56.0,,Divorced,Marketing,Content Strategist,3,Human Resources,2021-12-05,3,83100.0,94.1,No,1.0,1.0,,4.0,2.0,3.0,2,26.5,Travel_Frequently,East Sara,Michelle Jones,No,,,True,False,46-65,1-3yr
EMP1004,Anthony Harris,Female,43.0,,Single,Sales,Sales Manager,4,Business,2018-11-06,6,21400.0,75.3,No,3.0,4.0,3.0,4.0,5.0,5.0,0,,Travel_Rarely,Stevenmouth,David White,No,,,False,False,36-45,3-6yr
EMP1074,Matthew Olson,Male,59.0,,Divorced,Finance,Finance Manager,4,Human Resources,,8,99800.0,78.2,Yes,3.0,3.0,4.0,2.0,4.0,0.0,2,33.5,Travel_Frequently,Stephensonland,Bradley Davis,No,,,False,False,46-65,6+yr
EMP1830,Joanna Meyers,Female,23.0,,Married,Marketing,Marketing Executive,2,Business,,2,76800.0,93.93,No,3.0,4.0,4.0,3.0,0.0,3.0,3,,Non-Travel,Sethton,Lauren Smith,No,,,False,False,18-25,1-3yr
EMP1793,Peter Hansen,Not Disclosed,41.0,2002-03-05,Not Disclosed,Sales,Sales Executive,2,Medical,2015-11-02,9,94300.0,55.98,No,5.0,2.0,4.0,1.0,0.0,0.0,2,,Non-Travel,Smithberg,Devin Jackson,Yes,Higher Salary,,False,False,36-45,6+yr
EMP1329,Andrew Booker,Not Disclosed,60.0,,Single,Research & Development,Data Analyst,2,Medical,,6,79700.0,96.76,No,4.0,1.0,2.0,2.0,5.0,5.0,2,12.1,Travel_Frequently,Davidfurt,Denise Jones,No,,,False,False,46-65,3-6yr
EMP1007,Theresa Wells,Female,34.0,,Single,Sales,Sales Executive,5,Medical,2015-07-19,9,114600.0,31.79,No,2.0,,4.0,2.0,5.0,4.0,2,19.7,Travel_Rarely,Deborahmouth,Michael Johnson,Yes,Health Issues,,True,False,26-35,6+yr
EMP1088,David Price,Female,42.0,,Divorced,IT,Software Engineer,3,Human Resources,,5,115600.0,47.45,No,3.0,1.0,3.0,1.0,4.0,2.0,0,13.6,Non-Travel,North Adam,Mrs. Jillian Montgomery,No,,,False,False,36-45,3-6yr
EMP1103,Barbara Vance,Male,41.0,,Married,Sales,Sales Manager,1,Business,,1,96500.0,52.47,No,1.0,1.0,,3.0,2.0,4.0,1,,Travel_Rarely,Jenniferview,Meghan Jennings,No,,,True,False,36-45,<1yr
EMP2396,Jessica Mcmillan,Male,57.0,,Single,Finance,Financial Analyst,5,Human Resources,,8,66500.0,75.7,No,2.0,,1.0,3.0,5.0,4.0,2,,Travel_Rarely,East Andrewport,Joseph Bryant,No,,,True,False,46-65,6+yr
EMP1555,Monica Davis,Female,40.0,,Married,Sales,Sales Manager,5,Human Resources,,8,54900.0,78.92,No,4.0,4.0,2.0,2.0,5.0,0.0,0,6.5,Travel_Frequently,Harrisstad,Stefanie Landry,No,,,False,False,36-45,6+yr
EMP2410,Crystal Flores,Male,58.0,,Divorced,Human Resources,Recruiter,2,Human Resources,,2,39000.0,58.24,Yes,3.0,2.0,3.0,4.0,2.0,6.0,0,39.0,Non-Travel,East Kaylachester,Sean Franklin,No,,,False,False,46-65,1-3yr
EMP1149,Rebecca Greene,Female,50.0,2000-05-27,Not Disclosed,Research & Development,Lab Technician,2,Marketing,,3,73300.0,93.59,No,3.0,,,2.0,0.0,0.0,0,,Non-Travel,Port Edwardport,Danielle Hughes,Yes,Retirement,2023-07-23,True,False,46-65,1-3yr
EMP2347,Jeffrey Blankenship,Female,30.0,,Married,Human Resources,HR Executive,1,Marketing,2022-01-25,2,21000.0,51.55,No,4.0,,3.0,2.0,4.0,1.0,2,6.6,Travel_Rarely,East Stephanie,Victor Jones,No,,,True,False,26-35,1-3yr
EMP1333,Alyssa Wagner,Female,42.0,1982-07-30,Single,IT,Software Engineer,5,Technical Degree,2015-07-27,9,27000.0,42.49,Yes,1.0,1.0,3.0,3.0,5.0,6.0,3,14.9,Non-Travel,Jennyshire,James Blevins,No,,,False,False,36-45,6+yr
EMP1161,Leah Alexander,Male,36.0,1991-09-21,Divorced,Marketing,Marketing Executive,3,Medical,,5,61300.0,81.97,Yes,3.0,4.0,4.0,3.0,3.0,6.0,3,,Non-Travel,Jonathanville,James Alexander,No,,,False,False,36-45,3-6yr
EMP2395,Mrs. Alexis Velazquez,Female,49.0,,Married,Marketing,Content Strategist,3,Human Resources,,2,65600.0,99.23,No,4.0,4.0,,2.0,3.0,2.0,0,,Travel_Rarely,East Robertberg,Elizabeth Brown,No,,,True,False,46-65,1-3yr
EMP1917,Valerie Griffith,Male,60.0,2002-03-02,Married,Sales,Sales Manager,2,Life Sciences,,6,27500.0,51.25,No,3.0,,,1.0,1.0,1.0,3,,Travel_Frequently,West Deanborough,Richard Cooper,Yes,Health Issues,,True,False,46-65,3-6yr
EMP2299,Helen Brown,Male,45.0,1999-07-25,Married,Finance,Finance Manager,1,Life Sciences,,4,102200.0,66.99,Yes,4.0,1.0,2.0,,2.0,2.0,2,37.2,Non-Travel,Bennettmouth,Ryan Gibbs,No,,,True,False,36-45,3-6yr
EMP2418,Dale Adkins,Male,45.0,,Married,IT,System Admin,4,Marketing,2017-09-17,7,31500.0,92.03,No,3.0,2.0,,,2.0,2.0,2,,Non-Travel,Robinsonfort,Mikayla Taylor,No,,,True,False,36-45,6+yr
EMP1621,Vincent Lawrence,Male,39.0,,Single,Finance,Finance Manager,2,Business,2015-07-27,9,19000.0,32.26,No,4.0,1.0,3.0,3.0,3.0,5.0,1,,Travel_Rarely,Tonyahaven,James Lutz,No,,,False,False,36-45,6+yr
EMP1082,Sean Barajas,Female,56.0,1980-03-03,Married,Human Resources,HR Manager,4,Marketing,,8,112100.0,57.31,No,2.0,1.0,3.0,2.0,5.0,0.0,3,,Non-Travel,Harristown,Christopher Wilson,No,,,False,False,46-65,6+yr
EMP2343,Angela Bird,Female,41.0,1981-03-06,Single,Human Resources,HR Executive,3,Technical Degree,,1,21300.0,53.3,Yes,2.0,,,3.0,2.0,6.0,1,,Travel_Rarely,East Karenmouth,James Dean,No,,,True,False,36-45,<1yr
EMP1145,Patrick Livingston,Not Disclosed,34.0,,Divorced,Sales,Sales Manager,4,Medical,,3,38500.0,78.59,No,4.0,2.0,2.0,4.0,2.0,6.0,0,,Travel_Rarely,Lake Katherine,Justin Jimenez,No,,,False,False,26-35,1-3yr
EMP1805,Melissa Farmer,Male,42.0,,Divorced,Marketing,Content Strategist,1,Marketing,,4,102900.0,98.83,Yes,3.0,1.0,4.0,1.0,1.0,2.0,0,34.0,Travel_Frequently,North Jillianmouth,Eduardo Davis,No,,,False,False,36-45,3-6yr
EMP2392,Edward Reid,Male,51.0,,Divorced,IT,IT Support,5,Human Resources,2021-11-29,3,118200.0,95.11,No,2.0,2.0,3.0,4.0,1.0,1.0,1,33.9,Non-Travel,Port Aaron,Victoria Hernandez,No,,,False,False,46-65,1-3yr
EMP1952,James Clark,Female,49.0,,Not Disclosed,Marketing,Content Strategist,1,Life Sciences,,3,68000.0,99.92,Yes,3.0,2.0,2.0,3.0,2.0,5.0,1,,Travel_Frequently,Jessefurt,Dawn Ross,No,,,False,False,46-65,1-3yr
EMP1841,Scott Davis,Female,28.0,,Single,Research & Development,Lab Technician,4,Business,,4,50100.0,85.14,Yes,1.0,,1.0,2.0,0.0,1.0,2,,Non-Travel,Tuckerhaven,Robert Hancock,Yes,Career Change,,True,False,26-35,3-6yr
EMP1703,Jose Padilla,Female,37.0,1996-11-11,Married,Sales,Sales Executive,1,Marketing,,1,42500.0,86.97,Yes,2.0,4.0,4.0,2.0,0.0,1.0,3,15.4,Non-Travel,Lake Michael,Ronald White,No,,,False,False,36-45,<1yr
EMP2029,Hannah White,Female,34.0,1986-07-07,Married,Research & Development,Research Scientist,1,Business,,6,86300.0,41.04,No,5.0,1.0,3.0,2.0,3.0,3.0,0,6.0,Non-Travel,Garciaburgh,Jordan Steele,No,,,False,False,26-35,3-6yr
EMP2219,James Parsons,Not Disclosed,32.0,1991-03-25,Married,Research & Development,Research Scientist,1,Medical,,1,66350.0,41.42,No,3.0,3.0,3.0,1.0,3.0,2.0,3,,Travel_Frequently,Natalieberg,Dr. Martin Elliott,No,,,False,False,26-35,<1yr
EMP1319,Mariah Ballard,Male,49.0,,Single,Research & Development,Research Scientist,5,Medical,,6,46700.0,76.52,Yes,5.0,,3.0,1.0,5.0,2.0,0,5.4,Non-Travel,Hannahview,Roy Simpson,No,,,True,False,46-65,3-6yr
EMP1002,Juan Brown,Female,23.0,,Divorced,Human Resources,Recruiter,1,Human Resources,,1,68500.0,42.65,Yes,5.0,2.0,3.0,1.0,4.0,1.0,0,,Non-Travel,New Brendaton,Amber Garrison,No,,,False,False,18-25,<1yr
EMP1891,Brandi Howard,Female,46.0,,Single,Human Resources,HR Executive,2,Technical Degree,,3,39500.0,82.08,Yes,3.0,1.0,2.0,1.0,1.0,1.0,3,,Non-Travel,Acostashire,Sharon Lee,No,,,False,False,46-65,1-3yr
EMP1501,Steve Lucas,Male,41.0,,Married,Human Resources,Recruiter,5,Business,2018-12-01,6,89600.0,81.85,Yes,3.0,3.0,4.0,3.0,2.0,1.0,3,10.7,Travel_Rarely,Crystalbury,Carolyn Reed,No,,,False,False,36-45,3-6yr
EMP2349,Amber Roberts,Male,40.0,,Divorced,IT,IT Support,2,Business,2022-06-09,2,24100.0,54.68,No,3.0,1.0,3.0,,4.0,3.0,0,31.9,Travel_Frequently,Jermainestad,Latoya Butler,No,,,True,False,36-45,1-3yr
EMP1505,Timothy Long,Male,23.0,,Married,Finance,Accountant,4,Technical Degree,,9,32800.0,52.54,No,1.0,2.0,3.0,1.0,2.0,3.0,1,,Non-Travel,Rhodesshire,Sandra Alvarez,No,,,False,False,18-25,6+yr
EMP2407,Kristin Smith,Female,35.0,,Single,Finance,Accountant,3,Human Resources,2016-04-18,8,17200.0,70.25,No,4.0,3.0,1.0,1.0,5.0,2.0,0,30.7,Travel_Rarely,South Edwin,Sheila Freeman,No,,,False,False,26-35,6+yr
EMP1848,Tara Harvey Phd,Female,59.0,,Married,Finance,Accountant,4,Life Sciences,,6,98600.0,62.3,Yes,5.0,4.0,3.0,2.0,2.0,2.0,0,18.1,Non-Travel,Williamsland,Frank Clarke,Yes,Relocation,,False,False,46-65,3-6yr
EMP1649,Angela Ruiz,Male,59.0,,Married,Finance,Finance Manager,1,Marketing,,2,69650.0,74.64,Yes,3.0,3.0,3.0,3.0,4.0,3.0,2,14.6,Non-Travel,Snowville,Jody Mcneil,No,,,False,False,46-65,1-3yr
EMP1720,Tiffany Romero,Female,34.0,,Married,Finance,Accountant,2,Medical,,5,114900.0,68.6,No,2.0,1.0,2.0,3.0,1.0,1.0,1,,Non-Travel,Whiteville,Jessica Burton,No,,,False,False,26-35,3-6yr
EMP2056,Bethany Martinez,Male,34.0,,Married,Human Resources,Recruiter,5,Business,,7,35600.0,89.05,No,2.0,4.0,4.0,4.0,2.0,1.0,0,,Non-Travel,North Lisastad,Stephanie Vaughn,No,,,False,False,26-35,6+yr
EMP1188,Autumn Sanders,Male,25.0,,Single,Marketing,Content Strategist,2,Technical Degree,,8,115400.0,77.42,Yes,3.0,1.0,,4.0,1.0,5.0,0,,Non-Travel,Moniqueville,Jesse Ellis,No,,,True,False,18-25,6+yr
EMP1601,Leonard Young,Female,21.0,1996-10-09,Married,Human Resources,Recruiter,1,Medical,,9,68000.0,69.35,Yes,3.0,1.0,3.0,,5.0,4.0,0,20.5,Travel_Rarely,Bellburgh,Gina Adams,No,,,True,False,18-25,6+yr
EMP1318,Thomas Romero,Female,27.0,,Single,Marketing,Marketing Executive,5,Life Sciences,,8,18900.0,87.81,Yes,5.0,2.0,,,3.0,6.0,1,11.5,Non-Travel,Courtneybury,Joshua Fisher,No,,,True,False,26-35,6+yr
EMP1878,David Reynolds,Female,49.0,,Single,Marketing,Marketing Executive,1,Human Resources,,3,111000.0,95.09,No,4.0,4.0,3.0,3.0,4.0,3.0,2,,Non-Travel,Robertsborough,Diana Osborn,Yes,,,False,False,46-65,1-3yr
EMP2357,Jared Harris,Male,31.0,,Not Disclosed,Sales,Sales Manager,3,Human Resources,,5,66400.0,99.91,No,3.0,1.0,3.0,3.0,2.0,3.0,1,,Travel_Frequently,Levinetown,Brian White,No,,,False,False,26-35,3-6yr
EMP1249,Christina Gross,Not Disclosed,46.0,2004-02-23,Not Disclosed,Marketing,Content Strategist,4,Human Resources,,4,43800.0,93.4,No,4.0,2.0,1.0,,1.0,3.0,1,39.8,Travel_Rarely,North Lisashire,Chad Lopez,No,,,True,False,46-65,3-6yr
EMP2417,Victor Bryant,Female,57.0,,Single,Marketing,Marketing Executive,3,Business,2023-08-15,1,24400.0,85.51,Yes,1.0,3.0,2.0,2.0,0.0,5.0,1,,Travel_Frequently,Ashleyport,Stephanie Little,No,,,False,False,46-65,<1yr
EMP1989,Jason Gray,Female,49.0,,Married,Marketing,Content Strategist,2,Business,,8,51200.0,89.32,No,3.0,1.0,3.0,2.0,0.0,5.0,1,33.3,Non-Travel,Robertbury,Molly Bradley,No,,,False,False,46-65,6+yr
EMP1181,Trevor Roberts,Female,51.0,1977-11-02,Single,Marketing,Content Strategist,3,Medical,,4,18100.0,64.12,Yes,4.0,,4.0,1.0,3.0,1.0,3,19.7,Travel_Rarely,North Brookehaven,Angela Garza,No,,,True,False,46-65,3-6yr
EMP1713,Jasmine Fletcher,Female,34.0,,Single,Human Resources,HR Manager,5,Business,2015-05-28,9,92100.0,61.67,No,2.0,4.0,4.0,2.0,2.0,1.0,0,,Travel_Frequently,Port Sarah,Jamie Morrison,No,,,False,False,26-35,6+yr
EMP2485,Brian Klein,Male,51.0,1972-05-14,Married,Human Resources,HR Executive,2,Marketing,,4,67000.0,67.28,No,3.0,3.0,,2.0,2.0,2.0,3,,Travel_Frequently,Lisaburgh,Kevin Gross,No,,,True,False,46-65,3-6yr
EMP2381,Robert Collins,Male,21.0,,Married,Human Resources,Recruiter,5,Technical Degree,,4,70500.0,38.57,No,4.0,1.0,3.0,2.0,2.0,3.0,3,24.0,Travel_Rarely,Amyhaven,David Bridges,No,,,False,False,18-25,3-6yr
EMP2128,Lori Lopez,Female,25.0,,Divorced,Human Resources,Recruiter,3,Marketing,,7,63600.0,58.31,No,3.0,,2.0,3.0,1.0,0.0,0,,Non-Travel,East Dominiqueville,Joseph Frazier,No,,,True,False,18-25,6+yr
EMP1344,Michael Reeves,Female,41.0,,Not Disclosed,IT,IT Support,5,Medical,,4,94800.0,87.82,No,2.0,3.0,2.0,,3.0,2.0,2,,Non-Travel,Obrienville,Linda Brown,No,,,True,False,36-45,3-6yr
EMP1187,Anna Chase,Female,30.0,,Single,Sales,Sales Manager,1,Life Sciences,,1,22400.0,90.93,No,1.0,,4.0,3.0,2.0,1.0,3,,Non-Travel,Kristenberg,Brian Jenkins,No,,,True,False,26-35,<1yr
EMP1476,Ashley Morris,Female,28.0,,Not Disclosed,Finance,Accountant,5,Marketing,,9,117200.0,66.15,No,3.0,2.0,,4.0,2.0,1.0,3,39.1,Travel_Frequently,East Andrew,Lisa Carter,No,,,True,False,26-35,6+yr
EMP2351,Patrick Anderson,Female,50.0,,Divorced,Sales,Sales Manager,1,Technical Degree,,5,83600.0,84.57,Yes,2.0,4.0,,3.0,2.0,5.0,0,14.9,Non-Travel,South Beverly,Daniel Gregory,No,,,True,False,46-65,3-6yr
EMP1850,Katherine Myers,Female,58.0,1995-10-20,Divorced,Sales,Sales Representative,1,Marketing,,4,75000.0,65.75,Yes,3.0,4.0,4.0,1.0,4.0,0.0,3,24.9,Non-Travel,Richardside,Elizabeth Smith,No,,,False,False,46-65,3-6yr
EMP2308,Angel Green,Not Disclosed,39.0,,Single,Sales,Sales Executive,1,Medical,,2,102900.0,47.51,Yes,1.0,1.0,1.0,,4.0,3.0,1,38.3,Non-Travel,Fostertown,Misty Huynh,No,,,True,False,36-45,1-3yr
EMP1885,Mary Wilcox,Male,22.0,,Married,Sales,Sales Representative,5,Marketing,2017-08-13,7,46800.0,56.79,No,5.0,,3.0,2.0,2.0,3.0,0,,Travel_Frequently,South Jadehaven,Gregory Costa,No,,,True,False,18-25,6+yr
EMP2318,Karen Cruz,Female,45.0,,Single,Research & Development,Research Scientist,4,Human Resources,,5,93200.0,83.34,No,3.0,4.0,1.0,1.0,2.0,5.0,0,,Non-Travel,Lanechester,Matthew Richards,No,,,False,False,36-45,3-6yr
EMP1167,Nicholas Carter,Not Disclosed,41.0,,Married,Research & Development,Research Scientist,1,Business,,9,87600.0,92.93,No,3.0,4.0,1.0,3.0,0.0,2.0,2,26.2,Travel_Frequently,Williammouth,Ronnie Rose,No,,,False,False,36-45,6+yr
EMP1842,Thomas Evans,Female,57.0,,Single,Finance,Financial Analyst,2,Medical,,5,89500.0,84.27,No,5.0,2.0,4.0,3.0,2.0,5.0,2,,Travel_Frequently,East Antoniochester,Mason Reed,No,,,False,False,46-65,3-6yr
EMP1087,Justin Todd,Female,28.0,,Not Disclosed,IT,Software Engineer,2,Medical,,2,93400.0,96.37,Yes,3.0,4.0,4.0,,2.0,0.0,3,38.8,Non-Travel,South Carolside,Paula Banks,No,,,True,False,26-35,1-3yr
EMP2457,Jackson Wilcox,Male,45.0,,Married,Human Resources,HR Executive,4,Human Resources,,2,63915.0,53.91,No,2.0,4.0,,4.0,1.0,2.0,0,,Non-Travel,North Aimeefurt,Blake Crawford,No,,,True,False,36-45,1-3yr
EMP1916,Anita Walker,Not Disclosed,51.0,1982-09-03,Divorced,Sales,Sales Manager,3,Business,,2,46700.0,90.83,Yes,4.0,2.0,4.0,3.0,0.0,0.0,2,17.2,Non-Travel,Melissamouth,Taylor Brown,No,,,False,False,46-65,1-3yr
EMP2375,Angela Warren,Male,45.0,,Divorced,Research & Development,Data Analyst,2,Technical Degree,2023-11-30,1,48900.0,57.88,Yes,5.0,1.0,3.0,2.0,2.0,2.0,1,24.6,Travel_Rarely,Stephaniefurt,Nathan Schwartz,No,,,False,False,36-45,<1yr
EMP2284,Adam Cummings,Female,22.0,,Married,Marketing,Marketing Manager,2,Technical Degree,2022-11-19,2,66800.0,68.13,No,3.0,4.0,4.0,2.0,2.0,4.0,0,,Travel_Frequently,Chelseaberg,Alison Garcia,No,,,False,False,18-25,1-3yr
EMP2182,Paul Sparks,Male,32.0,,Married,Finance,Finance Manager,2,Technical Degree,,3,32000.0,30.82,Yes,3.0,4.0,1.0,2.0,2.0,2.0,3,,Non-Travel,New Ronaldhaven,Michael Morgan,No,,,False,False,26-35,1-3yr
EMP1862,Andrew Wilson,Male,37.0,,Single,IT,Software Engineer,2,Business,,8,20100.0,66.19,No,5.0,4.0,2.0,1.0,2.0,3.0,1,,Travel_Rarely,Rebeccaville,Tina Lee,No,,,False,False,36-45,6+yr
EMP1734,Malik Burgess,Male,40.0,1965-10-07,Divorced,Human Resources,HR Executive,2,Medical,2023-09-14,1,107000.0,52.55,Yes,5.0,4.0,3.0,,0.0,4.0,3,9.1,Non-Travel,Angelatown,Monica Monroe,No,,,True,False,36-45,<1yr
EMP1124,Teresa Stone,Female,57.0,1969-08-30,Married,Research & Development,Data Analyst,1,Business,,4,111900.0,52.51,No,3.0,1.0,4.0,4.0,4.0,5.0,1,20.5,Non-Travel,Lake Thomas,Jacqueline Cooper,Yes,Career Change,,False,False,46-65,3-6yr
EMP1671,Paul Huff,Male,32.0,1969-05-15,Married,Finance,Accountant,5,Human Resources,2017-12-12,7,73000.0,31.7,No,3.0,2.0,1.0,3.0,3.0,5.0,3,4.2,Travel_Frequently,North Richardmouth,Dennis Fields,No,,,False,False,26-35,6+yr
EMP1731,Felicia Johnson,Female,46.0,,Married,IT,IT Support,2,Human Resources,,6,16400.0,77.08,No,5.0,3.0,3.0,4.0,0.0,2.0,2,,Travel_Rarely,Christopherport,Lynn Allen,No,,,False,False,46-65,3-6yr
EMP1244,Samuel Sanchez,Not Disclosed,43.0,,Divorced,Human Resources,HR Executive,3,Technical Degree,,3,31400.0,59.75,No,4.0,,2.0,2.0,5.0,3.0,2,23.3,Travel_Frequently,Brucemouth,Sophia Patton,No,,,True,False,36-45,1-3yr
EMP1949,Andrew Deleon,Female,51.0,1982-09-24,Divorced,Sales,Sales Manager,1,Human Resources,,6,60600.0,56.49,No,3.0,1.0,3.0,1.0,4.0,6.0,2,22.4,Non-Travel,New Tylertown,Patrick Blake,No,,,False,False,46-65,3-6yr
EMP1986,James Valdez,Male,52.0,,Married,IT,IT Support,4,Medical,2020-07-21,4,39000.0,39.49,Yes,3.0,2.0,2.0,4.0,1.0,1.0,1,10.9,Travel_Frequently,New Patriciatown,Lisa Lucas,Yes,Relocation,,False,False,46-65,3-6yr
EMP2057,Mary Walker,Male,57.0,,Divorced,Sales,Sales Executive,5,Technical Degree,,3,74200.0,76.92,No,5.0,3.0,3.0,2.0,0.0,3.0,0,33.5,Non-Travel,Burnettton,Christy Byrd,No,,,False,False,46-65,1-3yr
EMP1232,Jose Chapman,Not Disclosed,39.0,1968-10-30,Married,Finance,Accountant,2,Business,,6,105500.0,61.85,Yes,3.0,3.0,2.0,2.0,2.0,6.0,2,25.8,Travel_Frequently,Port Scotthaven,Michelle Sherman,No,,,False,False,36-45,3-6yr
EMP2200,Jennifer Romero,Female,52.0,1969-01-30,Married,Marketing,Content Strategist,2,Business,,1,69800.0,63.19,Yes,3.0,3.0,4.0,2.0,0.0,3.0,0,19.9,Non-Travel,Christensenburgh,Elizabeth Moody,No,,,False,False,46-65,<1yr
EMP2015,Edward Clark,Female,54.0,,Single,Human Resources,HR Executive,4,Technical Degree,,3,63915.0,49.61,No,3.0,2.0,1.0,4.0,4.0,4.0,0,,Non-Travel,Derrickside,Larry Green,No,,,False,False,46-65,1-3yr
EMP1372,Joanna Horn,Male,46.0,,Married,Human Resources,HR Executive,1,Medical,,1,50700.0,76.57,No,2.0,4.0,2.0,2.0,2.0,0.0,2,11.8,Non-Travel,West Kaitlyn,Teresa Morales,No,,,False,False,46-65,<1yr
EMP2359,Brian Ruiz,Female,51.0,,Single,Human Resources,Recruiter,3,Business,,3,33400.0,58.76,No,5.0,1.0,2.0,,0.0,2.0,1,,Travel_Rarely,Parkerborough,Amanda Mooney,No,,,True,False,46-65,1-3yr
EMP2106,Stacy Baker,Female,27.0,,Single,Research & Development,Data Analyst,1,Technical Degree,,2,76400.0,42.67,No,3.0,3.0,2.0,4.0,0.0,6.0,2,,Travel_Frequently,Simpsonmouth,Amy Douglas MD,No,,,False,False,26-35,1-3yr
EMP1236,Tiffany Bowen,Not Disclosed,50.0,,Married,Finance,Accountant,1,Medical,2020-06-07,4,49900.0,46.83,No,4.0,2.0,3.0,,1.0,6.0,0,,Travel_Frequently,West Anaville,Thomas Sanchez,No,,,True,False,46-65,3-6yr
EMP1263,James Perry,Female,29.0,,Married,Research & Development,Data Analyst,4,Technical Degree,,4,21000.0,30.65,Yes,5.0,4.0,2.0,2.0,2.0,0.0,0,4.7,Non-Travel,Maciaston,Christina Burton,No,,,False,False,26-35,3-6yr
EMP1058,Sarah Salas,Female,36.0,,Single,Marketing,Marketing Executive,2,Business,,9,78300.0,41.26,Yes,2.0,3.0,1.0,2.0,5.0,1.0,1,16.0,Non-Travel,Donaldsonfort,James Mcintosh,No,,,False,False,36-45,6+yr
EMP1250,Sheri Bowman,Male,21.0,,Married,Finance,Financial Analyst,3,Technical Degree,,8,30000.0,75.97,No,3.0,1.0,4.0,4.0,5.0,5.0,1,14.1,Travel_Rarely,Mindytown,Jennifer Shelton,No,,,False,False,18-25,6+yr
EMP1029,Jacob Morgan,Male,40.0,,Divorced,IT,System Admin,1,Life Sciences,,3,112700.0,89.88,No,2.0,1.0,2.0,2.0,1.0,1.0,3,4.3,Travel_Rarely,Riveraport,William Kramer,Yes,Higher Salary,,False,False,36-45,1-3yr
EMP1675,Anthony Yang,Female,31.0,,Single,Research & Development,Lab Technician,3,Marketing,2021-08-02,3,47200.0,78.28,No,3.0,3.0,4.0,1.0,2.0,6.0,3,,Travel_Frequently,Paynestad,Andrew Lozano,No,,,False,False,26-35,1-3yr
EMP1020,Alyssa Garza Dds,Not Disclosed,21.0,1991-11-09,Single,Finance,Finance Manager,1,Technical Degree,2020-07-02,4,69650.0,46.3,Yes,5.0,2.0,,4.0,2.0,5.0,3,6.8,Travel_Rarely,Sandovalstad,Joshua Smith,No,,,True,False,18-25,3-6yr
EMP2092,Ryan Diaz Dds,Female,41.0,,Married,IT,Software Engineer,4,Marketing,2016-07-10,8,76600.0,66.73,Yes,3.0,2.0,1.0,2.0,3.0,4.0,3,1.9,Non-Travel,Jameshaven,Stacy Davis,No,,,False,False,36-45,6+yr
EMP1350,Joseph Byrd,Not Disclosed,52.0,,Divorced,IT,IT Support,3,Medical,,7,19400.0,44.63,No,2.0,,3.0,1.0,0.0,2.0,3,37.4,Travel_Frequently,North Michaelport,Edward Snyder,No,,,True,False,46-65,6+yr
EMP1493,Dustin Parker,Female,57.0,2003-07-31,Married,Finance,Finance Manager,1,Business,,4,74500.0,77.2,Yes,2.0,4.0,4.0,3.0,5.0,0.0,1,,Non-Travel,Salazarberg,Jamie Drake,Yes,Better Opportunity,,False,False,46-65,3-6yr
EMP2172,Sandra Martinez,Male,41.0,,Married,Research & Development,Research Scientist,2,Medical,2017-01-08,7,78100.0,82.84,No,3.0,4.0,1.0,,2.0,6.0,2,,Non-Travel,South Zachary,Rebecca Mills,No,,,True,False,36-45,6+yr
EMP2012,Hannah Garrett,Male,33.0,,Divorced,IT,System Admin,1,Life Sciences,,8,20700.0,32.86,Yes,3.0,4.0,1.0,3.0,2.0,3.0,3,,Travel_Frequently,Port Christopher,Ronald Sanchez,No,,,False,False,26-35,6+yr
EMP2159,Christopher Michael,Female,46.0,1996-05-28,Married,Human Resources,HR Manager,5,Life Sciences,,1,28500.0,45.87,Yes,3.0,3.0,,2.0,0.0,3.0,3,,Travel_Frequently,Allenhaven,Matthew Wheeler,No,,,True,False,46-65,<1yr
EMP1212,Michael Bailey,Male,56.0,1965-08-29,Single,Finance,Financial Analyst,1,Business,,2,105200.0,59.56,No,3.0,2.0,,2.0,2.0,0.0,0,3.2,Travel_Rarely,Rachelshire,David Rodriguez,Yes,Career Change,2024-01-08,True,False,46-65,1-3yr
EMP1394,Darrell Wise,Female,54.0,1998-09-13,Divorced,Marketing,Marketing Manager,4,Human Resources,,3,113400.0,74.98,Yes,2.0,4.0,,1.0,3.0,2.0,3,,Travel_Frequently,Randyhaven,Lee Davis,Yes,Health Issues,,True,False,46-65,1-3yr
EMP1597,Michael Hamilton,Female,41.0,,Married,Finance,Financial Analyst,4,Marketing,,7,51400.0,57.68,No,1.0,2.0,1.0,3.0,1.0,6.0,1,,Travel_Frequently,North Mackenzie,Erin Wright,No,,,False,False,36-45,6+yr
EMP2328,Jason Lynch,Female,26.0,,Single,Finance,Finance Manager,2,Marketing,2018-07-13,6,80100.0,98.93,No,1.0,,,1.0,2.0,2.0,2,27.6,Travel_Rarely,East Alexandriamouth,Michelle Neal,No,,,True,False,26-35,3-6yr
EMP1816,Jason Abbott,Male,25.0,1968-01-17,Divorced,Research & Development,Data Analyst,1,Human Resources,,1,90600.0,49.0,Yes,3.0,,3.0,3.0,3.0,0.0,1,,Travel_Frequently,Shelbyberg,Jonathan Robinson,Yes,,2024-11-10,True,False,18-25,<1yr
EMP1604,Robert Camacho,Female,52.0,,Married,Research & Development,Lab Technician,2,Life Sciences,,5,64250.0,98.47,No,1.0,,2.0,,0.0,0.0,0,14.0,Travel_Rarely,Port Patricia,Kimberly Phillips,No,,,True,False,46-65,3-6yr
EMP2071,Jennifer Gutierrez,Male,45.0,,Single,Finance,Financial Analyst,5,Human Resources,2019-06-15,5,70300.0,58.86,No,3.0,3.0,2.0,4.0,1.0,0.0,1,32.2,Travel_Frequently,Aaronton,Victoria Dunlap,No,,,False,False,36-45,3-6yr
EMP1810,Kelly Shelton,Female,38.0,2001-05-23,Married,Research & Development,Research Scientist,4,Life Sciences,,5,66350.0,63.13,No,4.0,,1.0,,0.0,1.0,1,,Non-Travel,South Erin,Abigail Dominguez,No,,,True,False,36-45,3-6yr
EMP2391,Tyler Alvarado,Male,31.0,2001-06-18,Divorced,Marketing,Marketing Executive,3,Medical,,2,65800.0,91.08,No,3.0,4.0,1.0,2.0,2.0,5.0,3,,Non-Travel,East Andrewstad,Chad Hill,No,,,False,False,26-35,1-3yr
EMP1052,James Blanchard,Male,37.0,,Single,Marketing,Content Strategist,2,Technical Degree,,2,78100.0,93.53,No,3.0,,4.0,4.0,2.0,0.0,0,18.1,Non-Travel,Gentryside,Michelle Williams,No,,,True,False,36-45,1-3yr
EMP1820,Roger Moore,Male,38.0,,Divorced,Sales,Sales Representative,2,Life Sciences,2022-02-03,2,29100.0,33.98,Yes,4.0,2.0,,3.0,2.0,4.0,3,,Travel_Frequently,South Megan,David Johnson,No,,,True,False,36-45,1-3yr
EMP1607,Brent White,Female,52.0,,Divorced,Finance,Financial Analyst,3,Human Resources,2018-10-17,6,23000.0,62.27,Yes,2.0,3.0,3.0,2.0,2.0,2.0,0,29.6,Non-Travel,Loganberg,Denise Martinez,No,,,False,False,46-65,3-6yr
EMP2319,Richard Odom,Female,41.0,,Divorced,IT,IT Support,5,Medical,2015-12-29,9,45000.0,52.9,Yes,5.0,,4.0,1.0,4.0,0.0,0,16.6,Non-Travel,Jamesville,Anthony Moore,No,,,True,False,36-45,6+yr
EMP1686,Michelle Kemp,Female,41.0,,Not Disclosed,Human Resources,HR Manager,4,Medical,,8,15900.0,49.5,No,3.0,4.0,2.0,4.0,4.0,1.0,0,,Travel_Frequently,Port Daniel,Lauren Gray,No,,,False,False,36-45,6+yr
EMP1059,Savannah Compton,Male,38.0,1975-07-24,Married,Human Resources,HR Manager,4,Life Sciences,2015-12-25,9,56900.0,78.54,Yes,3.0,3.0,4.0,1.0,1.0,4.0,3,1.2,Non-Travel,East Alexandra,Teresa Griffith,No,,,False,False,36-45,6+yr
EMP1709,Theresa Massey,Male,41.0,1966-08-08,Married,Marketing,Marketing Manager,4,Technical Degree,,8,76500.0,51.76,Yes,4.0,3.0,2.0,1.0,1.0,5.0,3,,Travel_Rarely,Morganview,Jessica Coleman,No,,,False,False,36-45,6+yr
EMP1358,David Johnson,Male,56.0,,Divorced,Human Resources,HR Executive,2,Life Sciences,,8,19000.0,83.51,Yes,5.0,1.0,,3.0,0.0,6.0,2,19.5,Travel_Rarely,Christineshire,Benjamin Jones,No,,,True,False,46-65,6+yr
EMP1983,Robert Jennings,Female,38.0,,Single,Research & Development,Data Analyst,5,Business,,3,95500.0,67.81,Yes,5.0,2.0,3.0,1.0,1.0,1.0,2,4.9,Non-Travel,South Manuel,Kelly Brewer,No,,,False,False,36-45,1-3yr
EMP1049,Aaron Vasquez,Female,31.0,,Married,Marketing,Marketing Executive,4,Life Sciences,2017-09-19,7,61300.0,84.75,No,3.0,3.0,1.0,1.0,5.0,5.0,3,,Travel_Rarely,South Maurice,Ryan Smith,No,,,False,False,26-35,6+yr
EMP2275,David Waters,Male,49.0,1977-05-06,Single,Human Resources,Recruiter,2,Technical Degree,,4,108300.0,57.77,No,5.0,2.0,1.0,,5.0,4.0,1,,Travel_Rarely,Daisystad,Danielle Lopez,No,,,True,False,46-65,3-6yr
EMP1043,Joseph Sanchez,Male,57.0,,Not Disclosed,Human Resources,HR Manager,3,Life Sciences,,5,40900.0,32.88,Yes,3.0,1.0,3.0,1.0,3.0,3.0,2,,Non-Travel,Lake Sarahside,Joseph Reese,No,,,False,False,46-65,3-6yr
EMP2338,Ryan Wheeler,Not Disclosed,50.0,1992-08-18,Single,IT,Software Engineer,4,Human Resources,,1,118300.0,71.42,No,3.0,1.0,,,3.0,2.0,3,,Travel_Rarely,East Randall,Steven Willis,No,,,True,False,46-65,<1yr
EMP1753,Julie Sanchez,Female,52.0,,Single,IT,Software Engineer,4,Life Sciences,,5,76000.0,66.3,Yes,1.0,,3.0,4.0,2.0,0.0,2,35.4,Non-Travel,Erikport,Jaime Rich,No,,,True,False,46-65,3-6yr
EMP2005,Sandra Adams,Male,58.0,,Married,Finance,Finance Manager,4,Marketing,2022-07-03,2,61900.0,86.31,Yes,3.0,1.0,4.0,,4.0,5.0,3,,Travel_Rarely,New Alec,Donald Cervantes,No,,,True,False,46-65,1-3yr
EMP2083,Alexis Bond,Female,58.0,1968-07-23,Not Disclosed,Human Resources,HR Manager,3,Human Resources,2016-01-03,9,89600.0,31.86,Yes,3.0,2.0,4.0,1.0,2.0,2.0,2,,Non-Travel,East Melissa,Scott Young,No,,,False,False,46-65,6+yr
EMP1996,Paul Adams,Female,58.0,,Single,Sales,Sales Representative,4,Technical Degree,,7,41500.0,40.1,Yes,5.0,4.0,3.0,4.0,1.0,1.0,0,,Non-Travel,Lake Troy,Scott Patel,No,,,False,False,46-65,6+yr
EMP1417,Lindsey Hall,Male,27.0,,Married,Finance,Accountant,4,Life Sciences,,4,23500.0,83.18,No,3.0,3.0,2.0,1.0,2.0,5.0,2,21.3,Non-Travel,North Kimmouth,Carol Patton,No,,,False,False,26-35,3-6yr
EMP1488,Kimberly Jensen,Female,31.0,,Married,Human Resources,Recruiter,3,Life Sciences,2020-02-21,4,68500.0,89.03,No,2.0,,3.0,3.0,2.0,0.0,2,12.8,Non-Travel,Lake Scott,Lacey Mullins,No,,,True,False,26-35,3-6yr
EMP1127,Robert Myers,Male,60.0,,Not Disclosed,Human Resources,HR Manager,5,Marketing,,8,109800.0,66.99,Yes,3.0,2.0,4.0,4.0,1.0,5.0,3,,Non-Travel,Port Laurenborough,Justin Perez,No,,,False,False,46-65,6+yr
EMP2324,Sara Crawford,Female,33.0,2000-04-02,Single,Sales,Sales Representative,3,Technical Degree,,6,18900.0,62.02,No,5.0,,,1.0,2.0,6.0,3,2.9,Travel_Rarely,Duranside,David Nelson,No,,,True,False,26-35,3-6yr
EMP2124,Mr. Billy Rodriguez,Female,53.0,1983-06-23,Married,Research & Development,Lab Technician,1,Business,,9,98600.0,87.56,Yes,2.0,1.0,1.0,4.0,1.0,4.0,3,16.2,Travel_Frequently,Rossshire,Alicia Rodriguez,No,,,False,False,46-65,6+yr
EMP2366,Brenda Vincent,Male,40.0,1989-02-14,Married,Sales,Sales Representative,2,Business,,9,58300.0,61.35,No,4.0,1.0,2.0,3.0,3.0,4.0,0,19.8,Travel_Frequently,Mejiamouth,Ashley Ward,No,,,False,False,36-45,6+yr
EMP2493,Dana Lewis,Male,30.0,,Married,Human Resources,HR Executive,4,Business,,7,101800.0,32.19,No,4.0,3.0,3.0,,4.0,3.0,0,,Travel_Frequently,Youngside,Nancy Santiago,No,,,True,False,26-35,6+yr
EMP1479,Dana Matthews,Male,42.0,,Married,Sales,Sales Executive,2,Marketing,,9,45600.0,70.6,No,2.0,4.0,2.0,2.0,3.0,3.0,1,,Travel_Frequently,Josephfort,Adam Alvarado,No,,,False,False,36-45,6+yr
EMP1353,David Anderson,Female,51.0,,Single,IT,IT Support,4,Medical,2022-08-12,2,88700.0,57.32,No,5.0,1.0,4.0,,2.0,3.0,0,16.5,Travel_Frequently,West Patrickburgh,William Valdez,No,,,True,True,46-65,1-3yr
EMP1313,Lisa English,Female,25.0,,Divorced,Marketing,Marketing Manager,4,Life Sciences,,5,22500.0,66.49,No,1.0,,2.0,2.0,2.0,5.0,3,13.7,Travel_Frequently,Port Maria,Joseph Smith,No,,,True,False,18-25,3-6yr
EMP2174,Virginia Berger,Male,50.0,,Divorced,Finance,Finance Manager,5,Marketing,2022-04-02,2,118200.0,55.71,Yes,1.0,4.0,,4.0,4.0,3.0,2,,Travel_Frequently,West Oscar,Melinda Hogan,No,,,True,False,46-65,1-3yr
EMP2236,Richard Ponce Jr.,Female,41.0,,Divorced,Human Resources,HR Executive,2,Medical,2019-04-26,5,85900.0,60.32,Yes,5.0,4.0,2.0,4.0,3.0,5.0,0,20.7,Travel_Rarely,Tamaraville,Ronald Boyle,No,,,False,False,36-45,3-6yr
EMP2131,Ms. Audrey Barnett Dds,Male,59.0,,Divorced,Sales,Sales Manager,2,Medical,,6,102800.0,85.02,Yes,4.0,3.0,1.0,2.0,2.0,4.0,3,,Non-Travel,West Amyside,Noah Thornton,No,,,False,False,46-65,3-6yr
EMP2481,Zachary Levy,Male,50.0,,Divorced,IT,IT Support,2,Marketing,,5,93800.0,96.67,No,2.0,3.0,2.0,1.0,1.0,3.0,1,,Travel_Rarely,North Wendyside,Patricia Martin,No,,,False,False,46-65,3-6yr
EMP1302,Angela Lane,Female,48.0,,Not Disclosed,Research & Development,Data Analyst,5,Medical,,4,110900.0,36.3,No,1.0,2.0,4.0,,2.0,0.0,1,3.0,Non-Travel,Port Johnmouth,Mrs. Lisa Holt,No,,,True,False,46-65,3-6yr
EMP2054,Edward Butler Md,Male,60.0,,Single,Finance,Accountant,3,Human Resources,2023-01-06,1,83700.0,88.49,No,3.0,,1.0,3.0,2.0,1.0,2,20.3,Travel_Rarely,Meganstad,Troy Taylor,Yes,Better Opportunity,,True,False,46-65,<1yr
EMP1120,Charles Munoz,Male,36.0,1981-10-22,Single,Marketing,Marketing Manager,2,Marketing,,3,43700.0,99.4,Yes,5.0,,,,1.0,0.0,0,,Non-Travel,Haynesshire,Jennifer Perez,No,,,True,False,36-45,1-3yr
EMP1288,Belinda Taylor,Female,24.0,2000-10-25,Divorced,Finance,Finance Manager,2,Life Sciences,,2,69650.0,44.42,Yes,3.0,,4.0,4.0,1.0,0.0,2,22.7,Non-Travel,Whiteside,Carly Walker,No,,,True,False,18-25,1-3yr
EMP1579,Charles Hurst,Male,44.0,,Not Disclosed,Human Resources,HR Executive,5,Technical Degree,,4,38400.0,86.32,Yes,3.0,2.0,2.0,3.0,2.0,4.0,0,10.5,Travel_Rarely,South Robert,April Barnes,No,,,False,False,36-45,3-6yr
EMP1911,Timothy Barnes,Male,40.0,,Single,Research & Development,Lab Technician,4,Human Resources,,1,68700.0,87.59,No,4.0,,2.0,3.0,3.0,2.0,3,,Travel_Frequently,Nathantown,Jennifer Pacheco,Yes,,,True,False,36-45,<1yr
EMP1982,Thomas Parker,Male,41.0,,Married,Finance,Accountant,5,Technical Degree,,6,65900.0,74.45,Yes,3.0,2.0,2.0,1.0,3.0,6.0,2,29.8,Travel_Frequently,East Dustinburgh,Joann Aguilar,No,,,False,False,36-45,3-6yr
EMP1783,Nicole Hawkins,Female,45.0,1968-07-02,Single,Finance,Finance Manager,2,Human Resources,,3,69650.0,33.15,No,3.0,3.0,3.0,1.0,1.0,3.0,0,7.3,Non-Travel,Aprilburgh,Taylor Graham,No,,,False,False,36-45,1-3yr
EMP1340,Cheryl Ramirez,Male,41.0,1998-03-21,Single,Finance,Financial Analyst,3,Life Sciences,,5,68300.0,44.56,Yes,2.0,1.0,4.0,2.0,5.0,4.0,2,,Travel_Frequently,Martinchester,Adam Lewis,No,,,False,False,36-45,3-6yr
EMP1870,Hunter Montoya,Female,37.0,,Married,Finance,Finance Manager,5,Marketing,2018-07-08,6,112200.0,69.31,Yes,2.0,3.0,2.0,3.0,4.0,6.0,3,,Non-Travel,North Mariaberg,Ashley Butler,No,,,False,False,36-45,3-6yr
EMP1031,Joshua Robertson,Male,24.0,,Single,Research & Development,Research Scientist,4,Marketing,,7,66800.0,80.28,Yes,3.0,4.0,2.0,1.0,2.0,4.0,0,9.0,Travel_Frequently,Brianburgh,Benjamin Mays,No,,,False,False,18-25,6+yr
EMP1054,Jennifer Allen,Female,36.0,1984-12-12,Single,Marketing,Marketing Executive,3,Technical Degree,2021-01-06,3,61300.0,44.35,Yes,3.0,4.0,3.0,1.0,2.0,4.0,2,,Travel_Frequently,East Dawnland,Taylor Crawford,No,,,False,False,36-45,1-3yr
EMP2440,Vicki Henson,Female,24.0,1998-05-08,Divorced,Finance,Accountant,1,Human Resources,,2,27000.0,67.03,No,5.0,,3.0,4.0,0.0,0.0,3,13.8,Travel_Frequently,Thomasport,William Mosley,Yes,Higher Salary,,True,False,18-25,1-3yr
EMP1202,Donna Hoffman,Female,44.0,,Single,Human Resources,HR Manager,4,Marketing,,5,115200.0,74.7,Yes,4.0,3.0,3.0,3.0,5.0,5.0,0,24.4,Travel_Frequently,Rogersland,Jennifer Durham,No,,,False,False,36-45,3-6yr
EMP1928,Jacqueline Walker,Male,33.0,,Divorced,Research & Development,Research Scientist,4,Business,,1,66350.0,95.44,No,3.0,4.0,1.0,,4.0,6.0,3,,Travel_Rarely,Port Johnfurt,Jason Reynolds,No,,,True,False,26-35,<1yr
EMP1412,Belinda Rocha,Male,39.0,,Single,Research & Development,Lab Technician,4,Life Sciences,,4,73600.0,95.14,No,5.0,1.0,4.0,1.0,2.0,6.0,1,8.6,Travel_Frequently,Johnsonberg,Joseph Hoover,Yes,Retirement,,False,False,36-45,3-6yr
EMP2303,Diana Little,Female,21.0,,Single,IT,System Admin,4,Marketing,2015-01-07,9,111100.0,92.32,Yes,2.0,,4.0,2.0,1.0,3.0,1,,Non-Travel,Collinsport,Tracie Smith,No,,,True,False,18-25,6+yr
EMP1379,Jill Porter,Not Disclosed,36.0,,Married,Finance,Financial Analyst,1,Human Resources,,3,90000.0,72.19,Yes,1.0,,,,0.0,6.0,0,,Travel_Frequently,Rachelside,Billy Merritt,No,,,True,False,36-45,1-3yr
EMP1065,Philip Phillips,Male,34.0,,Single,IT,Software Engineer,2,Medical,,5,51400.0,44.6,No,3.0,,2.0,,5.0,1.0,2,8.7,Non-Travel,East Todd,Kurt Weeks,Yes,,,True,False,26-35,3-6yr
EMP2148,Jason Johnson,Female,30.0,,Married,Finance,Accountant,2,Medical,,8,73200.0,76.96,Yes,3.0,1.0,2.0,1.0,5.0,3.0,1,,Non-Travel,North Valerie,Catherine Strickland,No,,,False,False,26-35,6+yr
EMP1903,Robert Juarez,Male,59.0,1983-02-05,Single,Research & Development,Lab Technician,2,Business,,5,111400.0,89.08,No,3.0,4.0,3.0,3.0,4.0,3.0,1,3.4,Non-Travel,New Donald,Jacqueline Hart,No,,,False,False,46-65,3-6yr
EMP1179,Joseph Jones,Female,27.0,,Single,Finance,Financial Analyst,1,Human Resources,,5,68300.0,53.49,Yes,1.0,2.0,1.0,1.0,1.0,4.0,2,8.0,Travel_Frequently,East Donaldfurt,Madeline Lamb,Yes,Better Opportunity,,False,False,26-35,3-6yr
EMP1764,Priscilla Hughes,Female,33.0,,Not Disclosed,Research & Development,Lab Technician,4,Medical,,1,81800.0,92.44,No,3.0,,,2.0,2.0,5.0,0,34.4,Travel_Frequently,Delgadostad,Amanda White,No,,,True,False,26-35,<1yr
EMP1229,Breanna Grimes,Male,58.0,1986-11-02,Single,Research & Development,Research Scientist,1,Medical,,4,51500.0,58.47,No,3.0,2.0,4.0,4.0,1.0,0.0,1,,Non-Travel,East Erika,Bradley Guerrero,No,,,False,False,46-65,3-6yr
EMP2449,Mrs. Amanda Walker,Not Disclosed,44.0,2003-04-18,Married,IT,IT Support,1,Medical,,4,36900.0,39.31,No,2.0,,1.0,3.0,5.0,3.0,1,,Travel_Frequently,Tracychester,Kimberly Sosa,No,,,True,False,36-45,3-6yr
EMP1081,Marissa Sanders,Male,49.0,,Single,Research & Development,Lab Technician,4,Medical,,1,17700.0,88.77,Yes,3.0,2.0,3.0,4.0,0.0,5.0,3,36.2,Travel_Rarely,Robertton,Keith Howard,No,,,False,False,46-65,<1yr
EMP2291,Vanessa Hunter,Male,49.0,1992-07-01,Divorced,Sales,Sales Representative,3,Medical,,2,58300.0,39.39,No,3.0,3.0,4.0,2.0,2.0,2.0,0,22.1,Travel_Rarely,Halltown,Miranda Butler,No,,,False,False,46-65,1-3yr
EMP1339,Susan Norton Dds,Female,41.0,,Divorced,IT,System Admin,3,Business,,8,89500.0,69.46,No,3.0,,2.0,2.0,1.0,4.0,3,,Travel_Rarely,New Annahaven,Hector Douglas,No,,,True,False,36-45,6+yr
EMP1163,Paula Rubio,Male,45.0,,Married,Marketing,Marketing Executive,5,Human Resources,,6,78800.0,51.65,Yes,3.0,,1.0,3.0,0.0,1.0,0,,Travel_Rarely,Lake Charlesmouth,Brian Diaz,Yes,Career Change,,True,False,36-45,3-6yr
EMP2371,Audrey Hall Dds,Female,35.0,2002-09-27,Married,Research & Development,Data Analyst,1,Technical Degree,2018-07-26,6,107300.0,98.69,No,1.0,,2.0,3.0,4.0,3.0,1,10.8,Travel_Frequently,West Alexandria,Robert Gibson,Yes,Health Issues,,True,False,26-35,3-6yr
EMP1361,Daniel Hughes,Male,35.0,1996-12-31,Single,Marketing,Marketing Manager,3,Business,2015-12-17,9,49500.0,66.01,Yes,3.0,1.0,,2.0,2.0,4.0,3,9.0,Travel_Frequently,Port Michael,Mario Singleton,No,,,True,False,26-35,6+yr
EMP1902,Matthew Gardner,Not Disclosed,48.0,,Single,Sales,Sales Representative,4,Marketing,,3,46900.0,50.22,Yes,3.0,,2.0,2.0,0.0,6.0,1,,Travel_Rarely,New Cathy,Charles Rowe,No,,,True,False,46-65,1-3yr
EMP1375,Christopher Clayton,Male,29.0,,Single,IT,IT Support,1,Medical,,4,61700.0,55.33,No,1.0,2.0,,3.0,4.0,2.0,3,,Non-Travel,Catherinefort,Michelle Taylor,No,,,True,False,26-35,3-6yr
EMP2295,Mark Chapman,Male,24.0,,Divorced,IT,Software Engineer,4,Business,,7,35100.0,59.9,No,5.0,4.0,3.0,,5.0,2.0,3,21.2,Non-Travel,Lake Lisatown,Cody Gilbert,No,,,True,False,18-25,6+yr
EMP1328,Daniel Daniel,Female,51.0,,Married,Research & Development,Research Scientist,4,Medical,2021-02-10,3,102200.0,70.17,No,5.0,2.0,2.0,4.0,2.0,3.0,0,,Non-Travel,East Jeffrey,Cynthia Martinez,No,,,False,False,46-65,1-3yr
EMP1800,Donald Santiago,Male,27.0,1982-04-25,Single,Sales,Sales Representative,1,Medical,2021-05-11,3,106800.0,98.67,Yes,1.0,3.0,1.0,,1.0,4.0,1,21.9,Travel_Rarely,Sharonstad,Alisha Henry,No,,,True,False,26-35,1-3yr
EMP1285,Sean Pham,Not Disclosed,22.0,1999-11-20,Married,Research & Development,Data Analyst,5,Technical Degree,,7,117300.0,96.97,Yes,5.0,1.0,,2.0,0.0,3.0,3,,Travel_Frequently,East Brett,Jacqueline Marshall,No,,,True,False,18-25,6+yr
EMP1856,Melinda Oneill,Female,48.0,,Single,IT,Software Engineer,2,Marketing,,1,94900.0,40.68,No,4.0,1.0,1.0,,4.0,3.0,0,15.3,Travel_Frequently,New Melissa,Kyle Gray,No,,,True,False,46-65,<1yr
EMP2220,Angela Ramirez,Not Disclosed,47.0,1985-02-15,Not Disclosed,Marketing,Marketing Executive,5,Human Resources,,2,32900.0,62.41,No,1.0,,,4.0,2.0,5.0,0,,Travel_Rarely,New Kimberly,Gregory Ford,No,,,True,False,46-65,1-3yr
EMP2101,Thomas Hernandez,Female,45.0,1980-01-28,Married,IT,System Admin,5,Life Sciences,,1,66000.0,45.41,No,2.0,1.0,1.0,2.0,4.0,0.0,2,26.2,Non-Travel,Williammouth,Angela Landry,No,,,False,False,36-45,<1yr
EMP1426,Chad Strong,Male,55.0,2004-08-21,Married,Finance,Finance Manager,5,Technical Degree,2020-07-18,4,19200.0,40.48,Yes,3.0,,4.0,4.0,2.0,4.0,3,7.7,Travel_Rarely,Alexanderview,Steven Bailey,No,,,True,False,46-65,3-6yr
EMP1210,Heather Fuller,Male,28.0,1972-11-20,Married,Finance,Accountant,4,Marketing,,8,69800.0,54.49,Yes,3.0,3.0,4.0,1.0,2.0,4.0,3,,Travel_Rarely,Lake Erica,Lee Jordan,No,,,False,False,26-35,6+yr
EMP1906,Donald Brown,Female,38.0,,Single,Finance,Financial Analyst,3,Human Resources,,3,109900.0,85.36,Yes,3.0,1.0,1.0,4.0,2.0,3.0,2,35.1,Travel_Rarely,Whiteport,Kayla Chandler,Yes,Higher Salary,,False,False,36-45,1-3yr
EMP2117,Micheal Watkins,Female,51.0,,Married,Sales,Sales Executive,3,Medical,,5,55200.0,83.29,No,1.0,2.0,,4.0,3.0,6.0,0,19.7,Travel_Rarely,Deborahmouth,Wendy Williams,No,,,True,False,46-65,3-6yr
EMP1098,Karen Taylor,Not Disclosed,53.0,,Single,Human Resources,Recruiter,4,Life Sciences,,7,79400.0,75.51,No,3.0,,3.0,2.0,5.0,3.0,2,11.7,Travel_Frequently,South Cody,Shelby Casey,No,,,True,False,46-65,6+yr
EMP1284,Abigail Hinton,Female,33.0,1976-08-09,Divorced,Marketing,Marketing Executive,5,Business,2017-05-12,7,50400.0,37.17,No,5.0,3.0,3.0,1.0,3.0,1.0,0,,Non-Travel,Patrickport,Jennifer Williams,Yes,Health Issues,,False,False,26-35,6+yr
EMP2156,Billy Wang,Female,21.0,,Divorced,Finance,Financial Analyst,1,Business,,1,74500.0,63.49,No,3.0,2.0,,,2.0,0.0,3,,Travel_Frequently,Port Catherine,Daniel Murphy,Yes,Retirement,2024-12-21,True,False,18-25,<1yr
EMP1762,Betty Butler,Male,56.0,,Divorced,IT,Software Engineer,1,Human Resources,,3,57900.0,94.24,Yes,2.0,4.0,2.0,4.0,0.0,2.0,3,,Travel_Rarely,Mackfort,Chelsea Crawford,No,,,False,False,46-65,1-3yr
EMP1643,Stacy Parker,Male,27.0,1999-07-21,Married,Research & Development,Research Scientist,2,Business,,3,56400.0,90.84,No,3.0,2.0,2.0,4.0,5.0,2.0,2,34.6,Travel_Frequently,South Sarah,Brandon Rodriguez,No,,,False,False,26-35,1-3yr
EMP2110,Alicia Hale,Female,27.0,,Married,Human Resources,HR Manager,4,Medical,2022-12-09,2,107100.0,61.65,Yes,3.0,,,1.0,5.0,0.0,0,12.5,Travel_Rarely,Fisherville,Kristen Hernandez,No,,,True,False,26-35,1-3yr
EMP2432,James Diaz,Not Disclosed,23.0,,Single,IT,IT Support,2,Medical,2021-11-15,3,56300.0,41.66,Yes,3.0,,1.0,4.0,5.0,6.0,1,7.2,Non-Travel,Foleyview,Shelly Gomez,No,,,True,False,18-25,1-3yr
EMP2161,Michelle White,Male,44.0,1966-12-25,Married,Sales,Sales Manager,3,Life Sciences,,4,87000.0,37.47,Yes,5.0,2.0,1.0,1.0,5.0,1.0,2,7.1,Travel_Rarely,Brianbury,Krystal Wilson,No,,,False,False,36-45,3-6yr
EMP1988,Mathew Ramos,Male,23.0,,Married,Human Resources,HR Manager,5,Medical,2022-09-19,2,45900.0,74.58,Yes,3.0,4.0,3.0,2.0,3.0,0.0,1,31.9,Non-Travel,South Michaelshire,Charles Suarez,No,,,False,False,18-25,1-3yr
EMP2373,Cynthia Joyce,Male,54.0,,Married,Sales,Sales Executive,2,Medical,,5,91500.0,96.15,Yes,3.0,4.0,1.0,4.0,3.0,3.0,0,,Travel_Rarely,Kingborough,Andrew Sloan,No,,,False,False,46-65,3-6yr
EMP1972,Meghan Fowler,Not Disclosed,31.0,,Married,IT,IT Support,4,Marketing,,8,29600.0,34.24,Yes,4.0,2.0,2.0,2.0,4.0,1.0,1,,Travel_Frequently,Camposton,Brittany Bowen,No,,,False,False,26-35,6+yr
EMP2380,Thomas Mcintosh,Female,41.0,,Single,Marketing,Content Strategist,4,Technical Degree,2022-12-20,2,33600.0,87.54,No,3.0,2.0,2.0,1.0,5.0,2.0,1,38.5,Non-Travel,Kathrynville,Roberto Schmidt,No,,,False,False,36-45,1-3yr
EMP1425,Brianna Diaz,Female,25.0,,Married,IT,IT Support,4,Business,,2,110800.0,77.65,Yes,3.0,2.0,3.0,4.0,3.0,3.0,3,34.5,Travel_Rarely,West Laurie,Juan Curtis,No,,,False,False,18-25,1-3yr
EMP2195,Margaret Blackburn,Male,45.0,,Single,Sales,Sales Manager,5,Business,2022-10-14,2,74450.0,76.35,No,2.0,3.0,4.0,1.0,2.0,3.0,0,20.0,Non-Travel,West Gabrielside,Crystal King,No,,,False,False,36-45,1-3yr
EMP2390,Stephanie Foster,Male,59.0,,Married,Research & Development,Lab Technician,4,Technical Degree,,9,64250.0,51.12,No,3.0,2.0,3.0,3.0,4.0,6.0,1,6.4,Travel_Frequently,Paulbury,John Khan,No,,,False,False,46-65,6+yr
EMP2126,Randy Espinoza,Male,31.0,1967-04-16,Not Disclosed,Research & Development,Research Scientist,2,Life Sciences,,1,64500.0,52.99,Yes,1.0,2.0,,4.0,5.0,2.0,3,17.9,Travel_Rarely,Wendyhaven,Fernando Brown,No,,,True,False,26-35,<1yr
EMP1362,Brandon Patton,Male,38.0,1992-02-01,Single,Marketing,Marketing Manager,4,Technical Degree,,7,68400.0,73.58,Yes,2.0,4.0,2.0,3.0,2.0,1.0,3,35.4,Non-Travel,Henryberg,Dr. Anthony King,No,,,False,False,36-45,6+yr
EMP1624,Kristopher Morgan,Female,58.0,,Married,Research & Development,Research Scientist,5,Business,,7,70200.0,58.63,No,5.0,,,1.0,4.0,5.0,2,34.7,Non-Travel,East Susanmouth,David White,No,,,True,False,46-65,6+yr
EMP1896,Eric Spencer,Female,45.0,,Married,Marketing,Marketing Manager,5,Marketing,,8,113900.0,61.02,No,3.0,4.0,,2.0,0.0,3.0,3,,Non-Travel,East Jessestad,Phillip Acosta,No,,,True,False,36-45,6+yr
EMP1598,Douglas Reed,Male,57.0,,Divorced,Marketing,Marketing Manager,1,Human Resources,,2,104800.0,97.84,No,4.0,1.0,2.0,,2.0,3.0,0,,Travel_Frequently,New Bradleyburgh,Sharon Miller,No,,,True,False,46-65,1-3yr
EMP1336,Natalie Ayala,Female,54.0,,Divorced,Finance,Finance Manager,4,Technical Degree,2021-10-18,3,69300.0,32.22,Yes,4.0,4.0,1.0,3.0,2.0,3.0,0,,Travel_Frequently,Julietown,Miranda Ball,No,,,False,False,46-65,1-3yr
EMP1133,Rachel Roberson,Male,30.0,,Single,Marketing,Marketing Executive,2,Human Resources,,3,87800.0,99.37,No,2.0,1.0,1.0,,2.0,0.0,0,,Non-Travel,Lake Maryville,Deborah Young,No,,,True,False,26-35,1-3yr
EMP1459,Jose Hebert,Male,43.0,,Not Disclosed,Research & Development,Lab Technician,2,Business,,5,112400.0,60.27,Yes,3.0,4.0,,,0.0,1.0,1,30.8,Travel_Rarely,Port Colleen,Jonathon Rogers,No,,,True,False,36-45,3-6yr
EMP1354,Pamela Copeland,Female,30.0,2005-05-23,Divorced,IT,IT Support,4,Technical Degree,,3,61700.0,88.71,Yes,3.0,2.0,1.0,1.0,1.0,3.0,0,21.7,Travel_Rarely,Lindatown,David Mercado,Yes,Retirement,2023-02-07,False,False,26-35,1-3yr
EMP1073,Patricia Lawson,Female,44.0,,Single,Human Resources,HR Executive,3,Business,,7,81100.0,63.39,No,3.0,4.0,3.0,,2.0,4.0,2,,Non-Travel,Kristenland,Jenna Moore,No,,,True,False,36-45,6+yr
EMP1960,Michael Cruz,Not Disclosed,48.0,,Married,Marketing,Content Strategist,5,Business,,7,32200.0,32.82,Yes,3.0,2.0,4.0,1.0,5.0,4.0,2,23.0,Travel_Frequently,West Kevin,Shane Gray,Yes,Retirement,,False,False,46-65,6+yr
EMP1144,Jessica Smith,Female,33.0,,Married,Marketing,Content Strategist,4,Business,,1,31300.0,94.67,No,1.0,2.0,4.0,3.0,2.0,3.0,2,28.6,Travel_Frequently,East Mollyberg,Donald Carroll,No,,,False,True,26-35,<1yr
EMP2355,Nancy Pitts,Female,42.0,,Single,Human Resources,HR Executive,3,Technical Degree,2017-09-29,7,109200.0,39.56,No,3.0,3.0,,4.0,0.0,5.0,2,,Travel_Rarely,East Nicholaston,Melissa Morgan,No,,,True,False,36-45,6+yr
EMP2271,Kayla Woodward,Female,59.0,,Divorced,Research & Development,Data Analyst,4,Life Sciences,,1,57800.0,89.22,Yes,4.0,1.0,1.0,3.0,5.0,4.0,1,,Travel_Frequently,West Kimberly,Elizabeth Hammond,No,,,False,False,46-65,<1yr
EMP1877,Ebony Reilly,Female,51.0,1994-04-14,Married,Sales,Sales Executive,1,Life Sciences,,5,74150.0,85.44,No,3.0,4.0,2.0,2.0,4.0,4.0,0,35.5,Travel_Frequently,South Marcfort,Jose Manning,No,,,False,False,46-65,3-6yr
EMP2315,Karen Blackburn,Not Disclosed,23.0,1994-01-02,Single,Marketing,Marketing Executive,5,Business,2023-04-19,1,74400.0,53.41,No,2.0,3.0,1.0,4.0,3.0,2.0,1,21.5,Non-Travel,Fergusonbury,Steve Hunt,No,,,False,False,18-25,<1yr
EMP2388,Nicholas Rogers,Male,57.0,,Single,IT,System Admin,5,Human Resources,,4,75600.0,35.67,No,3.0,,2.0,4.0,2.0,5.0,1,1.6,Non-Travel,South Valerie,Thomas Tyler,Yes,Relocation,,True,False,46-65,3-6yr
EMP1381,Kaitlyn Powers,Male,43.0,,Single,Sales,Sales Manager,5,Life Sciences,2015-02-01,9,113800.0,88.93,Yes,1.0,2.0,3.0,3.0,1.0,0.0,0,,Non-Travel,Morganburgh,Frederick Maddox,No,,,False,False,36-45,6+yr
EMP1772,Lindsey Scott,Male,51.0,,Divorced,Human Resources,HR Executive,4,Technical Degree,,5,83160.0,72.15,Yes,5.0,2.0,2.0,1.0,2.0,1.0,3,,Non-Travel,Brownfurt,Jason Hatfield,No,,,False,True,46-65,3-6yr
EMP1290,Matthew Scott,Not Disclosed,46.0,,Married,IT,Software Engineer,4,Life Sciences,,3,90800.0,64.7,No,5.0,1.0,3.0,1.0,1.0,0.0,1,,Non-Travel,Port Brian,Amanda Huff,No,,,False,False,46-65,1-3yr
EMP1315,Paul King,Male,58.0,,Married,IT,System Admin,5,Technical Degree,2019-08-17,5,45200.0,31.26,No,1.0,4.0,1.0,,3.0,1.0,3,32.6,Non-Travel,Seanport,Matthew Welch,No,,,True,False,46-65,3-6yr
EMP2479,Alexander Wilkins,Female,41.0,1977-01-20,Single,Finance,Accountant,1,Technical Degree,2022-04-27,2,48300.0,43.83,No,1.0,3.0,,4.0,3.0,3.0,1,4.8,Travel_Frequently,Lake Kevinbury,Casey Jackson,No,,,True,False,36-45,1-3yr
EMP1486,Megan Crawford,Female,56.0,,Divorced,Human Resources,HR Manager,3,Medical,2016-10-11,8,36200.0,60.99,No,3.0,1.0,4.0,3.0,1.0,6.0,3,6.5,Non-Travel,North Deanna,Deanna Newman,No,,,False,False,46-65,6+yr
EMP1905,Paula Johnson,Not Disclosed,41.0,,Married,Sales,Sales Manager,5,Technical Degree,,3,31900.0,37.02,No,3.0,4.0,,3.0,5.0,5.0,2,,Travel_Rarely,Hendersonchester,Christopher Little,No,,,True,False,36-45,1-3yr
EMP1819,Jennifer Mack,Male,53.0,,Not Disclosed,Research & Development,Research Scientist,4,Business,2018-10-24,6,66350.0,69.12,No,3.0,2.0,,4.0,5.0,2.0,0,,Non-Travel,Jensenchester,David Ortiz,No,,,True,False,46-65,3-6yr
EMP2160,Holly Tucker,Male,36.0,1971-04-27,Single,Human Resources,HR Manager,1,Medical,,8,119700.0,74.98,No,2.0,4.0,2.0,2.0,3.0,3.0,2,35.2,Non-Travel,Lake Barbara,Christy Johnson,No,,,False,False,36-45,6+yr
EMP1335,Michelle Gibson,Male,52.0,,Single,Research & Development,Data Analyst,3,Medical,,8,76400.0,73.57,Yes,3.0,3.0,3.0,,3.0,4.0,2,,Travel_Rarely,Martinborough,Alice Waters,Yes,Career Change,,True,False,46-65,6+yr
EMP1209,Donald Johnson,Male,50.0,1992-10-21,Divorced,Research & Development,Data Analyst,4,Technical Degree,,4,76400.0,76.39,No,1.0,2.0,3.0,4.0,2.0,5.0,1,14.3,Non-Travel,Pennytown,Melissa Wright,No,,,False,False,46-65,3-6yr
EMP2066,Julie Chan,Male,49.0,1991-01-19,Married,IT,IT Support,3,Human Resources,,7,61700.0,30.35,No,4.0,2.0,,1.0,0.0,1.0,0,,Travel_Frequently,Port Ivan,Carrie Andersen,No,,,True,False,46-65,6+yr
EMP1408,Susan Leon,Female,44.0,1999-04-29,Single,IT,Software Engineer,4,Business,,1,58200.0,91.08,Yes,2.0,,,1.0,3.0,1.0,2,18.5,Non-Travel,Theodoremouth,Sheila Lewis,No,,,True,False,36-45,<1yr
EMP2258,Paul Ross,Male,31.0,,Married,Research & Development,Lab Technician,1,Marketing,,9,68700.0,86.1,No,2.0,4.0,3.0,4.0,4.0,3.0,0,,Travel_Frequently,South Thomas,Sean Floyd,No,,,False,False,26-35,6+yr
EMP1553,Donna Pitts,Male,39.0,,Single,Marketing,Marketing Manager,2,Medical,2020-04-21,4,40800.0,33.71,Yes,3.0,1.0,1.0,2.0,5.0,0.0,0,24.3,Travel_Rarely,East Samantha,Shelia Gutierrez,No,,,False,False,36-45,3-6yr
EMP1963,Mr. Benjamin Fields Dds,Male,48.0,,Single,Marketing,Marketing Manager,1,Business,2017-03-16,7,72300.0,51.24,No,4.0,1.0,1.0,1.0,5.0,2.0,2,33.5,Travel_Frequently,Smithport,Troy Taylor,No,,,False,False,46-65,6+yr
EMP2350,Kristin Flores,Not Disclosed,41.0,1980-04-17,Married,IT,IT Support,1,Human Resources,,8,106500.0,38.03,Yes,3.0,1.0,1.0,2.0,3.0,4.0,0,,Non-Travel,New Brianna,Christopher Brown,No,,,False,False,36-45,6+yr
EMP1155,Brittany Williams,Not Disclosed,36.0,2005-07-04,Divorced,Human Resources,HR Manager,3,Marketing,,6,53000.0,54.61,No,5.0,4.0,3.0,4.0,2.0,3.0,1,16.2,Travel_Rarely,West Cynthialand,Kyle Cooper,No,,,False,False,36-45,3-6yr
EMP1689,Raymond Torres,Female,33.0,,Married,Sales,Sales Representative,1,Marketing,2019-05-17,5,42100.0,88.27,Yes,4.0,,2.0,,1.0,5.0,0,1.3,Travel_Frequently,Brandonchester,Mr. Joseph White,No,,,True,False,26-35,3-6yr
EMP1176,Stephen Weaver,Female,55.0,,Single,Human Resources,HR Manager,1,Human Resources,,7,26000.0,59.75,Yes,3.0,1.0,,1.0,3.0,2.0,1,21.7,Travel_Frequently,Francisburgh,Alicia Reid,No,,,True,False,46-65,6+yr
EMP1008,Christopher Wilson,Female,40.0,,Married,Finance,Finance Manager,2,Human Resources,2021-11-29,3,36500.0,55.32,No,5.0,1.0,,3.0,5.0,1.0,2,21.2,Travel_Frequently,Lake John,Angela Cole,Yes,Retirement,,True,False,36-45,1-3yr
EMP1293,Gary Morales,Not Disclosed,42.0,,Not Disclosed,Human Resources,HR Executive,3,Human Resources,,6,109600.0,48.72,Yes,3.0,3.0,4.0,2.0,2.0,4.0,3,9.3,Non-Travel,Lake Sheila,Donna Bailey,No,,,False,False,36-45,3-6yr
EMP2398,John Reyes,Female,42.0,,Single,Research & Development,Data Analyst,3,Medical,,5,116300.0,75.92,Yes,3.0,2.0,2.0,,2.0,1.0,1,,Non-Travel,Port Daltonton,David Rios,No,,,True,False,36-45,3-6yr
EMP1491,Christina Roach,Not Disclosed,38.0,,Married,Finance,Financial Analyst,4,Technical Degree,,9,37100.0,74.86,Yes,1.0,,2.0,3.0,4.0,0.0,0,,Non-Travel,Nathanland,Nathan Williams,No,,,True,False,36-45,6+yr
EMP1153,Paul Conner,Female,37.0,,Not Disclosed,Human Resources,HR Manager,5,Business,2015-10-16,9,56200.0,85.56,No,3.0,3.0,4.0,4.0,0.0,3.0,2,,Non-Travel,Kelseybury,Joseph Green,No,,,False,False,36-45,6+yr
EMP1588,Joan Petersen,Male,47.0,,Single,Human Resources,Recruiter,5,Business,,1,17800.0,48.16,No,2.0,2.0,4.0,3.0,3.0,6.0,3,,Travel_Rarely,Hughesbury,Robert Clarke,No,,,False,False,46-65,<1yr
EMP1251,Anthony Perry,Male,39.0,,Single,Sales,Sales Representative,1,Marketing,2020-08-20,4,96800.0,79.34,Yes,4.0,,4.0,1.0,0.0,3.0,2,,Travel_Frequently,Kimberlyfurt,Adam Schaefer,Yes,Higher Salary,2021-10-03,True,False,36-45,3-6yr
EMP2265,Teresa Sullivan,Female,41.0,,Married,Finance,Financial Analyst,4,Marketing,2023-11-05,1,24500.0,55.16,No,2.0,,1.0,1.0,2.0,1.0,2,,Non-Travel,New Paulbury,Jason Shea,No,,,True,False,36-45,<1yr
EMP1761,Tanya Johnson,Male,40.0,1975-10-09,Married,Marketing,Content Strategist,1,Marketing,,5,104200.0,69.85,No,3.0,3.0,4.0,2.0,2.0,0.0,2,13.0,Non-Travel,Heathertown,Robert Cunningham,No,,,False,False,36-45,3-6yr
EMP1449,Larry Evans,Male,43.0,,Divorced,Research & Development,Lab Technician,5,Business,,7,44800.0,47.89,Yes,1.0,2.0,4.0,1.0,2.0,1.0,0,,Non-Travel,South Alejandroside,Jose Bates,No,,,False,False,36-45,6+yr
EMP1239,Angela Oliver,Female,28.0,1991-05-29,Married,Human Resources,HR Manager,1,Medical,,4,84800.0,55.25,Yes,2.0,2.0,4.0,2.0,2.0,5.0,0,2.1,Travel_Frequently,Poncemouth,Shane Bishop,No,,,False,False,26-35,3-6yr
EMP1360,Steven Scott,Female,36.0,,Single,Human Resources,HR Manager,1,Medical,,3,50100.0,52.71,No,3.0,,3.0,1.0,2.0,4.0,2,25.7,Non-Travel,South Veronica,Shannon Murray,No,,,True,False,36-45,1-3yr
EMP1079,Hannah Johnson,Not Disclosed,51.0,,Single,Human Resources,Recruiter,3,Human Resources,,9,94600.0,62.95,Yes,3.0,4.0,1.0,3.0,3.0,6.0,1,18.2,Non-Travel,Benjaminborough,Sabrina Ortiz,No,,,False,False,46-65,6+yr
EMP1228,Sharon Mccann,Female,30.0,,Married,Marketing,Marketing Executive,4,Human Resources,,4,41600.0,76.89,No,5.0,4.0,3.0,1.0,4.0,3.0,1,,Travel_Frequently,Lake Ericaport,Jennifer Richardson,No,,,False,False,26-35,3-6yr
EMP2142,Shelby Alvarez,Male,43.0,1982-09-15,Married,Human Resources,Recruiter,3,Life Sciences,,4,103400.0,42.6,Yes,4.0,2.0,3.0,1.0,4.0,2.0,0,10.7,Travel_Frequently,New Jeffrey,Wendy Wilson,No,,,False,False,36-45,3-6yr
EMP2455,Morgan Fox,Male,49.0,,Divorced,IT,System Admin,5,Business,,1,44400.0,68.3,Yes,1.0,4.0,2.0,4.0,5.0,6.0,3,10.1,Non-Travel,Stevensmouth,Anna Williams,Yes,,,False,False,46-65,<1yr
EMP1117,Michael Anthony,Male,28.0,,Divorced,Sales,Sales Representative,3,Life Sciences,,8,72600.0,37.91,No,2.0,3.0,3.0,2.0,5.0,3.0,0,,Travel_Rarely,Lake Mark,Garrett Lopez,Yes,Health Issues,,False,False,26-35,6+yr
EMP1324,Sarah Martinez,Not Disclosed,42.0,,Divorced,IT,IT Support,2,Medical,2015-02-08,9,116900.0,45.15,Yes,4.0,4.0,2.0,4.0,2.0,3.0,1,29.7,Travel_Frequently,Michaelstad,Benjamin Dunn,Yes,Health Issues,,False,False,36-45,6+yr
EMP1147,Sandy Lynch,Male,24.0,,Divorced,Human Resources,HR Manager,3,Medical,2023-07-15,1,97700.0,86.63,No,5.0,4.0,1.0,,0.0,2.0,3,19.0,Travel_Rarely,Harrisonburgh,Robert Cox,No,,,True,False,18-25,<1yr
EMP1440,Cindy Pena,Female,53.0,,Married,Finance,Accountant,5,Business,2018-05-02,6,65900.0,95.05,No,3.0,2.0,3.0,3.0,2.0,0.0,0,33.8,Travel_Frequently,Mackview,Scott Morales,No,,,False,False,46-65,3-6yr
EMP2486,Bailey Gonzalez,Not Disclosed,40.0,,Single,Finance,Finance Manager,5,Business,,5,53800.0,61.8,Yes,3.0,2.0,1.0,,3.0,4.0,2,,Travel_Rarely,Wendyside,Terrence Evans,No,,,True,False,36-45,3-6yr
EMP2136,Mark Ramos Dvm,Male,46.0,,Married,Sales,Sales Executive,2,Marketing,,4,114300.0,53.29,No,5.0,3.0,2.0,4.0,4.0,3.0,3,35.9,Travel_Rarely,West Danamouth,Stephanie Williamson,No,,,False,False,46-65,3-6yr
EMP1174,Brian King,Male,52.0,,Married,Sales,Sales Executive,1,Life Sciences,2015-04-09,9,86700.0,44.97,No,4.0,4.0,,,5.0,3.0,0,36.6,Non-Travel,Lake Joanneview,Kyle Ray,No,,,True,False,46-65,6+yr
EMP1746,David Bush,Female,57.0,,Married,Sales,Sales Representative,4,Marketing,,2,97100.0,95.14,Yes,5.0,2.0,3.0,,2.0,4.0,2,6.6,Travel_Rarely,Victoriaport,Dr. Daniel Archer DDS,No,,,True,False,46-65,1-3yr
EMP2254,Laura Williams,Male,24.0,,Divorced,Finance,Financial Analyst,5,Medical,,3,68300.0,76.48,No,3.0,4.0,2.0,,3.0,4.0,2,,Non-Travel,Richardburgh,Randall Davis MD,No,,,True,False,18-25,1-3yr
EMP1047,Emily Miller,Female,56.0,1984-07-15,Married,IT,IT Support,4,Business,,7,42800.0,70.42,Yes,3.0,1.0,4.0,2.0,1.0,0.0,2,,Travel_Frequently,Port Williammouth,Jasmine Rangel DVM,No,,,False,False,46-65,6+yr
EMP1726,Kelsey Jenkins,Female,43.0,1969-01-10,Single,Finance,Finance Manager,5,Business,,3,95800.0,57.19,No,4.0,4.0,1.0,2.0,0.0,6.0,3,,Non-Travel,North Alyssa,William Duran,No,,,False,False,36-45,1-3yr
EMP2331,Madison Holmes,Not Disclosed,41.0,,Not Disclosed,Research & Development,Research Scientist,5,Life Sciences,2018-10-04,6,49700.0,34.04,No,3.0,,,4.0,4.0,2.0,1,,Travel_Frequently,Rodneyhaven,Tamara Bishop,No,,,True,False,36-45,3-6yr
EMP2281,Kaitlin Greer,Male,60.0,,Divorced,Marketing,Marketing Executive,3,Medical,,4,58800.0,82.82,No,3.0,2.0,2.0,,5.0,4.0,2,,Travel_Rarely,West Teresa,Laura Dean,No,,,True,False,46-65,3-6yr
EMP1148,Lori Butler,Male,29.0,,Single,Research & Development,Data Analyst,2,Marketing,,2,84600.0,53.21,No,3.0,4.0,3.0,2.0,2.0,1.0,0,35.3,Travel_Rarely,Kristenshire,Douglas Howell,No,,,False,False,26-35,1-3yr
EMP1415,Zoe Hoffman,Female,53.0,1997-06-06,Single,Marketing,Marketing Executive,3,Medical,,8,87100.0,39.79,No,3.0,3.0,4.0,,3.0,1.0,2,17.0,Travel_Frequently,Port Ashleyton,Alexander Shaw,Yes,Career Change,2024-05-13,True,False,46-65,6+yr
EMP1154,Erica Hunter,Female,59.0,,Divorced,Finance,Finance Manager,3,Technical Degree,,8,50200.0,35.82,No,3.0,4.0,,1.0,2.0,5.0,0,39.7,Non-Travel,East Lindaport,Justin Powell,No,,,True,False,46-65,6+yr
EMP1616,Lauren Moreno,Female,28.0,1987-03-13,Married,IT,System Admin,4,Marketing,,5,47300.0,49.4,No,5.0,3.0,4.0,,2.0,3.0,1,14.6,Travel_Rarely,Port Ryan,Jordan Joseph,No,,,True,False,26-35,3-6yr
EMP1708,Jacob Palmer,Female,24.0,,Divorced,IT,IT Support,2,Life Sciences,2016-11-20,8,61700.0,38.31,No,3.0,,3.0,3.0,3.0,3.0,2,,Non-Travel,North Gloria,Tina Rivers,No,,,True,False,18-25,6+yr
EMP1428,Jack Durham,Male,41.0,,Divorced,Marketing,Content Strategist,3,Life Sciences,,7,51300.0,58.69,Yes,3.0,2.0,,4.0,2.0,2.0,3,,Non-Travel,Keithfort,Michael Johnson,No,,,True,False,36-45,6+yr
EMP1165,Robert Green,Female,41.0,1969-12-27,Single,Finance,Accountant,5,Human Resources,,5,38800.0,86.29,Yes,3.0,3.0,1.0,4.0,4.0,2.0,3,,Travel_Rarely,Wilsonhaven,Steven Barnett,No,,,False,False,36-45,3-6yr
EMP2267,David Cruz,Male,47.0,1979-02-03,Not Disclosed,Human Resources,HR Manager,4,Medical,,7,78700.0,77.48,No,5.0,3.0,1.0,,3.0,2.0,1,,Travel_Rarely,Derrickmouth,Steven ReYes,No,,,True,False,46-65,6+yr
EMP1636,Natasha Bruce,Male,36.0,,Divorced,Sales,Sales Representative,3,Human Resources,,4,102600.0,60.55,No,5.0,,,3.0,2.0,3.0,0,27.9,Non-Travel,New Jasmineville,Valerie Houston,Yes,Health Issues,2021-02-01,True,False,36-45,3-6yr
EMP1769,Tiffany Simmons,Male,32.0,,Single,Human Resources,HR Executive,1,Business,2015-01-01,10,18300.0,96.58,Yes,3.0,2.0,3.0,3.0,5.0,3.0,3,23.9,Non-Travel,Brownville,Robert Wilson,No,,,False,False,26-35,6+yr
EMP2013,Gary Villanueva,Male,24.0,,Married,Sales,Sales Executive,2,Marketing,,1,100000.0,60.82,No,1.0,1.0,2.0,2.0,4.0,2.0,3,,Non-Travel,Browntown,Christopher Mathis,No,,,False,False,18-25,<1yr
EMP1678,Allen Camacho,Male,41.0,,Not Disclosed,Research & Development,Data Analyst,4,Human Resources,,2,26600.0,85.51,No,5.0,3.0,,3.0,3.0,1.0,0,39.7,Non-Travel,West Mark,Eric Shelton,No,,,True,False,36-45,1-3yr
EMP1603,Jennifer Carpenter,Female,31.0,,Married,Human Resources,HR Executive,4,Life Sciences,,6,49500.0,30.09,Yes,1.0,,3.0,4.0,2.0,3.0,3,,Travel_Rarely,North Debraberg,Anthony White,No,,,True,False,26-35,3-6yr
EMP2037,Patricia Cooper,Male,32.0,,Married,Sales,Sales Executive,5,Human Resources,,4,88600.0,84.4,No,4.0,4.0,,2.0,3.0,2.0,1,35.5,Non-Travel,South Scottstad,Melanie Ross,Yes,Relocation,2021-09-12,True,False,26-35,3-6yr
EMP2321,Jeffery Martinez,Female,31.0,,Married,Marketing,Content Strategist,1,Life Sciences,2016-05-11,8,65600.0,52.59,Yes,3.0,1.0,,1.0,0.0,0.0,2,,Non-Travel,Daisyport,Derrick Pena,No,,,True,False,26-35,6+yr
EMP1387,Sara Miller,Female,47.0,1975-07-30,Married,Human Resources,HR Executive,4,Life Sciences,,8,117700.0,78.71,No,3.0,4.0,,,2.0,3.0,0,13.3,Travel_Rarely,West Rachel,Cynthia Johnson,No,,,True,False,46-65,6+yr
EMP1123,Catherine Pena,Female,52.0,,Married,IT,Software Engineer,2,Business,,6,39900.0,45.28,No,4.0,2.0,,3.0,2.0,1.0,1,10.4,Travel_Rarely,Odonnellville,Joshua Martin,No,,,True,False,46-65,3-6yr
EMP1096,Stephanie Quinn,Male,44.0,1995-07-04,Married,IT,Software Engineer,1,Business,,8,87400.0,92.17,No,3.0,2.0,,3.0,2.0,3.0,1,17.1,Non-Travel,Christinachester,Jackson Williams,No,,,True,False,36-45,6+yr
EMP1046,Antonio Adams,Male,41.0,,Single,Research & Development,Data Analyst,4,Medical,,3,79700.0,52.34,Yes,2.0,2.0,4.0,2.0,5.0,4.0,2,35.9,Non-Travel,Carterhaven,Randall Holder,Yes,Better Opportunity,,False,False,36-45,1-3yr
EMP1383,Bethany Walker,Male,41.0,,Divorced,Marketing,Marketing Manager,2,Technical Degree,,7,59000.0,96.9,Yes,3.0,,3.0,2.0,2.0,3.0,2,,Non-Travel,New Derekfurt,Maria Harrison,No,,,True,False,36-45,6+yr
EMP1915,Melissa Diaz,Male,30.0,,Not Disclosed,Finance,Finance Manager,1,Human Resources,,4,88200.0,97.73,No,1.0,3.0,4.0,4.0,5.0,6.0,2,29.7,Travel_Rarely,Jessicaton,Angel Fuentes,Yes,Higher Salary,,False,False,26-35,3-6yr
EMP1191,Alexandra Williams,Male,31.0,1988-03-20,Married,Sales,Sales Representative,5,Technical Degree,,5,18100.0,88.6,Yes,3.0,2.0,1.0,2.0,1.0,2.0,2,36.1,Travel_Rarely,Amandachester,Melinda Price,Yes,Better Opportunity,2022-05-02,False,False,26-35,3-6yr
EMP1867,James Ferguson,Female,45.0,1967-10-11,Not Disclosed,Finance,Finance Manager,2,Technical Degree,2022-11-02,2,41700.0,84.69,No,5.0,2.0,2.0,4.0,2.0,6.0,3,,Travel_Rarely,North Betty,James Marshall,No,,,False,False,36-45,1-3yr
EMP1912,Jessica Austin,Not Disclosed,47.0,,Married,Research & Development,Research Scientist,2,Business,,8,22500.0,47.48,No,5.0,1.0,1.0,4.0,2.0,3.0,0,32.9,Travel_Rarely,Derekhaven,Yesenia Ware,No,,,False,False,46-65,6+yr
EMP1585,Kristina Mccall,Female,28.0,1991-07-21,Single,Human Resources,HR Manager,4,Technical Degree,,4,77300.0,32.05,No,4.0,3.0,4.0,,0.0,2.0,1,10.0,Travel_Rarely,South Beckychester,Jeffery Fisher,Yes,Career Change,,True,False,26-35,3-6yr
EMP1807,Robert Hernandez,Female,46.0,1999-03-17,Single,Human Resources,HR Manager,3,Life Sciences,2016-12-26,8,117700.0,61.89,Yes,3.0,4.0,4.0,1.0,5.0,1.0,2,,Travel_Frequently,South Josestad,Michele Wilcox,No,,,False,False,46-65,6+yr
EMP1256,Jonathan Peters,Male,53.0,,Divorced,Finance,Accountant,5,Human Resources,,1,29200.0,75.34,No,3.0,,1.0,1.0,2.0,2.0,2,11.1,Travel_Frequently,Joanburgh,Savannah Maxwell,No,,,True,False,46-65,<1yr
EMP1092,Darlene Nguyen,Female,24.0,,Married,Marketing,Marketing Executive,5,Medical,,1,61300.0,54.67,No,2.0,,,3.0,2.0,1.0,3,11.5,Travel_Frequently,Thomashaven,Karen Vargas,No,,,True,False,18-25,<1yr
EMP1778,Mark Morgan,Male,56.0,,Divorced,Finance,Financial Analyst,4,Medical,,5,57000.0,49.94,No,2.0,3.0,2.0,3.0,0.0,3.0,3,,Travel_Rarely,Roberthaven,Kristy Gonzalez,Yes,,,False,False,46-65,3-6yr
EMP1627,Jessica Smith,Not Disclosed,56.0,,Married,Human Resources,HR Manager,1,Marketing,2021-06-01,3,94300.0,32.56,Yes,2.0,4.0,1.0,2.0,5.0,3.0,1,9.3,Travel_Frequently,East Jonathan,Shannon Keith,No,,,False,False,46-65,1-3yr
EMP2238,Adam Burke,Not Disclosed,48.0,1966-07-12,Not Disclosed,Research & Development,Research Scientist,3,Life Sciences,2018-03-23,6,25600.0,64.06,Yes,3.0,1.0,1.0,1.0,0.0,3.0,0,,Non-Travel,Stevenside,Ryan Hoover,No,,,False,False,46-65,3-6yr
EMP1571,Lisa Garcia,Male,40.0,,Single,IT,IT Support,3,Medical,,2,34700.0,63.57,No,5.0,4.0,,2.0,5.0,5.0,3,21.6,Non-Travel,East Jackiebury,Michael Snyder,No,,,True,False,36-45,1-3yr
EMP1371,Marilyn Thomas,Male,41.0,,Married,Finance,Financial Analyst,3,Marketing,,1,68300.0,50.47,No,4.0,,1.0,3.0,5.0,2.0,3,,Travel_Frequently,Port Meredithburgh,Alexis Ellis,No,,,True,False,36-45,<1yr
EMP2464,Anna White,Female,39.0,1970-09-28,Divorced,Finance,Accountant,4,Life Sciences,,9,61600.0,48.99,No,5.0,1.0,,2.0,5.0,5.0,0,34.6,Non-Travel,East Michael,Kenneth Dominguez,No,,,True,False,36-45,6+yr
EMP2383,Daniel Pena,Not Disclosed,58.0,,Single,Marketing,Marketing Executive,4,Business,,7,60800.0,59.06,No,4.0,1.0,4.0,3.0,2.0,5.0,0,,Travel_Frequently,Jesseton,Monica Melton,No,,,False,False,46-65,6+yr
EMP1613,Justin Bowers,Male,22.0,2002-08-03,Not Disclosed,Sales,Sales Executive,5,Human Resources,,9,17000.0,63.77,No,4.0,,,1.0,4.0,6.0,3,,Non-Travel,Keithmouth,Kyle Guerrero,No,,,True,False,18-25,6+yr
EMP1424,Heather Soto,Female,56.0,,Married,Sales,Sales Manager,2,Life Sciences,,6,55900.0,69.55,No,5.0,2.0,3.0,2.0,3.0,5.0,3,,Travel_Rarely,Harveyburgh,Mary Moss,No,,,False,False,46-65,3-6yr
EMP1348,Stacy Hendricks,Male,60.0,,Married,Human Resources,HR Executive,2,Technical Degree,,2,88600.0,82.91,Yes,3.0,1.0,4.0,4.0,2.0,3.0,0,,Travel_Frequently,New Annaside,Anthony Gardner,Yes,Better Opportunity,,False,False,46-65,1-3yr
EMP1990,Michelle Guzman,Female,38.0,,Single,Sales,Sales Representative,5,Human Resources,2016-08-15,8,93700.0,47.18,Yes,2.0,3.0,,2.0,0.0,5.0,0,24.5,Travel_Frequently,Port Michele,Karen Shaw,Yes,,,True,False,36-45,6+yr
EMP1422,Dr. John Gonzalez,Female,27.0,1989-04-19,Married,Research & Development,Research Scientist,2,Business,2016-04-20,8,57500.0,87.24,No,4.0,2.0,,1.0,1.0,0.0,2,,Travel_Frequently,East Charles,Tracy Powell,No,,,True,False,26-35,6+yr
EMP1881,Alan Padilla,Female,55.0,,Divorced,Research & Development,Lab Technician,2,Life Sciences,,4,77600.0,67.24,Yes,1.0,4.0,2.0,4.0,0.0,2.0,3,21.9,Non-Travel,Jenniferville,Amanda Rivera,No,,,False,False,46-65,3-6yr
EMP2408,Rebecca Oconnor,Female,22.0,,Divorced,Marketing,Marketing Executive,4,Medical,,3,75200.0,32.51,No,4.0,2.0,2.0,4.0,2.0,5.0,3,26.4,Travel_Rarely,Kellyshire,James Ortiz,No,,,False,False,18-25,1-3yr
EMP2169,Chase Nguyen Jr.,Female,36.0,,Single,Human Resources,HR Executive,3,Business,2019-09-30,5,59400.0,32.61,No,3.0,4.0,2.0,2.0,1.0,3.0,1,30.6,Travel_Rarely,Alexisside,Amy Gutierrez,No,,,False,False,36-45,3-6yr
EMP2247,John Wong,Male,41.0,,Single,Marketing,Marketing Manager,4,Technical Degree,,2,57400.0,34.36,No,3.0,4.0,1.0,1.0,5.0,3.0,2,12.8,Travel_Frequently,Floydland,Natalie Brown,No,,,False,False,36-45,1-3yr
EMP1895,Sonya Gill,Male,41.0,,Single,IT,System Admin,1,Technical Degree,,4,86400.0,38.46,No,5.0,1.0,2.0,,2.0,5.0,1,,Travel_Rarely,Joshuahaven,Ryan Mills,Yes,Career Change,2024-01-29,True,False,36-45,3-6yr
EMP1615,Mariah Williams Md,Male,41.0,,Single,Finance,Finance Manager,1,Marketing,,4,59800.0,77.88,No,5.0,1.0,1.0,,2.0,0.0,1,34.1,Travel_Frequently,Jessemouth,Joshua Kirk,Yes,Retirement,2023-04-13,True,False,36-45,3-6yr
EMP2205,Heather Rogers,Female,25.0,1978-02-21,Married,Finance,Financial Analyst,4,Human Resources,2015-09-24,9,66500.0,64.56,No,4.0,2.0,4.0,,3.0,5.0,3,,Non-Travel,North Kendra,Charles Ramirez,No,,,True,False,18-25,6+yr
EMP1297,James Johnson,Not Disclosed,40.0,,Married,Research & Development,Lab Technician,5,Life Sciences,,4,118400.0,35.94,No,3.0,,2.0,4.0,2.0,4.0,1,,Travel_Rarely,Lucasberg,Ryan Jones,No,,,True,False,36-45,3-6yr
EMP1693,Deborah Graham,Female,32.0,,Divorced,IT,IT Support,3,Human Resources,,5,15800.0,97.03,No,2.0,4.0,,3.0,2.0,5.0,2,37.1,Non-Travel,West Charlesberg,Kathleen Green,No,,,True,False,26-35,3-6yr
EMP1116,Carolyn Gonzales,Male,44.0,,Single,Research & Development,Research Scientist,1,Business,,4,63300.0,79.52,No,1.0,,2.0,,0.0,5.0,1,,Non-Travel,West Steven,Cynthia Lee,No,,,True,False,36-45,3-6yr
EMP2036,Samantha Mckee,Female,54.0,,Divorced,IT,System Admin,2,Medical,2018-06-28,6,67900.0,74.65,No,3.0,2.0,2.0,3.0,2.0,3.0,3,,Travel_Frequently,Scottview,Brian Thomas,Yes,,,False,False,46-65,3-6yr
EMP1469,Bryan Fuller,Female,28.0,,Married,Marketing,Marketing Executive,5,Technical Degree,,6,55200.0,61.39,Yes,3.0,2.0,,4.0,3.0,5.0,3,,Non-Travel,Wrighthaven,Kimberly Carter,No,,,True,False,26-35,3-6yr
EMP2387,Cynthia Jenkins,Male,41.0,,Married,Finance,Accountant,5,Life Sciences,,2,65900.0,70.18,Yes,3.0,1.0,3.0,3.0,5.0,0.0,1,,Non-Travel,Mcgeeberg,Kimberly Cole,Yes,Relocation,,False,False,36-45,1-3yr
EMP1451,Douglas Woodard,Male,50.0,,Married,Finance,Accountant,2,Marketing,,5,77300.0,48.3,No,3.0,1.0,,4.0,2.0,5.0,0,3.2,Travel_Frequently,Rachelshire,Catherine Berry,No,,,True,False,46-65,3-6yr
EMP1540,Dennis Oconnor,Female,41.0,,Single,Research & Development,Data Analyst,1,Human Resources,,3,28000.0,36.41,No,1.0,2.0,,3.0,1.0,5.0,2,,Non-Travel,Christinaberg,Peggy Lynn,No,,,True,False,36-45,1-3yr
EMP2154,Hannah Pace,Male,23.0,,Married,Finance,Finance Manager,5,Business,,9,53900.0,90.15,No,3.0,1.0,4.0,4.0,3.0,2.0,2,,Travel_Rarely,Nicholaschester,Jessica Guerrero,No,,,False,False,18-25,6+yr
EMP2204,Thomas Young,Male,50.0,,Single,Research & Development,Research Scientist,2,Business,,3,35200.0,71.95,No,1.0,,1.0,1.0,0.0,0.0,0,,Travel_Rarely,East Justinfurt,Meredith Martinez,No,,,True,False,46-65,1-3yr
EMP1752,Tina Ellis,Male,57.0,,Married,Finance,Financial Analyst,2,Human Resources,,9,29100.0,73.31,No,4.0,4.0,2.0,1.0,3.0,3.0,0,,Non-Travel,Lake Royview,Dustin Lewis,No,,,False,False,46-65,6+yr
EMP1515,Brandon Lee,Male,52.0,1986-04-30,Married,Research & Development,Research Scientist,4,Human Resources,,8,32400.0,61.37,No,3.0,,,2.0,2.0,5.0,0,29.8,Travel_Frequently,Alexandershire,Ryan Williams,No,,,True,False,46-65,6+yr
EMP1483,George Mendez,Female,21.0,,Single,IT,IT Support,4,Life Sciences,2017-07-22,7,29900.0,51.62,No,2.0,3.0,3.0,1.0,1.0,2.0,1,,Travel_Rarely,New Stephaniestad,Holly Joyce,No,,,False,False,18-25,6+yr
EMP1847,Jennifer Oneill,Male,31.0,1992-10-24,Single,Human Resources,Recruiter,4,Life Sciences,,2,19400.0,92.47,No,4.0,4.0,,,1.0,4.0,2,,Travel_Frequently,Suarezton,Kelly Barrera,No,,,True,False,26-35,1-3yr
EMP1788,Jessica Combs,Male,49.0,1992-05-27,Divorced,Research & Development,Lab Technician,1,Marketing,,1,48700.0,40.07,Yes,3.0,2.0,2.0,1.0,4.0,6.0,0,,Travel_Rarely,Mccannmouth,Donald Peterson,No,,,False,False,46-65,<1yr
EMP1864,Susan Martin,Not Disclosed,47.0,,Married,IT,System Admin,1,Marketing,2021-03-21,3,39795.0,77.84,No,5.0,4.0,4.0,,3.0,2.0,1,6.5,Travel_Rarely,Romeromouth,Mark Murphy,No,,,True,True,46-65,1-3yr
EMP1388,Brandon Gonzalez,Male,60.0,1984-05-31,Married,Human Resources,Recruiter,5,Technical Degree,,9,51300.0,94.51,Yes,5.0,1.0,,,1.0,0.0,2,9.7,Non-Travel,Lukechester,Shelly Cook,No,,,True,False,46-65,6+yr
EMP1203,Jasmine Owens,Female,34.0,,Single,Marketing,Marketing Manager,1,Technical Degree,,6,17500.0,60.05,Yes,2.0,,3.0,,2.0,5.0,0,9.7,Travel_Rarely,Elizabethmouth,Dana Anderson,No,,,True,False,26-35,3-6yr
EMP1503,Daniel Scott,Female,29.0,1998-12-17,Not Disclosed,Sales,Sales Manager,3,Life Sciences,,7,98300.0,60.88,Yes,3.0,4.0,1.0,2.0,1.0,0.0,0,23.1,Travel_Frequently,West Aaron,Courtney Sanchez,No,,,False,False,26-35,6+yr
EMP1779,Karla Gill,Male,27.0,2002-06-30,Single,Sales,Sales Executive,1,Medical,,4,110400.0,90.99,Yes,3.0,1.0,,4.0,2.0,3.0,1,8.5,Travel_Rarely,New Jasonshire,Antonio White,No,,,True,False,26-35,3-6yr
EMP2266,Vincent Nunez,Female,29.0,,Divorced,IT,Software Engineer,2,Human Resources,,1,90800.0,32.72,Yes,3.0,2.0,2.0,2.0,2.0,5.0,0,29.9,Non-Travel,South Alicia,Michael Johnson,No,,,False,False,26-35,<1yr
EMP2019,Jessica Sparks,Female,30.0,,Single,IT,System Admin,1,Technical Degree,,7,81400.0,72.4,Yes,1.0,,1.0,3.0,0.0,5.0,1,9.2,Non-Travel,Lake Raymondbury,Tracy Bailey,No,,,True,False,26-35,6+yr
EMP1110,Jeff Smith,Male,41.0,,Single,Human Resources,Recruiter,1,Life Sciences,,7,103200.0,55.75,No,5.0,2.0,1.0,3.0,5.0,5.0,3,,Travel_Frequently,Reneehaven,Dwayne Reese,No,,,False,False,36-45,6+yr
EMP1143,Jennifer Jones,Male,49.0,1992-10-26,Single,Finance,Finance Manager,1,Life Sciences,,4,105600.0,87.0,No,2.0,1.0,,2.0,3.0,3.0,2,32.3,Travel_Rarely,South Kayla,John Huang,Yes,Career Change,,True,False,46-65,3-6yr
EMP1647,Matthew Anderson,Female,53.0,,Not Disclosed,IT,IT Support,1,Technical Degree,,5,101600.0,98.73,Yes,3.0,4.0,4.0,3.0,3.0,4.0,0,,Travel_Frequently,New Jonathanfurt,Karen Olsen,No,,,False,False,46-65,3-6yr
EMP1402,Morgan Anderson,Female,56.0,,Single,Finance,Accountant,2,Human Resources,,1,28100.0,74.95,No,3.0,2.0,1.0,3.0,5.0,4.0,1,2.9,Travel_Frequently,Port Lisamouth,Alyssa Hunt,No,,,False,False,46-65,<1yr
EMP1159,Jenna West,Male,58.0,,Single,Research & Development,Lab Technician,4,Medical,,1,112400.0,37.59,Yes,3.0,4.0,3.0,4.0,2.0,3.0,2,,Non-Travel,East Benjamin,Harold Orr,No,,,False,False,46-65,<1yr
EMP1716,Julie Williams,Female,41.0,,Single,Research & Development,Lab Technician,2,Medical,2018-07-06,6,59200.0,95.15,No,1.0,3.0,3.0,1.0,2.0,0.0,2,,Travel_Rarely,Williamsonchester,Elizabeth Vega,Yes,Health Issues,,False,False,36-45,3-6yr
EMP1855,Claire Meyer,Male,40.0,,Married,IT,IT Support,4,Technical Degree,,8,20900.0,98.24,Yes,2.0,3.0,4.0,2.0,1.0,3.0,3,29.8,Travel_Frequently,Alexandershire,Karla May,No,,,False,False,36-45,6+yr
EMP1572,Jacqueline Brown,Male,29.0,,Married,Marketing,Marketing Manager,1,Technical Degree,2017-01-27,7,110300.0,45.98,No,3.0,2.0,,3.0,4.0,3.0,0,,Non-Travel,Lopezmouth,Donald Wilson,No,,,True,False,26-35,6+yr
EMP2228,Gregory Lewis,Male,24.0,,Divorced,Human Resources,HR Executive,4,Business,,5,117500.0,56.51,Yes,5.0,,4.0,2.0,2.0,6.0,2,39.8,Travel_Rarely,Mcclurefurt,Kenneth Oneill,No,,,True,False,18-25,3-6yr
EMP2224,Xavier Austin,Male,27.0,1981-01-08,Married,Marketing,Content Strategist,1,Marketing,,3,105200.0,97.64,No,3.0,3.0,,,1.0,3.0,1,,Non-Travel,North Fred,Nicholas Smith,No,,,True,False,26-35,1-3yr
EMP1215,Philip Williams,Female,51.0,,Married,Finance,Financial Analyst,3,Medical,2022-04-01,2,119000.0,52.28,No,5.0,3.0,,3.0,1.0,3.0,2,34.5,Travel_Frequently,Gregburgh,Marcia Stephens,No,,,True,False,46-65,1-3yr
EMP2038,Teresa Phillips,Male,21.0,,Single,IT,System Admin,5,Human Resources,,9,66000.0,97.33,No,2.0,4.0,2.0,3.0,2.0,5.0,1,17.3,Non-Travel,Loweryberg,Eileen Thomas,No,,,False,False,18-25,6+yr
EMP1821,Derek Rice,Female,55.0,,Divorced,IT,IT Support,1,Medical,,8,26700.0,39.47,No,2.0,2.0,1.0,4.0,1.0,4.0,0,,Travel_Rarely,Bryceland,Heather Santiago,No,,,False,False,46-65,6+yr
EMP2434,Alyssa Norton,Female,46.0,,Divorced,Finance,Accountant,2,Human Resources,,8,22200.0,87.51,Yes,3.0,4.0,1.0,,4.0,1.0,0,6.3,Travel_Frequently,West Michelleview,Robert Edwards,No,,,True,False,46-65,6+yr
EMP1634,Lydia Spears,Female,28.0,1992-05-28,Married,Marketing,Content Strategist,1,Technical Degree,2015-01-05,9,75100.0,98.28,Yes,1.0,4.0,1.0,4.0,1.0,2.0,0,33.7,Travel_Frequently,New Benjaminchester,William Ayers,No,,,False,False,26-35,6+yr
EMP1750,Marissa Meyers Md,Female,54.0,,Divorced,Research & Development,Data Analyst,4,Marketing,,4,67400.0,39.81,No,3.0,2.0,4.0,,0.0,5.0,1,,Travel_Frequently,New Caitlin,Kristen Baker,No,,,True,False,46-65,3-6yr
EMP2039,Travis Conrad,Not Disclosed,46.0,,Divorced,Human Resources,HR Executive,2,Business,,4,84600.0,67.29,No,4.0,1.0,3.0,3.0,0.0,2.0,1,,Travel_Frequently,Larsenview,Richard Mcneil,No,,,False,False,46-65,3-6yr
EMP2167,Jeremy Guerra,Male,41.0,,Married,IT,IT Support,2,Technical Degree,,6,72000.0,34.27,Yes,1.0,3.0,,,3.0,5.0,2,18.2,Non-Travel,South Melissaland,Clayton Yang,No,,,True,False,36-45,3-6yr
EMP1429,Anthony Shaffer,Male,55.0,,Not Disclosed,Human Resources,Recruiter,4,Marketing,,7,72900.0,87.7,Yes,4.0,,2.0,2.0,0.0,0.0,2,17.9,Non-Travel,South Josephville,Kristen Weeks,No,,,True,False,46-65,6+yr
EMP1617,Tamara Wade,Not Disclosed,46.0,,Divorced,Finance,Finance Manager,2,Life Sciences,,7,97500.0,59.66,No,5.0,2.0,3.0,2.0,0.0,2.0,2,,Non-Travel,East Matthew,Dustin Smith,No,,,False,False,46-65,6+yr
EMP1884,Melissa Juarez,Male,49.0,,Divorced,IT,System Admin,1,Marketing,2016-12-26,8,105500.0,40.91,Yes,3.0,,3.0,4.0,1.0,3.0,3,11.8,Travel_Frequently,New Crystalberg,Kimberly Randolph,No,,,True,False,46-65,6+yr
EMP2199,Amanda Hale,Female,40.0,,Married,Marketing,Marketing Manager,3,Medical,,6,31800.0,64.81,No,5.0,2.0,4.0,3.0,3.0,3.0,2,,Travel_Rarely,Carolynborough,Michael Sullivan,No,,,False,False,36-45,3-6yr
EMP2134,Kenneth Sexton,Male,39.0,,Married,Sales,Sales Representative,2,Business,2017-02-27,7,48700.0,61.66,No,2.0,2.0,4.0,1.0,0.0,5.0,0,10.1,Travel_Rarely,South Albertshire,Ross Nixon,No,,,False,False,36-45,6+yr
EMP2497,Michael Hall,Male,36.0,,Single,Sales,Sales Representative,1,Technical Degree,,1,86400.0,93.08,No,3.0,2.0,4.0,4.0,0.0,6.0,2,,Travel_Rarely,North Matthewport,Jeremy Wu,No,,,False,False,36-45,<1yr
EMP2235,Mary Guzman,Not Disclosed,44.0,,Married,Human Resources,Recruiter,4,Life Sciences,2016-11-29,8,41200.0,40.25,Yes,3.0,1.0,1.0,,0.0,6.0,2,,Travel_Rarely,West Monica,Edward Matthews Jr.,No,,,True,False,36-45,6+yr
EMP1959,Kristen Long,Male,43.0,,Married,Research & Development,Data Analyst,1,Technical Degree,2019-07-24,5,100800.0,94.07,No,1.0,,1.0,3.0,3.0,0.0,2,,Travel_Frequently,Port Kevinborough,William Mueller,No,,,True,False,36-45,3-6yr
EMP1596,Thomas Lutz,Male,28.0,,Single,Sales,Sales Manager,3,Business,,5,108400.0,56.65,Yes,3.0,1.0,1.0,2.0,0.0,0.0,1,13.2,Travel_Rarely,East Gregory,Michael Daniels,No,,,False,False,26-35,3-6yr
EMP1899,Jessica Mcintosh,Male,29.0,,Divorced,Finance,Finance Manager,2,Medical,,6,47000.0,30.48,Yes,1.0,4.0,,4.0,3.0,3.0,1,35.2,Non-Travel,New John,Charles Young DDS,No,,,True,False,26-35,3-6yr
EMP1448,Daniel Martinez,Female,22.0,,Married,IT,Software Engineer,4,Business,,4,86700.0,69.62,No,3.0,,,2.0,3.0,0.0,3,,Non-Travel,Timothyborough,Shari Santiago,No,,,True,False,18-25,3-6yr
EMP1719,John Davis,Male,56.0,,Married,Human Resources,HR Executive,2,Technical Degree,,9,107500.0,69.28,No,2.0,,4.0,4.0,3.0,1.0,0,12.5,Non-Travel,North Dennis,Jennifer Carlson,Yes,Better Opportunity,2022-09-24,True,False,46-65,6+yr
EMP1886,Richard Werner,Not Disclosed,36.0,,Married,Research & Development,Research Scientist,3,Technical Degree,2017-09-18,7,34900.0,86.29,No,1.0,2.0,2.0,3.0,2.0,0.0,2,,Travel_Rarely,Blackfort,Robert Pugh,Yes,Relocation,,False,False,36-45,6+yr
EMP1517,Cody Kim Iv,Female,44.0,,Divorced,Human Resources,Recruiter,3,Technical Degree,,7,100300.0,30.36,Yes,3.0,3.0,1.0,4.0,0.0,6.0,1,,Travel_Frequently,Daniellehaven,Robert Simpson,No,,,False,False,36-45,6+yr
EMP1564,Mrs. Sherry Johnson,Male,24.0,,Single,Marketing,Marketing Manager,4,Technical Degree,,6,90500.0,30.89,No,2.0,4.0,,4.0,2.0,0.0,0,,Travel_Frequently,Tylerchester,Krista Campos,No,,,True,False,18-25,3-6yr
EMP2245,Lisa Ruiz,Male,41.0,,Single,Marketing,Content Strategist,3,Marketing,2016-04-09,8,46000.0,53.09,No,3.0,3.0,1.0,,3.0,2.0,3,,Non-Travel,Maryfurt,Sheryl Russell,No,,,True,False,36-45,6+yr
EMP1273,Jacob Nunez,Male,32.0,1971-09-20,Divorced,Marketing,Marketing Executive,3,Business,,4,54300.0,59.89,Yes,4.0,4.0,2.0,1.0,0.0,3.0,2,,Travel_Frequently,Lake Stacey,Marissa Lozano,No,,,False,False,26-35,3-6yr
EMP1672,Tracy Lin,Male,41.0,,Single,IT,Software Engineer,2,Medical,,2,95300.0,45.01,Yes,2.0,2.0,3.0,3.0,4.0,6.0,1,,Non-Travel,Huberbury,Bailey Lewis,No,,,False,False,36-45,1-3yr
EMP1140,Karen Miranda,Female,25.0,1968-01-10,Divorced,Sales,Sales Executive,5,Technical Degree,2019-07-04,5,101500.0,79.77,No,3.0,1.0,,4.0,2.0,2.0,3,32.9,Travel_Frequently,Jensenland,Michael Ellis,No,,,True,False,18-25,3-6yr
EMP2435,Darren Miller,Not Disclosed,41.0,,Single,IT,Software Engineer,4,Business,2019-07-23,5,108400.0,70.58,Yes,3.0,4.0,4.0,4.0,4.0,1.0,2,,Travel_Rarely,Lauraberg,Shannon Jones,Yes,Relocation,,False,False,36-45,3-6yr
EMP2007,Erin Hernandez,Male,41.0,,Not Disclosed,Finance,Accountant,2,Technical Degree,,3,36500.0,59.62,Yes,1.0,,,3.0,4.0,1.0,2,6.5,Travel_Frequently,East Jeffreyhaven,Gabriel HaYes,Yes,,2022-08-02,True,False,36-45,1-3yr
EMP2492,Jennifer Harmon,Male,30.0,,Single,IT,IT Support,3,Human Resources,2022-06-11,2,15900.0,88.27,Yes,1.0,3.0,1.0,1.0,1.0,4.0,1,23.4,Non-Travel,South Lauren,Kirk Case,No,,,False,False,26-35,1-3yr
EMP1432,Bryan Vincent,Male,39.0,1978-08-19,Married,Research & Development,Data Analyst,4,Medical,,6,98600.0,76.67,Yes,3.0,4.0,,,3.0,1.0,0,22.1,Travel_Frequently,Halltown,Michele Thompson MD,No,,,True,False,36-45,3-6yr
EMP1964,Larry Stanley,Female,40.0,1983-08-14,Single,Human Resources,Recruiter,3,Life Sciences,,7,68500.0,31.64,No,2.0,4.0,4.0,1.0,2.0,0.0,2,30.7,Travel_Frequently,Lake Calvinstad,Jennifer Holden,No,,,False,False,36-45,6+yr
EMP2093,Kristen Mercer,Male,53.0,1983-03-28,Single,Marketing,Marketing Executive,1,Technical Degree,2018-12-02,6,45400.0,87.79,No,3.0,,,4.0,2.0,1.0,1,6.7,Non-Travel,Port Barbarabury,Shannon Allen,No,,,True,False,46-65,3-6yr
EMP1808,Tiffany Schmidt,Female,32.0,1981-02-16,Single,Human Resources,HR Manager,4,Medical,,9,114700.0,45.15,No,3.0,1.0,1.0,,3.0,0.0,3,,Travel_Rarely,Michaeltown,Jim Roberts,Yes,,,True,False,26-35,6+yr
EMP1872,John Diaz,Female,28.0,2000-04-18,Single,Finance,Accountant,3,Human Resources,,6,52600.0,57.56,Yes,3.0,3.0,2.0,3.0,3.0,6.0,3,21.6,Travel_Rarely,South Amy,Holly Cisneros,Yes,Higher Salary,,False,False,26-35,3-6yr
EMP2425,Katherine Chandler,Female,27.0,,Single,Human Resources,Recruiter,4,Life Sciences,2016-12-01,8,41500.0,60.08,No,1.0,1.0,1.0,3.0,2.0,1.0,2,39.9,Travel_Rarely,Port Patricialand,Rachel Meyer,No,,,False,False,26-35,6+yr
EMP1745,Lawrence Sanders,Male,44.0,1983-11-09,Married,Research & Development,Lab Technician,1,Medical,,5,64250.0,84.14,Yes,4.0,2.0,1.0,,4.0,3.0,0,33.7,Travel_Frequently,Campbellview,Mallory Ryan,No,,,True,False,36-45,3-6yr
EMP1612,Spencer Hernandez,Female,50.0,1999-09-12,Divorced,Human Resources,HR Manager,4,Life Sciences,2022-09-20,2,98300.0,59.19,Yes,3.0,3.0,3.0,,0.0,6.0,1,,Non-Travel,Schmittview,Russell Hall,No,,,True,False,46-65,1-3yr
EMP2210,Ann Ross,Male,27.0,,Married,Research & Development,Research Scientist,2,Life Sciences,2020-07-03,4,45000.0,72.68,No,3.0,,4.0,1.0,4.0,3.0,1,,Non-Travel,Christopherland,Joshua Wood,No,,,True,False,26-35,3-6yr
EMP2089,Earl Garrett,Male,39.0,2000-09-27,Single,Sales,Sales Manager,3,Human Resources,,8,86500.0,85.91,No,3.0,1.0,2.0,4.0,4.0,3.0,3,3.6,Non-Travel,Amandahaven,Adam Cox,No,,,False,False,36-45,6+yr
EMP2263,Eddie Davis,Male,52.0,,Not Disclosed,Human Resources,HR Manager,3,Marketing,,8,95500.0,74.52,Yes,3.0,1.0,2.0,2.0,5.0,6.0,2,17.9,Travel_Rarely,Wendyborough,Andrea Schmidt,No,,,False,False,46-65,6+yr
EMP1129,Crystal Padilla,Female,57.0,,Single,Research & Development,Lab Technician,1,Marketing,2023-11-04,1,66000.0,41.31,No,5.0,,4.0,2.0,4.0,0.0,1,,Travel_Rarely,South Aaron,David Turner,Yes,,,True,False,46-65,<1yr
EMP1009,Sophia Fuentes,Female,36.0,,Married,IT,System Admin,3,Business,2017-07-03,7,118900.0,63.06,No,3.0,,3.0,4.0,2.0,5.0,2,4.1,Travel_Rarely,Downsfurt,Brittany Thompson,No,,,True,False,36-45,6+yr
EMP1312,Dana Robinson,Female,51.0,,Divorced,Human Resources,HR Manager,3,Human Resources,2018-05-19,6,109100.0,41.18,Yes,2.0,,2.0,2.0,3.0,6.0,3,18.0,Travel_Rarely,South Joseph,Heidi Walker,No,,,True,False,46-65,3-6yr
EMP2260,Kelly Barry,Female,59.0,1973-07-10,Single,IT,IT Support,2,Medical,,7,53600.0,99.84,Yes,3.0,4.0,2.0,3.0,4.0,4.0,3,2.5,Travel_Frequently,Kellyview,Blake Hall,No,,,False,False,46-65,6+yr
EMP1527,Jerry Lewis,Male,28.0,,Single,Finance,Financial Analyst,3,Marketing,,4,95500.0,61.48,No,5.0,2.0,,2.0,4.0,4.0,0,,Travel_Rarely,Port Davidshire,Michael Pacheco,No,,,True,False,26-35,3-6yr
EMP2116,Jenna Cordova,Female,52.0,1986-03-11,Married,Sales,Sales Manager,5,Life Sciences,,9,71300.0,97.74,Yes,3.0,4.0,3.0,4.0,0.0,3.0,2,40.0,Travel_Frequently,West Thomas,James Casey,No,,,False,False,46-65,6+yr
EMP1812,Michelle Mullins,Female,50.0,,Married,Sales,Sales Manager,4,Life Sciences,,8,74400.0,50.79,No,3.0,2.0,3.0,1.0,4.0,5.0,1,37.5,Non-Travel,Lake Michelle,Julia Proctor,No,,,False,False,46-65,6+yr
EMP1207,Melissa Parsons,Not Disclosed,47.0,,Married,IT,System Admin,4,Marketing,,8,119600.0,41.29,No,3.0,,4.0,3.0,2.0,2.0,1,18.4,Travel_Rarely,North Annastad,Olivia Lee,No,,,True,False,46-65,6+yr
EMP2488,Jessica Farmer,Male,56.0,,Married,Human Resources,HR Executive,1,Technical Degree,,2,58600.0,91.76,Yes,3.0,4.0,1.0,3.0,3.0,0.0,0,33.9,Non-Travel,Lake Andreamouth,John Hicks,No,,,False,False,46-65,1-3yr
EMP2370,Ashley Yoder,Female,49.0,,Divorced,Research & Development,Research Scientist,3,Human Resources,,4,59800.0,64.8,Yes,2.0,4.0,,,3.0,6.0,2,24.1,Non-Travel,Christophertown,Nicole Weiss,No,,,True,False,46-65,3-6yr
EMP1741,Emily Rose,Female,59.0,,Single,Finance,Financial Analyst,3,Human Resources,,2,64400.0,48.05,Yes,3.0,4.0,4.0,3.0,2.0,2.0,1,9.5,Non-Travel,New Johnmouth,Sean Ballard,No,,,False,False,46-65,1-3yr
EMP1204,Joshua Cobb,Male,41.0,,Married,Research & Development,Lab Technician,3,Human Resources,,5,66600.0,30.76,No,2.0,,4.0,,2.0,2.0,1,1.7,Non-Travel,East Micheal,Jared Soto,No,,,True,False,36-45,3-6yr
EMP1055,Terrance Davies,Male,60.0,1983-08-14,Divorced,IT,Software Engineer,3,Technical Degree,2016-04-03,8,71500.0,80.01,No,1.0,,3.0,2.0,3.0,0.0,1,12.2,Travel_Rarely,East Christopher,Brandon Allen,No,,,True,False,46-65,6+yr
EMP2158,Karen Brooks,Female,21.0,,Single,Marketing,Marketing Manager,4,Business,,6,106100.0,41.13,Yes,4.0,2.0,2.0,3.0,3.0,1.0,0,,Non-Travel,Port Lisaton,Tony Williams,No,,,False,False,18-25,3-6yr
EMP1489,Jerry Booker,Female,46.0,,Single,Marketing,Marketing Manager,3,Medical,,4,57400.0,93.53,Yes,5.0,1.0,2.0,,5.0,4.0,0,,Travel_Frequently,North Cherylton,Melissa Hunt,No,,,True,False,46-65,3-6yr
EMP1541,Jose Cruz,Female,37.0,,Married,Finance,Finance Manager,1,Business,,2,46400.0,64.66,Yes,3.0,4.0,,,2.0,5.0,3,13.2,Travel_Rarely,Port Angelica,Taylor Smith,No,,,True,False,36-45,1-3yr
EMP2016,Julie White,Female,21.0,2002-01-12,Divorced,IT,Software Engineer,5,Marketing,,1,80000.0,62.25,No,4.0,1.0,3.0,3.0,2.0,4.0,3,26.4,Non-Travel,Nicoleside,Nicholas Walters,No,,,False,False,18-25,<1yr
EMP1190,Jessica Bennett,Female,58.0,,Married,Marketing,Content Strategist,3,Medical,,2,65600.0,77.32,No,4.0,3.0,1.0,3.0,2.0,3.0,1,28.5,Travel_Frequently,Mariobury,Christine Simmons,No,,,False,False,46-65,1-3yr
EMP1109,Robin Walters,Female,28.0,,Married,Research & Development,Research Scientist,5,Life Sciences,2020-09-06,4,16100.0,35.88,No,3.0,,3.0,1.0,5.0,3.0,3,,Travel_Rarely,Thomasberg,Peter Harris,No,,,True,False,26-35,3-6yr
EMP1538,Susan Knight,Female,41.0,,Married,IT,Software Engineer,3,Human Resources,,9,88800.0,82.71,Yes,4.0,1.0,1.0,3.0,3.0,2.0,1,,Non-Travel,Andradeshire,Lisa Woods,No,,,False,False,36-45,6+yr
EMP1522,Jennifer Foster,Not Disclosed,29.0,1981-03-29,Married,IT,Software Engineer,4,Marketing,,8,18600.0,45.68,No,4.0,3.0,2.0,1.0,1.0,5.0,2,9.1,Travel_Frequently,Victoriamouth,Brad Vega,No,,,False,False,26-35,6+yr
EMP1826,Karen Castro,Female,57.0,,Married,Finance,Financial Analyst,1,Marketing,2023-08-09,1,58800.0,31.14,Yes,1.0,,,1.0,4.0,4.0,0,11.5,Non-Travel,Phillipmouth,Monica Garrett,No,,,True,False,46-65,<1yr
EMP1551,Dawn Green,Not Disclosed,34.0,1969-09-29,Single,IT,System Admin,2,Life Sciences,,5,118800.0,59.99,Yes,5.0,1.0,1.0,1.0,0.0,3.0,1,32.0,Travel_Frequently,New Ryan,Karen ReYes DVM,No,,,False,False,26-35,3-6yr
EMP1023,Bianca Hernandez,Female,24.0,1986-01-16,Married,Marketing,Content Strategist,3,Business,,2,63800.0,83.7,Yes,2.0,3.0,1.0,4.0,0.0,4.0,3,,Travel_Frequently,New Adam,Carrie Wells,No,,,False,False,18-25,1-3yr
EMP1377,Rachel King,Male,30.0,,Single,IT,IT Support,5,Medical,,8,112900.0,79.37,No,3.0,,3.0,4.0,2.0,4.0,3,36.5,Travel_Frequently,Lake Joseph,Anthony Melendez,Yes,Better Opportunity,,True,False,26-35,6+yr
EMP2014,Darlene Wright,Female,40.0,,Single,Marketing,Content Strategist,2,Technical Degree,,7,75800.0,77.62,No,4.0,2.0,4.0,2.0,4.0,3.0,1,,Travel_Frequently,South Markville,Brandy White,Yes,,,False,False,36-45,6+yr
EMP1595,Jacob Williams,Male,40.0,,Single,IT,IT Support,5,Life Sciences,,4,57100.0,96.79,Yes,3.0,1.0,1.0,4.0,3.0,0.0,3,,Travel_Frequently,New Matthew,William Petersen,No,,,False,False,36-45,3-6yr
EMP2394,Jamie Mcfarland,Not Disclosed,31.0,1990-11-28,Not Disclosed,Human Resources,Recruiter,2,Business,2019-08-11,5,68500.0,68.46,No,4.0,3.0,1.0,2.0,1.0,5.0,0,21.6,Travel_Frequently,West Toddfurt,Samuel Salinas,Yes,Relocation,,False,False,26-35,3-6yr
EMP1206,Jennifer Dixon,Female,21.0,,Married,IT,System Admin,2,Human Resources,,3,39400.0,93.29,No,5.0,1.0,4.0,,5.0,3.0,2,,Non-Travel,New Melissafurt,Brianna Smith,Yes,Better Opportunity,,True,False,18-25,1-3yr
EMP1094,Makayla Ward,Not Disclosed,40.0,,Married,Sales,Sales Manager,3,Life Sciences,,5,115700.0,98.05,Yes,1.0,1.0,3.0,,3.0,4.0,2,,Non-Travel,West Victoriafurt,Jacqueline Bennett,No,,,True,False,36-45,3-6yr
EMP1225,Charles Walsh,Not Disclosed,21.0,,Married,Sales,Sales Executive,3,Medical,2023-10-23,1,102700.0,57.13,Yes,4.0,1.0,2.0,1.0,3.0,3.0,0,24.6,Travel_Rarely,Mendozaborough,Ryan Wyatt,Yes,Better Opportunity,,False,False,18-25,<1yr
EMP2312,Kimberly Finley,Female,45.0,,Not Disclosed,Sales,Sales Manager,5,Life Sciences,,9,30100.0,43.4,Yes,2.0,1.0,1.0,,3.0,3.0,2,1.1,Non-Travel,South Nicole,Jessica Valdez,No,,,True,False,36-45,6+yr
EMP2113,Mindy Jackson,Female,60.0,,Divorced,Human Resources,HR Executive,5,Medical,,3,108800.0,50.12,No,1.0,4.0,1.0,3.0,0.0,2.0,1,25.4,Non-Travel,New Chadville,Glenn Klein,No,,,False,False,46-65,1-3yr
EMP1930,Derrick Small,Male,52.0,,Single,IT,IT Support,5,Human Resources,2018-08-05,6,116600.0,49.67,No,4.0,3.0,1.0,4.0,1.0,6.0,3,,Travel_Frequently,East Brianborough,Rhonda Garza,Yes,Health Issues,2023-10-19,False,False,46-65,3-6yr
EMP2171,Richard Arias,Male,43.0,,Single,Finance,Financial Analyst,3,Marketing,,2,91200.0,51.83,Yes,3.0,1.0,4.0,4.0,0.0,5.0,0,9.5,Non-Travel,Cassandratown,Megan Mora,Yes,,2022-11-03,False,False,36-45,1-3yr
EMP1441,Kaitlyn Wilson,Not Disclosed,32.0,,Married,Finance,Financial Analyst,3,Business,,8,87300.0,40.21,Yes,2.0,3.0,2.0,2.0,1.0,0.0,1,,Travel_Rarely,Brianside,Teresa Bell,No,,,False,False,26-35,6+yr
EMP2406,Kristen Reyes,Male,59.0,,Not Disclosed,Research & Development,Research Scientist,2,Business,2018-12-03,6,66350.0,38.94,Yes,2.0,3.0,1.0,2.0,3.0,5.0,0,35.8,Non-Travel,Campbellton,Melissa Chen,No,,,False,False,46-65,3-6yr
EMP1589,Gregory Roth,Male,42.0,,Married,Finance,Accountant,1,Marketing,,2,42200.0,99.29,No,4.0,4.0,3.0,3.0,1.0,3.0,1,4.0,Non-Travel,North Roger,Jill Carpenter,Yes,Health Issues,,False,False,36-45,1-3yr
EMP2494,Jacob Henry,Male,30.0,2002-03-17,Divorced,IT,Software Engineer,4,Medical,,9,31100.0,56.32,No,4.0,2.0,,,4.0,0.0,0,34.5,Non-Travel,Gillview,Jodi Flores,No,,,True,False,26-35,6+yr
EMP1792,Philip Anthony,Female,55.0,1971-03-26,Divorced,Research & Development,Research Scientist,4,Life Sciences,,1,93700.0,45.35,No,3.0,2.0,1.0,4.0,5.0,0.0,3,,Travel_Rarely,Goodfurt,Brittany Meyer,No,,,False,False,46-65,<1yr
EMP1801,Kathleen Martin,Female,52.0,,Single,Research & Development,Data Analyst,3,Marketing,2021-06-30,3,72100.0,38.2,Yes,5.0,1.0,3.0,,2.0,4.0,2,26.0,Non-Travel,Danielmouth,Lori Brown,No,,,True,False,46-65,1-3yr
EMP1093,Cynthia Watson,Male,56.0,,Single,Finance,Accountant,5,Human Resources,2018-08-18,6,54900.0,78.49,Yes,3.0,3.0,3.0,3.0,3.0,6.0,2,,Travel_Frequently,Erinfurt,Richard Wilson,No,,,False,False,46-65,3-6yr
EMP1568,Steven Hubbard,Female,24.0,,Single,Sales,Sales Manager,2,Medical,,1,113100.0,96.1,No,2.0,,1.0,1.0,4.0,5.0,0,20.0,Non-Travel,Jonathantown,Richard Salinas,Yes,Higher Salary,,True,False,18-25,<1yr
EMP1271,Michael Long,Female,39.0,1986-09-02,Married,Finance,Accountant,4,Marketing,,4,65900.0,85.68,Yes,4.0,,1.0,1.0,3.0,1.0,3,,Travel_Frequently,Charlesside,Tammy Cannon,No,,,True,False,36-45,3-6yr
EMP2302,Carolyn White,Male,41.0,,Single,Sales,Sales Manager,5,Business,,9,99300.0,53.11,No,1.0,2.0,1.0,2.0,2.0,0.0,1,29.3,Non-Travel,Morrowhaven,Jacob Huang,No,,,False,False,36-45,6+yr
EMP2112,Dr. Derrick Ford Jr.,Not Disclosed,32.0,1981-09-18,Single,Marketing,Content Strategist,3,Technical Degree,,3,42100.0,54.95,Yes,5.0,3.0,,4.0,3.0,5.0,0,,Non-Travel,West Natasha,Virginia Henson,No,,,True,False,26-35,1-3yr
EMP1076,Jeffrey Lopez,Not Disclosed,41.0,,Married,Human Resources,HR Executive,1,Medical,,7,53100.0,55.12,No,5.0,2.0,2.0,1.0,3.0,5.0,0,,Non-Travel,West Calvin,Joseph Banks,Yes,Relocation,,False,False,36-45,6+yr
EMP2252,Sabrina Horton,Male,43.0,,Not Disclosed,Human Resources,HR Manager,4,Life Sciences,,5,69400.0,30.53,No,3.0,,4.0,1.0,1.0,0.0,0,29.1,Travel_Rarely,Dyerfort,Joseph Williams,No,,,True,False,36-45,3-6yr
EMP1655,Nicholas Cunningham,Not Disclosed,49.0,,Married,Sales,Sales Executive,3,Medical,,1,96600.0,49.13,Yes,1.0,4.0,2.0,,4.0,2.0,3,19.2,Travel_Frequently,Port Erin,Rebecca House,No,,,True,False,46-65,<1yr
EMP2189,Daniel Rush,Female,50.0,,Married,Sales,Sales Executive,4,Medical,2019-11-08,5,47800.0,62.37,No,1.0,1.0,1.0,3.0,2.0,6.0,1,,Travel_Frequently,Morenoside,Stephanie Evans,No,,,False,False,46-65,3-6yr
EMP2225,Patrick Brown,Female,23.0,2005-06-13,Divorced,IT,System Admin,3,Human Resources,2017-06-18,7,59800.0,73.82,No,2.0,3.0,4.0,,2.0,3.0,1,,Non-Travel,West Jeremiahville,Kimberly Small,No,,,True,False,18-25,6+yr
EMP1561,Stephanie Blake,Female,26.0,,Not Disclosed,Research & Development,Data Analyst,5,Medical,,3,55200.0,92.84,No,1.0,,3.0,3.0,4.0,0.0,1,31.5,Travel_Frequently,Farmerland,William Chambers,No,,,True,False,26-35,1-3yr
EMP1854,Tyler Aguilar,Male,44.0,,Divorced,Sales,Sales Executive,4,Business,2022-12-16,2,17800.0,52.97,Yes,4.0,1.0,1.0,2.0,5.0,0.0,2,,Non-Travel,Jonathonmouth,Renee Butler,No,,,False,False,36-45,1-3yr
EMP2129,Dr. Ashley Brewer,Male,58.0,1990-09-01,Divorced,Human Resources,Recruiter,3,Technical Degree,,4,96000.0,88.76,Yes,5.0,,,3.0,3.0,6.0,3,,Non-Travel,North Victorland,Jason Morris,No,,,True,False,46-65,3-6yr
EMP2164,Melissa Harris,Male,41.0,,Married,Human Resources,Recruiter,2,Business,,4,21100.0,63.26,Yes,2.0,3.0,,4.0,4.0,1.0,1,,Travel_Rarely,Vaughanburgh,Donald Brooks,No,,,True,False,36-45,3-6yr
EMP2356,Dylan Parks,Female,53.0,1984-02-20,Divorced,Finance,Accountant,2,Human Resources,,8,108200.0,32.43,No,3.0,2.0,,1.0,4.0,6.0,3,12.1,Non-Travel,Lake Lisa,Christopher Schmidt,No,,,True,False,46-65,6+yr
EMP1247,Lauren Torres,Female,41.0,,Single,Marketing,Content Strategist,3,Life Sciences,,5,65600.0,41.03,Yes,2.0,3.0,,1.0,0.0,0.0,1,10.7,Travel_Frequently,Griffithland,Emma Thompson,No,,,True,False,36-45,3-6yr
EMP1857,Shelby Gallegos,Female,22.0,,Divorced,Finance,Financial Analyst,5,Medical,2023-09-09,1,68300.0,69.47,No,4.0,,4.0,2.0,1.0,3.0,3,13.4,Travel_Rarely,Gomezfort,Diana Murphy,No,,,True,False,18-25,<1yr
EMP2088,Cassandra Walton,Not Disclosed,43.0,,Married,Human Resources,HR Executive,1,Life Sciences,,1,62600.0,87.4,No,3.0,4.0,2.0,4.0,2.0,3.0,3,,Travel_Rarely,Liuberg,Jill Alexander,No,,,False,False,36-45,<1yr
EMP1470,Amanda Scott,Female,60.0,,Single,Sales,Sales Manager,4,Marketing,,3,74450.0,79.16,Yes,4.0,4.0,,4.0,2.0,3.0,1,,Travel_Frequently,Atkinsport,Brandon Ward,No,,,True,False,46-65,1-3yr
EMP2428,Monica Nichols,Female,43.0,,Married,Finance,Finance Manager,2,Life Sciences,2023-11-06,1,100900.0,88.29,No,3.0,4.0,3.0,,5.0,3.0,1,26.6,Non-Travel,Robertton,Rebecca Clarke,No,,,True,False,36-45,<1yr
EMP2487,Roger Daniel,Not Disclosed,48.0,,Single,Sales,Sales Representative,2,Business,,2,114600.0,77.46,Yes,4.0,3.0,4.0,4.0,2.0,6.0,2,39.2,Non-Travel,Lambertstad,Kathleen Sanchez,No,,,False,False,46-65,1-3yr
EMP1131,Kerry Reed,Male,27.0,,Married,Sales,Sales Executive,1,Technical Degree,,4,70200.0,42.53,No,5.0,2.0,,,0.0,5.0,3,38.3,Travel_Frequently,North Diana,Brian Thomas,No,,,True,False,26-35,3-6yr
EMP2305,Alexander Johnson,Female,42.0,1989-05-16,Single,Sales,Sales Representative,5,Technical Degree,2021-06-13,3,33600.0,31.09,No,2.0,4.0,1.0,4.0,2.0,3.0,3,33.7,Non-Travel,Bennettstad,Alisha Clayton,No,,,False,False,36-45,1-3yr
EMP1025,Olivia Gaines,Female,42.0,,Divorced,Sales,Sales Executive,1,Business,,4,41600.0,57.5,No,5.0,1.0,3.0,4.0,2.0,4.0,0,11.9,Non-Travel,Lake Joshua,Renee Romero,No,,,False,False,36-45,3-6yr
EMP1584,Roger Ballard,Male,30.0,2004-09-26,Single,Research & Development,Lab Technician,3,Marketing,2016-01-24,8,19900.0,97.07,Yes,2.0,4.0,2.0,,2.0,3.0,1,,Travel_Rarely,South Daniel,Maria Chan,Yes,,,True,False,26-35,6+yr
EMP1392,Kevin Rodriguez,Male,54.0,1990-12-24,Married,IT,IT Support,5,Life Sciences,,7,75100.0,56.71,No,3.0,1.0,3.0,2.0,4.0,3.0,3,,Non-Travel,Walterhaven,Misty Johnson,No,,,False,False,46-65,6+yr
EMP2208,Brenda Smith,Female,47.0,,Married,Research & Development,Research Scientist,5,Human Resources,2022-02-25,2,20900.0,99.11,No,3.0,2.0,1.0,3.0,2.0,5.0,3,6.0,Travel_Rarely,East Isabella,Richard Taylor,No,,,False,False,46-65,1-3yr
EMP2385,Kevin Goodwin,Female,46.0,,Divorced,Research & Development,Research Scientist,2,Human Resources,2015-12-04,9,97200.0,79.57,No,3.0,2.0,,3.0,2.0,0.0,1,,Non-Travel,New Timothy,Oscar Perez,Yes,Better Opportunity,,True,False,46-65,6+yr
EMP2422,Ms. Alexa Torres,Male,60.0,,Married,IT,System Admin,5,Marketing,,3,95100.0,43.48,Yes,3.0,2.0,,4.0,5.0,1.0,0,23.7,Non-Travel,Lake Stevenfort,Michele Huffman,No,,,True,False,46-65,1-3yr
EMP1943,David Baxter,Female,24.0,,Single,Marketing,Marketing Manager,1,Technical Degree,,1,31300.0,35.99,No,2.0,3.0,1.0,,1.0,5.0,0,31.4,Travel_Frequently,East Tony,Renee Perez,No,,,True,False,18-25,<1yr
EMP1026,Joseph Liu,Female,38.0,,Married,Finance,Financial Analyst,4,Human Resources,,1,90600.0,95.34,No,4.0,,2.0,3.0,3.0,0.0,1,,Travel_Frequently,Port Seth,James Stewart,No,,,True,False,36-45,<1yr
EMP1156,Alicia Johnson,Female,50.0,,Married,Marketing,Marketing Executive,5,Business,,2,29200.0,76.64,Yes,5.0,,3.0,4.0,2.0,4.0,2,,Non-Travel,Willisborough,Jessica Potts,Yes,Better Opportunity,,True,False,46-65,1-3yr
EMP2483,Robert Baxter,Female,51.0,1986-04-30,Married,Research & Development,Data Analyst,4,Human Resources,,5,20300.0,50.74,No,3.0,4.0,,,0.0,1.0,2,15.7,Non-Travel,East Richardfort,Laura Johnson,No,,,True,False,46-65,3-6yr
EMP2149,Frank Johnson,Not Disclosed,53.0,,Single,Human Resources,HR Manager,1,Medical,,7,39800.0,71.39,Yes,1.0,3.0,3.0,,5.0,6.0,1,33.7,Travel_Frequently,Port Tracy,Andrea Williams,Yes,Relocation,,True,False,46-65,6+yr
EMP1950,Linda Wright,Male,33.0,,Single,Research & Development,Data Analyst,1,Business,,4,76400.0,34.67,No,4.0,3.0,3.0,4.0,2.0,1.0,3,,Travel_Rarely,Gomezville,Gloria Santos,No,,,False,False,26-35,3-6yr
EMP1543,Amanda Humphrey,Female,36.0,,Divorced,Research & Development,Research Scientist,5,Business,,5,117000.0,89.35,Yes,2.0,2.0,1.0,4.0,1.0,1.0,2,39.6,Travel_Rarely,South Lori,Todd Patrick,Yes,Health Issues,,False,False,36-45,3-6yr
EMP1992,Thomas Bridges,Female,55.0,,Single,Human Resources,Recruiter,4,Business,2021-11-07,3,89300.0,88.83,No,4.0,4.0,4.0,1.0,4.0,4.0,0,35.9,Travel_Rarely,Tiffanystad,Eric Allen,No,,,False,False,46-65,1-3yr
EMP1721,John Watson,Male,35.0,,Married,Marketing,Marketing Manager,1,Marketing,,5,68000.0,78.63,No,5.0,,4.0,4.0,3.0,2.0,1,27.6,Travel_Frequently,West Kara,Karen Garrison,No,,,True,False,26-35,3-6yr
EMP1728,Candace Edwards,Female,50.0,1999-08-04,Married,Marketing,Marketing Executive,2,Human Resources,,1,112400.0,87.24,No,3.0,,1.0,2.0,2.0,4.0,0,27.4,Travel_Frequently,Robertaside,Tyler Harris,No,,,True,False,46-65,<1yr
EMP2209,Nicholas Lowery,Female,35.0,,Divorced,Sales,Sales Representative,2,Marketing,,5,52800.0,77.51,No,1.0,,3.0,3.0,4.0,3.0,1,,Travel_Rarely,Josephville,Yolanda Choi,No,,,True,False,26-35,3-6yr
EMP1707,Jessica Davis,Female,34.0,,Single,Human Resources,HR Executive,3,Business,,1,83300.0,64.3,No,5.0,2.0,4.0,2.0,2.0,0.0,0,,Non-Travel,Darylland,Raymond Lin,No,,,False,False,26-35,<1yr
EMP1730,Richard Dixon,Male,23.0,1968-07-07,Married,Finance,Financial Analyst,5,Human Resources,2019-06-13,5,68300.0,76.52,No,3.0,1.0,2.0,,3.0,4.0,0,20.3,Non-Travel,East Annettehaven,Daniel Martinez,No,,,True,False,18-25,3-6yr
EMP1446,Barbara Flores,Not Disclosed,55.0,,Married,Marketing,Content Strategist,2,Life Sciences,,1,106600.0,85.13,No,5.0,3.0,1.0,1.0,5.0,6.0,2,,Travel_Rarely,Harrisonview,Annette Jimenez,No,,,False,False,46-65,<1yr
EMP1738,Mark White,Male,37.0,,Married,Sales,Sales Manager,5,Life Sciences,2023-04-02,1,74500.0,58.58,Yes,2.0,,3.0,,3.0,2.0,0,6.4,Travel_Rarely,Taraborough,Antonio Mitchell,No,,,True,False,36-45,<1yr
EMP2400,Sandra Yu,Male,33.0,,Single,Human Resources,Recruiter,2,Life Sciences,,4,33900.0,88.64,No,2.0,,1.0,2.0,2.0,2.0,2,,Travel_Frequently,Bryanside,Tim Wade,No,,,True,False,26-35,3-6yr
EMP2028,Frank Wells,Male,27.0,,Married,Marketing,Content Strategist,4,Life Sciences,,7,111700.0,72.42,No,3.0,3.0,1.0,3.0,2.0,4.0,1,,Non-Travel,Timothyport,Kimberly Watkins,No,,,False,False,26-35,6+yr
EMP1180,Stacey Johnson,Male,25.0,,Single,Research & Development,Lab Technician,5,Business,,7,29500.0,55.93,No,5.0,1.0,2.0,2.0,2.0,6.0,0,9.7,Travel_Rarely,Courtneyton,Danielle Meyer,No,,,False,False,18-25,6+yr
EMP1970,Vickie Stewart,Female,57.0,,Married,Marketing,Marketing Executive,5,Business,2020-04-15,4,17800.0,94.47,No,1.0,4.0,4.0,3.0,2.0,3.0,3,,Travel_Rarely,East Robert,Amanda Cannon,No,,,False,False,46-65,3-6yr
EMP2402,Jose Blair,Female,38.0,,Single,Marketing,Content Strategist,1,Life Sciences,,4,51600.0,38.17,No,3.0,3.0,,4.0,1.0,6.0,3,,Travel_Rarely,New Janice,Edward Miller,Yes,Relocation,,True,False,36-45,3-6yr
EMP2384,Kathleen Shepard,Not Disclosed,51.0,,Married,IT,System Admin,5,Marketing,,8,84700.0,50.25,Yes,2.0,,1.0,4.0,5.0,6.0,0,,Travel_Rarely,North Christina,Jonathan Clark,Yes,Career Change,2021-04-05,True,False,46-65,6+yr
EMP1011,Mary Singh,Female,30.0,1983-11-20,Single,Marketing,Marketing Manager,1,Human Resources,,2,60500.0,87.83,No,1.0,3.0,2.0,3.0,4.0,3.0,2,,Non-Travel,Sandersfurt,Mark Brown,No,,,False,False,26-35,1-3yr
EMP1355,Erin Townsend,Male,59.0,1996-08-14,Not Disclosed,Finance,Accountant,2,Technical Degree,,1,87500.0,84.57,No,3.0,1.0,,4.0,2.0,5.0,0,24.8,Travel_Frequently,New Evanton,Emily Sims,No,,,True,False,46-65,<1yr
EMP1068,Blake Miller,Male,56.0,,Married,Finance,Accountant,3,Human Resources,,2,106700.0,98.25,No,4.0,1.0,3.0,2.0,2.0,4.0,1,23.9,Non-Travel,South Michael,Samantha Reynolds,No,,,False,False,46-65,1-3yr
EMP2107,Christina Benson,Female,53.0,,Married,Research & Development,Research Scientist,1,Medical,,8,30200.0,88.8,No,1.0,1.0,3.0,1.0,5.0,4.0,2,,Travel_Rarely,Williamsburgh,Hannah Pierce,No,,,False,False,46-65,6+yr
EMP1951,Colin Henson,Female,29.0,,Divorced,IT,System Admin,4,Life Sciences,2022-03-20,2,20300.0,44.12,No,3.0,3.0,3.0,3.0,2.0,1.0,0,20.5,Non-Travel,Lake Thomas,Robert Harper,No,,,False,False,26-35,1-3yr
EMP1146,Stacy Mcintyre,Not Disclosed,54.0,,Single,Finance,Financial Analyst,2,Technical Degree,,9,105700.0,70.87,No,1.0,2.0,2.0,4.0,2.0,3.0,2,2.3,Travel_Rarely,North Nicoleland,Erik Greene,No,,,False,False,46-65,6+yr
EMP2127,Seth Kelley,Male,51.0,1996-07-29,Single,IT,Software Engineer,2,Business,,6,88500.0,44.38,Yes,3.0,4.0,3.0,,1.0,4.0,1,,Travel_Frequently,Reedhaven,Candice Roberts,No,,,True,False,46-65,3-6yr
EMP1416,Stephanie Friedman,Not Disclosed,27.0,,Divorced,Marketing,Marketing Executive,2,Business,,1,61300.0,66.31,No,5.0,2.0,,4.0,3.0,3.0,2,16.2,Non-Travel,East Eric,Andre Taylor,No,,,True,False,26-35,<1yr
EMP1977,Joshua Costa,Not Disclosed,41.0,,Divorced,Finance,Financial Analyst,4,Life Sciences,2019-05-18,5,104100.0,42.62,Yes,1.0,1.0,1.0,,2.0,3.0,3,,Travel_Frequently,Rebeccaberg,John Bradford,No,,,True,False,36-45,3-6yr
EMP1507,Michael Nolan,Female,39.0,,Married,Finance,Financial Analyst,1,Human Resources,,9,41100.0,41.94,No,2.0,1.0,,4.0,2.0,6.0,0,,Travel_Rarely,Courtneyburgh,Julie Anderson,No,,,True,False,36-45,6+yr
EMP1301,Melissa Perez,Female,41.0,,Married,Research & Development,Data Analyst,5,Life Sciences,,8,107700.0,79.79,Yes,4.0,3.0,,,4.0,5.0,3,11.7,Non-Travel,Whitneychester,Joseph Carter,No,,,True,False,36-45,6+yr
EMP1524,Joshua Thompson,Male,25.0,1969-03-01,Single,Finance,Financial Analyst,5,Human Resources,,1,31800.0,69.07,Yes,3.0,2.0,2.0,4.0,0.0,3.0,3,23.7,Travel_Frequently,South Matthew,Mitchell Walker,Yes,,,False,False,18-25,<1yr
EMP1182,Jessica Hunt,Female,33.0,,Divorced,Human Resources,HR Manager,5,Life Sciences,2023-03-28,1,68500.0,82.1,Yes,5.0,4.0,1.0,1.0,3.0,0.0,1,,Travel_Rarely,Joshualand,Jesse Neal,Yes,Health Issues,,False,False,26-35,<1yr
EMP2170,Anthony Phillips,Female,60.0,,Not Disclosed,Marketing,Marketing Executive,1,Business,2021-03-14,3,88900.0,66.63,No,3.0,1.0,3.0,4.0,2.0,0.0,1,,Non-Travel,Joelmouth,Madison Griffin,No,,,False,False,46-65,1-3yr
EMP1438,Nicole Hernandez,Male,53.0,,Married,Finance,Financial Analyst,3,Human Resources,2020-02-27,4,83100.0,39.34,Yes,4.0,3.0,,4.0,5.0,6.0,1,,Travel_Frequently,Brendachester,April Chapman,No,,,True,False,46-65,3-6yr
EMP2206,Darrell Clark,Male,21.0,1985-05-22,Not Disclosed,Finance,Financial Analyst,5,Technical Degree,,2,68300.0,47.68,No,4.0,2.0,1.0,3.0,2.0,5.0,0,,Non-Travel,West Christineview,Scott Murphy,No,,,False,False,18-25,1-3yr
EMP1920,Clayton Baker,Female,35.0,,Divorced,Human Resources,HR Manager,3,Human Resources,,4,38000.0,66.14,No,5.0,1.0,2.0,1.0,1.0,2.0,1,28.3,Non-Travel,Sarahstad,Regina Austin,No,,,False,False,26-35,3-6yr
EMP1904,Derek Martin,Male,47.0,1996-02-12,Single,Marketing,Content Strategist,4,Marketing,,6,38400.0,65.63,No,4.0,,3.0,2.0,4.0,1.0,3,31.5,Travel_Frequently,North Morgan,Daryl Moore,No,,,True,False,46-65,3-6yr
EMP1139,William Miller,Female,58.0,,Divorced,Finance,Accountant,2,Life Sciences,,6,56700.0,65.83,No,1.0,2.0,2.0,4.0,4.0,0.0,2,,Non-Travel,Gardnerton,Brian Williams,No,,,False,False,46-65,3-6yr
EMP2276,Tabitha Morris Dvm,Female,44.0,,Not Disclosed,Research & Development,Data Analyst,1,Technical Degree,,7,30000.0,87.92,Yes,3.0,3.0,,3.0,5.0,1.0,1,26.4,Travel_Frequently,Garciabury,Douglas Quinn,No,,,True,False,36-45,6+yr
EMP1196,Laurie Barnett,Not Disclosed,40.0,1973-06-27,Divorced,Finance,Accountant,1,Marketing,,5,62200.0,95.66,No,3.0,3.0,,4.0,2.0,5.0,0,,Travel_Rarely,Monicaside,Briana Gonzalez,No,,,True,False,36-45,3-6yr
EMP2369,Gary Evans,Female,43.0,,Single,IT,Software Engineer,4,Technical Degree,,4,120000.0,90.11,No,3.0,4.0,,3.0,5.0,0.0,1,,Travel_Frequently,West Timothy,Kathleen Johnson,No,,,True,False,36-45,3-6yr
EMP1450,Cynthia Rodriguez,Female,23.0,1977-02-01,Married,Marketing,Content Strategist,4,Marketing,2015-11-27,9,47400.0,36.36,Yes,1.0,,4.0,,2.0,5.0,1,38.3,Travel_Frequently,Lake Beverly,Deborah Proctor,No,,,True,False,18-25,6+yr
EMP1938,Kimberly Dixon,Male,37.0,,Not Disclosed,Human Resources,HR Executive,5,Marketing,,8,18900.0,93.92,No,5.0,4.0,4.0,3.0,1.0,3.0,2,6.0,Non-Travel,New Jacqueline,Heather Moore,No,,,False,False,36-45,6+yr
EMP2240,Kathryn Werner,Not Disclosed,30.0,1977-10-18,Married,Research & Development,Data Analyst,1,Medical,,7,99800.0,78.1,Yes,3.0,,4.0,,2.0,1.0,0,,Travel_Rarely,Jeanhaven,Caleb Vasquez,No,,,True,False,26-35,6+yr
EMP1923,Aaron Hughes,Male,51.0,,Married,Human Resources,HR Manager,5,Medical,,9,22200.0,38.58,No,3.0,3.0,1.0,2.0,3.0,5.0,3,34.9,Travel_Rarely,New Sarah,Jamie Thomas,Yes,Higher Salary,,False,True,46-65,6+yr
EMP2157,Christopher Scott,Female,23.0,,Single,Sales,Sales Manager,5,Business,,2,91800.0,78.62,No,3.0,2.0,1.0,,3.0,3.0,2,11.7,Travel_Frequently,West Katieview,Lori Baird,No,,,True,False,18-25,1-3yr
EMP1175,Michele Garcia,Male,24.0,,Divorced,Research & Development,Data Analyst,2,Marketing,,3,103900.0,52.71,Yes,2.0,4.0,2.0,4.0,2.0,5.0,2,32.3,Travel_Frequently,West Davidfort,Pam Rodriguez,No,,,False,False,18-25,1-3yr
EMP1223,Roger Flores,Female,58.0,1980-05-12,Married,Human Resources,HR Executive,1,Medical,2019-12-17,5,43100.0,96.95,No,4.0,4.0,1.0,1.0,4.0,6.0,0,,Non-Travel,Maryview,Andrew Bradley,No,,,False,False,46-65,3-6yr
EMP1255,John Rios,Female,39.0,1996-08-02,Married,Finance,Finance Manager,3,Marketing,,6,82000.0,35.99,No,5.0,4.0,3.0,2.0,2.0,1.0,2,,Non-Travel,South Katherine,Alexis Anderson,No,,,False,False,36-45,3-6yr
EMP2424,Nicholas Padilla,Female,52.0,,Single,Human Resources,HR Executive,4,Life Sciences,,3,54900.0,64.82,No,1.0,,,2.0,4.0,3.0,0,25.9,Travel_Frequently,Lake Kimberlyville,Mary Martinez,No,,,True,False,46-65,1-3yr
EMP1386,Mariah Martin,Male,33.0,,Single,Research & Development,Lab Technician,3,Human Resources,,5,17000.0,36.15,No,3.0,3.0,1.0,2.0,5.0,3.0,0,,Travel_Rarely,East Pennyside,Justin Johnson,No,,,False,False,26-35,3-6yr
EMP1893,Sean Romero,Male,24.0,,Divorced,Sales,Sales Manager,2,Marketing,,2,97800.0,38.07,No,3.0,2.0,2.0,4.0,0.0,3.0,3,4.7,Non-Travel,Fisherhaven,Julia Cortez,Yes,Relocation,,False,False,18-25,1-3yr
EMP2470,Dillon Davis,Female,29.0,1968-05-31,Not Disclosed,IT,Software Engineer,1,Human Resources,,3,44200.0,32.64,No,1.0,2.0,,,5.0,5.0,0,,Non-Travel,Christineburgh,Crystal Gonzalez,Yes,,,True,False,26-35,1-3yr
EMP1823,Micheal Randolph,Male,41.0,,Married,Marketing,Content Strategist,3,Medical,2022-11-23,2,42900.0,71.18,Yes,3.0,2.0,,3.0,0.0,1.0,2,37.7,Travel_Rarely,Port Tashamouth,Kayla Rios,No,,,True,False,36-45,1-3yr
EMP2403,Willie Singleton,Female,44.0,,Married,Human Resources,HR Executive,4,Technical Degree,,4,112800.0,57.91,No,2.0,2.0,4.0,3.0,2.0,5.0,2,,Non-Travel,Port Jamesbury,Grace Avery,No,,,False,False,36-45,3-6yr
EMP1035,Ashley Fuentes,Female,44.0,1982-11-28,Married,Marketing,Marketing Manager,3,Marketing,,5,15400.0,94.15,No,1.0,1.0,2.0,1.0,3.0,3.0,3,,Non-Travel,Wallerport,Vickie Cooper,No,,,False,False,36-45,3-6yr
EMP1712,Amanda Miller,Not Disclosed,44.0,1993-12-14,Married,IT,Software Engineer,5,Medical,,5,101000.0,93.26,Yes,3.0,3.0,4.0,4.0,3.0,3.0,3,,Travel_Frequently,New Thomasfurt,Amanda Holt,No,,,False,False,36-45,3-6yr
EMP1871,Deborah Moreno,Male,49.0,1979-06-14,Married,Research & Development,Lab Technician,2,Marketing,,5,95900.0,57.51,Yes,2.0,2.0,2.0,3.0,2.0,3.0,0,,Travel_Rarely,Richardsonbury,Melissa Lutz,No,,,False,False,46-65,3-6yr
EMP1266,Valerie Walker,Female,41.0,1968-07-07,Married,Marketing,Marketing Executive,2,Marketing,2021-04-30,3,95300.0,32.16,No,2.0,3.0,2.0,4.0,2.0,3.0,2,25.0,Non-Travel,West Josephton,Richard Crane,Yes,Better Opportunity,,False,False,36-45,1-3yr
EMP1558,Mary Li,Female,29.0,1967-11-15,Married,Human Resources,HR Executive,5,Business,,7,50200.0,34.37,No,1.0,4.0,3.0,4.0,4.0,6.0,2,19.2,Travel_Frequently,East Joelport,Joshua Patel,No,,,False,False,26-35,6+yr
EMP1090,Carlos Weeks,Not Disclosed,38.0,,Divorced,Sales,Sales Representative,2,Marketing,,3,75600.0,47.04,Yes,3.0,,3.0,4.0,4.0,3.0,3,,Travel_Frequently,North Karenfurt,Rachel Johnson,No,,,True,False,36-45,1-3yr
EMP1838,Tyler Peters,Male,40.0,1970-04-13,Divorced,Sales,Sales Representative,5,Medical,,5,88100.0,39.2,Yes,2.0,1.0,4.0,1.0,2.0,3.0,1,,Non-Travel,Port Haileyburgh,Brandon Jones,No,,,False,False,36-45,3-6yr
EMP2194,Jennifer Rodriguez,Male,21.0,,Single,Human Resources,Recruiter,5,Medical,2016-04-08,8,16200.0,45.23,No,4.0,1.0,2.0,1.0,2.0,2.0,1,13.2,Travel_Frequently,North Lisaport,Rebecca Gonzalez,No,,,False,False,18-25,6+yr
EMP1843,Rodney Pittman,Female,22.0,1995-07-11,Divorced,Finance,Financial Analyst,5,Technical Degree,,5,28800.0,79.87,Yes,5.0,,,2.0,2.0,2.0,0,13.0,Non-Travel,Lake Saraland,Pam Navarro,No,,,True,False,18-25,3-6yr
EMP1001,Chris Curtis,Male,41.0,,Not Disclosed,Sales,Sales Manager,5,Life Sciences,,5,18900.0,59.27,No,1.0,,4.0,1.0,2.0,1.0,1,25.6,Non-Travel,Brandihaven,Brady Barnes,No,,,True,False,36-45,3-6yr
EMP2096,Mark Martin,Male,29.0,,Divorced,Marketing,Marketing Executive,1,Business,,4,29700.0,94.23,No,1.0,4.0,4.0,3.0,4.0,5.0,1,15.2,Travel_Frequently,Amystad,Autumn Harrison,Yes,Relocation,2023-07-15,False,False,26-35,3-6yr
EMP1614,Matthew Joseph,Female,56.0,,Divorced,Finance,Accountant,5,Marketing,2021-05-07,3,31700.0,98.8,No,5.0,,3.0,4.0,0.0,4.0,2,31.9,Non-Travel,North Matthew,Samantha Watson,No,,,True,False,46-65,1-3yr
EMP1006,John Williams,Male,52.0,,Single,Human Resources,HR Manager,5,Marketing,,3,115100.0,96.52,No,3.0,1.0,4.0,,3.0,6.0,3,17.3,Non-Travel,Matthewstad,Lauren Bryant,No,,,True,False,46-65,1-3yr
EMP1343,Beth Gonzalez,Female,36.0,1983-11-17,Married,Sales,Sales Representative,2,Technical Degree,,4,47600.0,66.88,No,3.0,,3.0,2.0,0.0,1.0,3,,Non-Travel,Gillshire,Amy Ruiz,No,,,True,False,36-45,3-6yr
EMP1955,Leslie Russell,Male,54.0,,Divorced,Sales,Sales Executive,4,Technical Degree,,6,74150.0,88.78,No,4.0,2.0,,4.0,1.0,3.0,2,9.7,Travel_Frequently,Elizabethmouth,Justin Wilson,Yes,Better Opportunity,,True,False,46-65,3-6yr
EMP1102,Karen Ryan,Male,41.0,,Married,Finance,Finance Manager,2,Medical,,6,85900.0,71.72,No,5.0,3.0,,2.0,3.0,3.0,1,35.0,Non-Travel,Millermouth,Zachary Green,No,,,True,False,36-45,3-6yr
EMP1797,Stephanie Wood,Female,39.0,,Single,Finance,Accountant,4,Human Resources,,5,65900.0,74.14,Yes,1.0,4.0,,1.0,4.0,4.0,3,4.3,Travel_Rarely,Karenfurt,Matthew Moore,No,,,True,False,36-45,3-6yr
EMP1040,Kendra Christensen,Female,34.0,,Single,Finance,Financial Analyst,4,Business,,3,82100.0,75.71,No,3.0,3.0,4.0,3.0,5.0,4.0,3,,Non-Travel,Duranfort,Nathaniel Day,No,,,False,False,26-35,1-3yr
EMP1529,Lori Greene,Not Disclosed,36.0,,Single,IT,Software Engineer,5,Life Sciences,,2,109500.0,56.37,Yes,3.0,,4.0,3.0,3.0,4.0,3,7.2,Travel_Frequently,Brandonhaven,Brian Cook,No,,,True,False,36-45,1-3yr
EMP1666,Danielle Fields,Not Disclosed,44.0,,Divorced,Sales,Sales Executive,3,Medical,,4,74150.0,44.21,Yes,2.0,4.0,2.0,4.0,1.0,1.0,1,28.8,Travel_Rarely,Andersontown,Nathan Medina,No,,,False,False,36-45,3-6yr
EMP1453,Vicki Rodriguez,Male,55.0,,Single,Sales,Sales Manager,3,Life Sciences,,7,58400.0,41.77,No,3.0,4.0,,2.0,2.0,5.0,2,23.9,Non-Travel,South Michael,Tiffany Mcknight,No,,,True,False,46-65,6+yr
EMP1781,Lauren Tucker,Not Disclosed,57.0,,Divorced,IT,Software Engineer,5,Human Resources,2015-02-06,9,112000.0,98.89,Yes,5.0,,2.0,3.0,5.0,3.0,1,,Non-Travel,Richardfort,Xavier Peterson,No,,,True,False,46-65,6+yr
EMP1661,Linda Clayton,Female,37.0,,Divorced,IT,System Admin,3,Marketing,,9,77900.0,68.39,Yes,1.0,1.0,3.0,2.0,2.0,6.0,2,,Non-Travel,New Zoe,Stephanie Parker,No,,,False,False,36-45,6+yr
EMP1125,Joyce Mooney,Male,50.0,,Married,IT,IT Support,3,Life Sciences,,5,79500.0,40.97,Yes,2.0,2.0,2.0,,2.0,1.0,2,,Travel_Frequently,Lake Traceystad,Dawn ReYes,No,,,True,False,46-65,3-6yr
EMP1178,Dr. Susan Briggs,Female,59.0,,Single,Sales,Sales Representative,1,Human Resources,2015-06-25,9,22700.0,39.96,Yes,3.0,4.0,,3.0,2.0,3.0,1,,Travel_Frequently,Lake Sarah,Jay Chen,No,,,True,False,46-65,6+yr
EMP1137,Scott Diaz,Male,37.0,1984-08-07,Married,Sales,Sales Representative,2,Marketing,,5,111300.0,46.93,No,4.0,1.0,,4.0,2.0,1.0,1,,Non-Travel,West Ryan,Samantha Carter,Yes,Better Opportunity,,True,False,36-45,3-6yr
EMP1337,Daniel Smith,Female,46.0,,Single,Marketing,Marketing Manager,5,Life Sciences,2021-06-30,3,55200.0,88.48,Yes,2.0,1.0,3.0,1.0,5.0,1.0,1,8.5,Travel_Frequently,Angelaburgh,Emily Gomez,No,,,False,False,46-65,1-3yr
EMP1119,Mark Rodriguez,Female,46.0,1973-11-17,Married,Research & Development,Data Analyst,2,Marketing,,6,76900.0,44.8,No,3.0,4.0,3.0,,3.0,6.0,2,,Non-Travel,North Raymondchester,Kathryn Chen,No,,,True,False,46-65,3-6yr
EMP2118,Craig Avila,Male,35.0,1977-05-21,Single,Research & Development,Lab Technician,1,Medical,2020-12-24,4,28200.0,36.12,Yes,5.0,3.0,3.0,1.0,2.0,5.0,2,34.5,Non-Travel,Smithbury,David Brewer,No,,,False,False,26-35,3-6yr
EMP2451,Rhonda Davidson,Female,37.0,,Not Disclosed,IT,IT Support,3,Technical Degree,,1,34900.0,65.08,No,2.0,,,3.0,3.0,6.0,3,,Travel_Frequently,Lindaport,Joseph Martinez,No,,,True,False,36-45,<1yr
EMP1506,Jason Vance,Female,54.0,,Single,IT,Software Engineer,4,Marketing,,4,25800.0,41.6,Yes,5.0,4.0,4.0,,2.0,4.0,3,,Travel_Rarely,South Stephanie,Whitney Romero,No,,,True,False,46-65,3-6yr
EMP2309,Mark Martin,Not Disclosed,28.0,,Single,Sales,Sales Representative,2,Business,,1,77800.0,84.29,Yes,3.0,1.0,2.0,1.0,3.0,1.0,1,25.4,Non-Travel,West Edwardmouth,Thomas Travis,No,,,False,False,26-35,<1yr
EMP1618,Thomas French,Not Disclosed,33.0,,Married,Sales,Sales Manager,4,Marketing,2021-07-18,3,74450.0,52.91,No,3.0,,4.0,2.0,2.0,0.0,2,25.8,Non-Travel,South Shawn,Jennifer Davis,No,,,True,False,26-35,1-3yr
EMP1352,Nicole Miller,Male,59.0,,Not Disclosed,Sales,Sales Executive,2,Human Resources,2015-07-13,9,55800.0,45.59,Yes,1.0,,4.0,,1.0,0.0,3,,Non-Travel,Lake Erinchester,Amy Montgomery,No,,,True,False,46-65,6+yr
EMP2081,Erika Pacheco,Male,40.0,,Divorced,Sales,Sales Representative,2,Medical,2019-11-26,5,28100.0,72.81,No,1.0,2.0,2.0,1.0,0.0,5.0,3,,Non-Travel,Holmeston,Mary Forbes,No,,,False,False,36-45,3-6yr
EMP1193,Cole Fisher,Female,59.0,,Divorced,Finance,Accountant,1,Medical,,3,98700.0,36.59,Yes,2.0,2.0,4.0,4.0,2.0,3.0,0,,Non-Travel,Heatherland,Evan Good,No,,,False,False,46-65,1-3yr
EMP2450,Dana Lara,Male,58.0,,Not Disclosed,Research & Development,Data Analyst,4,Medical,,9,111700.0,74.58,No,5.0,2.0,3.0,,5.0,3.0,3,,Non-Travel,Calvinmouth,Brandy Martinez,No,,,True,False,46-65,6+yr
EMP2064,Philip Thomas,Female,58.0,,Married,Research & Development,Lab Technician,3,Marketing,2019-09-16,5,64250.0,47.29,No,1.0,4.0,3.0,1.0,0.0,1.0,1,10.1,Non-Travel,Jonmouth,Jack Gray,No,,,False,False,46-65,3-6yr
EMP1935,Jonathon Middleton,Male,59.0,,Divorced,Sales,Sales Representative,2,Human Resources,,5,95900.0,95.82,Yes,2.0,,3.0,4.0,0.0,0.0,3,,Travel_Frequently,Matthewhaven,Pamela Long,No,,,True,False,46-65,3-6yr
EMP2166,Cassandra Richardson,Not Disclosed,39.0,,Single,IT,System Admin,3,Marketing,,3,25700.0,58.53,No,1.0,,1.0,3.0,0.0,1.0,0,5.5,Non-Travel,Lake James,Kara Macias,No,,,True,False,36-45,1-3yr
EMP1136,Angel Doyle,Male,27.0,,Divorced,Marketing,Marketing Executive,3,Technical Degree,,2,119700.0,61.45,No,3.0,2.0,,2.0,0.0,2.0,2,20.1,Non-Travel,New Timothyberg,Nathan Garrett,No,,,True,False,26-35,1-3yr
EMP1245,Stephanie Lamb,Female,39.0,,Married,Finance,Financial Analyst,3,Marketing,,8,73000.0,69.43,No,3.0,2.0,3.0,1.0,2.0,6.0,3,,Travel_Rarely,North Pamela,Jennifer Foster,No,,,False,False,36-45,6+yr
EMP1461,Ashlee Russell,Male,26.0,,Single,Finance,Accountant,4,Technical Degree,,7,17700.0,67.18,Yes,2.0,1.0,2.0,,5.0,0.0,1,,Non-Travel,Matthewview,Erin Johnson,No,,,True,False,26-35,6+yr
EMP1042,Rebecca Dawson,Not Disclosed,31.0,,Not Disclosed,Human Resources,HR Executive,1,Technical Degree,,4,94100.0,51.11,No,1.0,4.0,3.0,1.0,4.0,6.0,0,36.3,Non-Travel,North Bobbystad,Jerry Williams,Yes,Higher Salary,2024-10-29,False,False,26-35,3-6yr
EMP1724,Henry Frost,Male,46.0,,Married,IT,IT Support,3,Marketing,,8,61700.0,51.02,No,3.0,2.0,2.0,1.0,1.0,4.0,0,16.3,Travel_Frequently,Samanthamouth,Eric Conway,Yes,Health Issues,,False,False,46-65,6+yr
EMP2293,Matthew Rivera,Male,50.0,,Married,Sales,Sales Executive,5,Technical Degree,2018-12-19,6,110000.0,73.23,Yes,5.0,1.0,3.0,4.0,3.0,4.0,3,21.4,Travel_Frequently,Hallfort,Edward Hart,Yes,,,False,False,46-65,3-6yr
EMP1637,Heather Roberson,Male,43.0,1966-04-13,Divorced,Marketing,Marketing Manager,1,Marketing,,4,57400.0,47.08,No,3.0,,3.0,1.0,5.0,2.0,3,,Travel_Rarely,Thomaston,Roy Klein,No,,,True,False,36-45,3-6yr
EMP1359,Blake Blair,Male,41.0,1987-01-18,Single,Human Resources,HR Executive,1,Business,2015-08-30,9,31900.0,30.49,Yes,2.0,3.0,3.0,1.0,4.0,3.0,1,14.5,Travel_Frequently,East Angelafort,Sherry Mccall,Yes,Retirement,2021-09-18,False,False,36-45,6+yr
EMP2095,Michelle Allen,Male,23.0,,Single,Finance,Finance Manager,3,Life Sciences,,2,83500.0,46.52,Yes,2.0,,,4.0,3.0,3.0,3,,Non-Travel,Heatherborough,Anthony Lamb,No,,,True,False,18-25,1-3yr
EMP1298,Morgan Ward,Not Disclosed,32.0,,Single,IT,IT Support,4,Human Resources,,9,32400.0,88.16,Yes,3.0,3.0,2.0,1.0,4.0,0.0,1,,Non-Travel,Port Deannafort,Dean Rodriguez,No,,,False,False,26-35,6+yr
EMP2217,Craig Reyes,Not Disclosed,41.0,1983-09-04,Married,Human Resources,HR Manager,2,Marketing,2016-10-12,8,102900.0,91.45,Yes,4.0,2.0,1.0,4.0,1.0,1.0,1,,Travel_Frequently,Port Richardshire,Drew Foster,No,,,False,False,36-45,6+yr
EMP2342,Mr. Glenn Scott,Female,41.0,,Single,Research & Development,Lab Technician,3,Business,2019-02-05,5,112500.0,68.59,No,3.0,1.0,,,2.0,5.0,3,,Travel_Frequently,New Hollybury,George Adams,No,,,True,False,36-45,3-6yr
EMP1759,Angelica Howell,Female,50.0,,Single,Research & Development,Lab Technician,1,Marketing,,2,64250.0,77.33,No,1.0,1.0,3.0,,0.0,5.0,0,21.0,Travel_Rarely,New Justinmouth,Amanda Pierce,No,,,True,False,46-65,1-3yr
EMP1518,Brian Hicks,Male,39.0,,Divorced,Research & Development,Lab Technician,3,Medical,,3,67200.0,30.85,No,3.0,4.0,1.0,2.0,1.0,2.0,3,,Travel_Rarely,Johnhaven,William Stafford,Yes,Relocation,,False,False,36-45,1-3yr
EMP1559,Austin Contreras,Male,41.0,,Married,IT,System Admin,4,Marketing,,6,28800.0,32.37,No,3.0,4.0,4.0,3.0,3.0,6.0,1,12.9,Non-Travel,Michaelberg,Martha Walker,No,,,False,False,36-45,3-6yr
EMP2137,Jessica Conley,Male,35.0,,Divorced,Finance,Accountant,5,Technical Degree,,8,45700.0,44.05,No,3.0,,4.0,2.0,2.0,3.0,2,,Non-Travel,South Laura,Christopher Sims,No,,,True,False,26-35,6+yr
EMP1814,Elizabeth Gregory,Male,40.0,,Divorced,Research & Development,Data Analyst,1,Technical Degree,2022-01-14,2,76400.0,36.43,Yes,3.0,1.0,3.0,2.0,5.0,1.0,1,39.2,Non-Travel,Richardsville,Aaron Huang,No,,,False,False,36-45,1-3yr
EMP1619,Erica Fields,Female,46.0,,Single,IT,System Admin,1,Business,,9,78100.0,30.97,Yes,4.0,1.0,2.0,2.0,3.0,3.0,1,11.4,Travel_Rarely,Parrishbury,Oscar Rollins,No,,,False,False,46-65,6+yr
EMP1466,Debbie Wilson,Female,54.0,,Single,Research & Development,Data Analyst,5,Medical,2015-10-30,9,76400.0,67.12,No,4.0,2.0,1.0,3.0,3.0,4.0,0,,Travel_Frequently,North Eric,Angela Torres,Yes,Higher Salary,,False,False,46-65,6+yr
EMP1411,Yolanda Kemp,Male,53.0,,Single,Research & Development,Research Scientist,1,Marketing,,5,68900.0,51.64,Yes,3.0,2.0,1.0,4.0,4.0,1.0,2,12.1,Travel_Frequently,Lake Jeremyborough,Jack Benjamin,No,,,False,False,46-65,3-6yr
EMP1944,Mr. Adam Sanchez,Female,36.0,,Married,Research & Development,Data Analyst,5,Medical,,4,94200.0,38.67,Yes,3.0,3.0,,,1.0,4.0,0,21.8,Non-Travel,Hillburgh,Haley Miller,No,,,True,False,36-45,3-6yr
EMP1985,Dennis Page,Male,24.0,,Married,Human Resources,Recruiter,3,Life Sciences,,2,101300.0,46.04,No,4.0,3.0,3.0,,2.0,2.0,0,4.5,Travel_Frequently,Sarahtown,Ashley Simpson,No,,,True,False,18-25,1-3yr
EMP2458,Jamie Butler,Male,27.0,2003-01-10,Single,IT,System Admin,4,Marketing,,1,70500.0,48.22,No,4.0,2.0,1.0,,3.0,2.0,0,2.9,Non-Travel,Lake Luis,Terry Jensen,No,,,True,False,26-35,<1yr
EMP2365,Tracy Conrad,Female,55.0,,Single,Marketing,Content Strategist,1,Medical,,1,119800.0,81.82,No,2.0,4.0,1.0,2.0,2.0,2.0,2,21.5,Non-Travel,North Daniel,Jessica Huff,Yes,,2024-07-12,False,False,46-65,<1yr
EMP1039,Jonathan Smith,Female,53.0,,Single,Sales,Sales Representative,5,Business,,9,37900.0,53.8,Yes,2.0,3.0,1.0,,5.0,3.0,0,,Non-Travel,Willisfurt,Eric Hall,No,,,True,False,46-65,6+yr
EMP1679,Eric Willis,Female,30.0,1990-07-08,Married,IT,System Admin,2,Marketing,2015-03-27,9,85800.0,90.81,No,2.0,4.0,1.0,4.0,2.0,3.0,1,36.3,Travel_Frequently,Matthewmouth,Edward Gray,No,,,False,False,26-35,6+yr
EMP1080,Marc Miller,Female,23.0,,Single,IT,System Admin,2,Marketing,,5,115600.0,88.96,No,1.0,4.0,3.0,3.0,2.0,3.0,3,23.9,Travel_Rarely,Brownville,Mary Moore,No,,,False,False,18-25,3-6yr
EMP2361,Christopher Edwards,Male,49.0,,Married,Research & Development,Lab Technician,3,Human Resources,,3,117600.0,80.15,No,2.0,1.0,1.0,3.0,2.0,0.0,2,,Travel_Frequently,Robinsonberg,Andrea Deleon,No,,,False,False,46-65,1-3yr
EMP1687,William Morris,Not Disclosed,46.0,,Married,Human Resources,HR Executive,5,Marketing,,2,117500.0,97.25,No,3.0,,,,2.0,6.0,0,3.7,Travel_Rarely,South Amber,Edwin Walker,No,,,True,False,46-65,1-3yr
EMP1492,Megan Turner,Female,29.0,,Single,IT,Software Engineer,2,Marketing,,9,98400.0,92.23,Yes,3.0,2.0,3.0,1.0,5.0,2.0,2,31.5,Non-Travel,South Carrie,Kristen Smith,No,,,False,False,26-35,6+yr
EMP1825,Molly Banks,Female,33.0,,Divorced,Human Resources,Recruiter,1,Human Resources,,9,31700.0,30.44,No,3.0,3.0,1.0,1.0,2.0,6.0,3,,Travel_Frequently,North Cindy,Cynthia Walters,No,,,False,False,26-35,6+yr
EMP1528,Krista Hess,Female,42.0,,Married,Research & Development,Data Analyst,5,Life Sciences,2019-11-09,5,47600.0,66.77,No,5.0,3.0,3.0,1.0,5.0,3.0,0,,Travel_Frequently,Michaelburgh,Michael Berry,No,,,False,False,36-45,3-6yr
EMP2429,Scott Duran,Male,32.0,,Single,Finance,Financial Analyst,1,Technical Degree,,6,70600.0,66.58,No,5.0,3.0,,4.0,1.0,4.0,2,5.0,Non-Travel,East Jodichester,Stephen Stewart,No,,,True,False,26-35,3-6yr
EMP1760,Noah Cordova,Male,31.0,,Not Disclosed,Marketing,Marketing Manager,1,Business,2021-03-13,3,61400.0,30.15,Yes,1.0,4.0,,2.0,1.0,2.0,1,33.0,Non-Travel,East Davidton,Monica Moore,No,,,True,False,26-35,1-3yr
EMP2076,Amy Garcia,Male,39.0,,Married,Research & Development,Data Analyst,4,Medical,,8,76800.0,51.0,Yes,5.0,4.0,4.0,2.0,2.0,1.0,3,,Non-Travel,Lesliemouth,Steven Fitzgerald,No,,,False,False,36-45,6+yr
EMP1927,Kenneth Wilson,Male,50.0,,Not Disclosed,Sales,Sales Representative,4,Life Sciences,,5,67300.0,94.81,No,3.0,,,1.0,3.0,3.0,2,9.3,Travel_Rarely,South Stefanieport,Joshua Baker,Yes,Higher Salary,2023-02-05,True,False,46-65,3-6yr
EMP1694,Michael Peterson,Female,32.0,,Single,Finance,Financial Analyst,2,Medical,,1,29200.0,79.32,Yes,4.0,1.0,3.0,4.0,1.0,0.0,2,,Non-Travel,Joshuahaven,Brett Roberts,No,,,False,False,26-35,<1yr
EMP1966,Kevin Rodriguez,Male,57.0,,Married,Finance,Financial Analyst,2,Business,,10,16700.0,71.78,Yes,3.0,3.0,,1.0,0.0,2.0,3,2.4,Non-Travel,South Angela,Dennis Davidson,Yes,Health Issues,2016-11-19,True,False,46-65,6+yr
EMP1421,Mark Griffin,Male,27.0,,Divorced,Sales,Sales Representative,2,Technical Degree,,4,118700.0,49.46,Yes,5.0,,3.0,1.0,2.0,1.0,0,,Non-Travel,New Kennethchester,Jeremiah Dudley,No,,,True,False,26-35,3-6yr
EMP1832,Colleen Johnson,Not Disclosed,45.0,,Single,Marketing,Marketing Executive,1,Human Resources,,8,75300.0,51.7,Yes,4.0,1.0,4.0,2.0,2.0,0.0,2,20.9,Travel_Rarely,Stanleymouth,Shannon Fischer,No,,,False,False,36-45,6+yr
EMP2294,Eric Hernandez,Not Disclosed,24.0,,Single,Marketing,Content Strategist,1,Marketing,,8,77800.0,61.48,Yes,5.0,1.0,3.0,3.0,3.0,4.0,2,11.9,Travel_Rarely,Brownstad,Christine Jones,No,,,False,False,18-25,6+yr
EMP2180,Daniel Ford,Male,33.0,,Married,IT,IT Support,1,Medical,2023-01-05,1,17500.0,61.44,No,3.0,,4.0,1.0,0.0,6.0,1,35.1,Non-Travel,Johnsonfurt,Beverly Evans,No,,,True,False,26-35,<1yr
EMP2393,Jessica Chandler,Male,48.0,,Single,Sales,Sales Manager,3,Human Resources,,3,24500.0,96.26,Yes,5.0,2.0,,1.0,5.0,3.0,1,31.7,Non-Travel,South Tiffanyshire,Adam Burnett,No,,,True,False,46-65,1-3yr
EMP2500,Courtney Frank,Male,24.0,2004-05-04,Single,Research & Development,Research Scientist,2,Medical,,7,72500.0,57.86,Yes,4.0,2.0,3.0,3.0,0.0,4.0,0,24.9,Travel_Rarely,New Shane,Bradley Mercer,No,,,False,False,18-25,6+yr
EMP1591,Grant Berry,Male,39.0,1978-08-11,Married,Marketing,Marketing Manager,3,Marketing,,6,47600.0,86.74,No,2.0,1.0,,1.0,0.0,2.0,2,7.5,Travel_Frequently,Lake Jennifer,Tony Lynn,No,,,True,False,36-45,3-6yr
EMP2310,Theresa Buckley,Female,41.0,,Divorced,Research & Development,Research Scientist,2,Technical Degree,,6,16700.0,84.61,No,4.0,4.0,4.0,3.0,1.0,2.0,1,,Travel_Frequently,Archermouth,George Torres,No,,,False,False,36-45,3-6yr
EMP1458,Matthew Henderson,Not Disclosed,58.0,,Married,Sales,Sales Manager,5,Human Resources,,5,74450.0,64.02,No,3.0,1.0,3.0,4.0,5.0,1.0,3,,Travel_Frequently,Sanchezberg,Jeffrey Huynh,No,,,False,False,46-65,3-6yr
EMP1767,Alexis Weber,Female,47.0,,Single,Finance,Finance Manager,5,Technical Degree,,9,99800.0,38.14,Yes,4.0,,2.0,,4.0,3.0,1,,Travel_Frequently,Sharpland,Jordan Pope,Yes,Career Change,,True,False,46-65,6+yr
EMP1112,Donna Christensen,Female,33.0,1967-10-12,Single,IT,IT Support,4,Medical,,6,22600.0,66.02,No,3.0,1.0,4.0,1.0,5.0,2.0,1,15.8,Travel_Frequently,South Heatherburgh,Tina Robertson,Yes,Career Change,2024-10-09,False,False,26-35,3-6yr
EMP1934,Pamela Hubbard,Female,43.0,,Married,IT,Software Engineer,4,Business,,8,71500.0,45.95,Yes,2.0,4.0,4.0,2.0,5.0,1.0,2,2.2,Travel_Rarely,Lake Waynetown,Lisa Williams,No,,,False,False,36-45,6+yr
EMP1980,Donald Montgomery,Male,24.0,1968-04-24,Divorced,IT,IT Support,3,Human Resources,,2,58100.0,81.61,Yes,3.0,3.0,4.0,1.0,3.0,3.0,3,37.8,Travel_Rarely,Ellishaven,Joseph Bailey,No,,,False,False,18-25,1-3yr
EMP1945,Patricia Graham,Not Disclosed,41.0,,Married,IT,IT Support,5,Life Sciences,,2,108100.0,51.97,No,3.0,4.0,4.0,3.0,3.0,4.0,0,,Non-Travel,Lindseyton,Taylor Armstrong,Yes,,,False,False,36-45,1-3yr
EMP2023,Richard Obrien,Male,31.0,,Married,Research & Development,Lab Technician,3,Marketing,,4,108800.0,30.16,Yes,3.0,3.0,2.0,2.0,3.0,2.0,0,5.0,Non-Travel,New Charlesmouth,Rebecca Eaton,No,,,False,False,26-35,3-6yr
EMP2032,Tyler Roy,Female,48.0,,Not Disclosed,Research & Development,Lab Technician,1,Technical Degree,,3,117800.0,92.89,Yes,2.0,4.0,,4.0,3.0,3.0,2,10.8,Non-Travel,Lake Brandon,Kimberly Ware,Yes,Better Opportunity,,True,False,46-65,1-3yr
EMP1455,Kevin Owen,Female,39.0,,Not Disclosed,Finance,Accountant,5,Human Resources,,5,16200.0,86.99,Yes,3.0,,,3.0,0.0,2.0,1,6.2,Travel_Frequently,New Tylermouth,Anthony Henderson,Yes,Retirement,,True,False,36-45,3-6yr
EMP2287,Nancy Matthews,Male,35.0,1984-12-27,Single,Human Resources,HR Executive,3,Technical Degree,,4,63915.0,90.74,No,3.0,1.0,3.0,1.0,4.0,1.0,0,1.6,Travel_Frequently,East Robertmouth,Cody Robinson,No,,,False,False,26-35,3-6yr
EMP2078,Katie Potts,Female,59.0,,Divorced,Marketing,Content Strategist,1,Marketing,,6,56700.0,43.3,No,5.0,,2.0,4.0,2.0,2.0,1,6.8,Non-Travel,Stevenland,William Wright,No,,,True,False,46-65,3-6yr
EMP1664,Blake Mcdowell,Male,39.0,,Divorced,IT,Software Engineer,4,Business,,2,111700.0,74.78,No,3.0,1.0,4.0,,4.0,6.0,0,,Travel_Frequently,Martinezburgh,Christina Crawford,No,,,True,False,36-45,1-3yr
EMP2259,Richard Daniels,Male,34.0,,Divorced,Research & Development,Data Analyst,2,Technical Degree,,7,26900.0,64.22,Yes,5.0,4.0,3.0,1.0,1.0,3.0,1,26.8,Non-Travel,Lake Matthew,Megan Allen,No,,,False,False,26-35,6+yr
EMP2186,Kevin Brown,Female,50.0,,Not Disclosed,IT,Software Engineer,3,Life Sciences,,5,26100.0,68.02,No,3.0,2.0,4.0,1.0,4.0,6.0,1,,Travel_Frequently,Lake Kevin,Bill Hill,No,,,False,False,46-65,3-6yr
EMP1757,Amber Campbell,Female,25.0,,Single,Sales,Sales Representative,4,Medical,,1,54600.0,60.79,No,3.0,1.0,3.0,4.0,4.0,4.0,1,,Travel_Rarely,New Brittany,Wesley Burgess,No,,,False,False,18-25,<1yr
EMP2201,Bruce Andrews,Not Disclosed,42.0,,Not Disclosed,Marketing,Marketing Manager,4,Marketing,2016-10-23,8,69000.0,83.36,Yes,5.0,4.0,2.0,1.0,2.0,2.0,2,30.5,Travel_Frequently,South Thomaschester,Elizabeth Anderson,No,,,False,False,36-45,6+yr
EMP2484,Nicholas Wright,Male,58.0,,Divorced,Marketing,Marketing Manager,3,Technical Degree,,8,96500.0,95.33,No,3.0,3.0,,,5.0,3.0,0,,Travel_Frequently,Foleymouth,Erik Edwards,No,,,True,False,46-65,6+yr
EMP2297,Calvin Walker,Not Disclosed,32.0,,Single,Sales,Sales Representative,1,Technical Degree,,7,56200.0,93.67,No,2.0,1.0,4.0,2.0,3.0,3.0,1,,Non-Travel,North Amy,Jonathan Robinson,No,,,False,False,26-35,6+yr
EMP1115,William Mccoy,Not Disclosed,50.0,2003-05-18,Not Disclosed,IT,IT Support,1,Medical,,8,86300.0,39.4,Yes,5.0,,1.0,,0.0,3.0,3,22.2,Non-Travel,West Bonniehaven,Ryan Bates,No,,,True,False,46-65,6+yr
EMP1069,John Watson,Not Disclosed,46.0,,Married,Sales,Sales Executive,1,Medical,,8,74150.0,34.21,Yes,5.0,,4.0,,1.0,1.0,1,,Non-Travel,Jofort,Jason Cain,No,,,True,False,46-65,6+yr
EMP1979,Daniel Smith,Not Disclosed,28.0,1975-06-24,Single,Research & Development,Lab Technician,5,Human Resources,2018-11-30,6,114100.0,78.66,No,3.0,4.0,,,2.0,6.0,2,37.9,Travel_Frequently,Lake Roberto,April Peterson MD,No,,,True,False,26-35,3-6yr
EMP1547,Douglas Ingram,Female,35.0,1984-04-15,Divorced,Marketing,Marketing Executive,3,Technical Degree,,2,46700.0,87.62,No,3.0,2.0,3.0,,2.0,0.0,2,,Non-Travel,South Daniel,Candice Jones,Yes,Better Opportunity,2023-04-07,True,False,26-35,1-3yr
EMP1718,Meghan Franco,Female,27.0,,Married,Sales,Sales Manager,1,Human Resources,,5,24000.0,32.13,Yes,1.0,4.0,3.0,,5.0,3.0,3,,Non-Travel,Carterchester,Shelly Johnson,Yes,,,True,False,26-35,3-6yr
EMP2463,Melissa York,Female,49.0,,Single,Finance,Accountant,1,Medical,,1,41700.0,32.09,No,4.0,2.0,4.0,,5.0,3.0,0,,Non-Travel,Brianview,Paul Grant,No,,,True,False,46-65,<1yr
EMP1727,Stephanie Smith,Male,47.0,1986-09-29,Single,Human Resources,HR Manager,1,Business,,9,82800.0,85.01,No,3.0,2.0,2.0,1.0,1.0,3.0,1,,Non-Travel,Bakerland,Mary Jackson,No,,,False,False,46-65,6+yr
EMP2269,Brianna Moore,Not Disclosed,54.0,2004-07-15,Married,Sales,Sales Manager,1,Life Sciences,2020-10-09,4,102200.0,34.99,No,4.0,3.0,,2.0,2.0,3.0,1,,Travel_Frequently,New Michelleberg,Tonya Ferguson,No,,,True,False,46-65,3-6yr
EMP1650,Clinton Weaver,Male,32.0,,Single,Human Resources,HR Executive,2,Technical Degree,,4,72400.0,48.23,No,2.0,4.0,4.0,3.0,5.0,6.0,3,,Travel_Frequently,Morenotown,Kenneth Bruce,No,,,False,False,26-35,3-6yr
EMP1272,Ryan Mathews,Female,41.0,,Married,Sales,Sales Manager,4,Life Sciences,,4,54500.0,69.0,No,3.0,1.0,4.0,2.0,2.0,6.0,1,11.7,Non-Travel,East Cameron,Helen Harris,No,,,False,False,36-45,3-6yr
EMP2372,Ashley Morgan,Female,56.0,,Single,IT,Software Engineer,2,Medical,,2,89100.0,72.66,No,3.0,1.0,4.0,4.0,0.0,1.0,3,2.7,Travel_Frequently,Lloydburgh,Jeremiah Hughes,No,,,False,False,46-65,1-3yr
EMP1787,Mark Larson,Male,53.0,,Divorced,Sales,Sales Executive,2,Marketing,,3,86400.0,40.23,Yes,2.0,2.0,2.0,2.0,3.0,2.0,3,,Travel_Frequently,West Sharontown,John Taylor,No,,,False,False,46-65,1-3yr
EMP1253,Robert Henderson,Female,23.0,,Divorced,Marketing,Marketing Executive,1,Business,2020-04-17,4,57500.0,80.11,Yes,3.0,4.0,3.0,2.0,2.0,3.0,0,1.6,Non-Travel,Lake Tina,Crystal Montgomery,No,,,False,False,18-25,3-6yr
EMP1216,Anthony Howard,Male,48.0,,Not Disclosed,Finance,Finance Manager,1,Life Sciences,,8,25800.0,91.36,Yes,3.0,4.0,4.0,3.0,0.0,3.0,2,,Non-Travel,Derrickfort,Cynthia Allen,No,,,False,False,46-65,6+yr
EMP1785,Michael Tanner,Not Disclosed,52.0,,Married,Sales,Sales Manager,4,Technical Degree,,2,62500.0,74.17,Yes,1.0,4.0,,3.0,4.0,3.0,2,,Travel_Frequently,Port Timothyborough,Jason Abbott,Yes,Higher Salary,,True,False,46-65,1-3yr
EMP2243,Elizabeth Best,Male,21.0,,Married,Sales,Sales Executive,4,Marketing,,8,110300.0,41.52,Yes,3.0,2.0,,2.0,5.0,3.0,2,,Non-Travel,Johnport,Derek Garza,No,,,True,False,18-25,6+yr
EMP1135,Julie Hart,Female,43.0,,Single,Sales,Sales Representative,3,Human Resources,,2,70400.0,46.7,No,2.0,4.0,2.0,1.0,2.0,6.0,2,,Travel_Rarely,Ronaldland,Isaac Lucas,No,,,False,False,36-45,1-3yr
EMP2001,Cassandra Smith,Male,34.0,,Divorced,Sales,Sales Representative,3,Marketing,,2,21100.0,89.84,Yes,2.0,4.0,4.0,,2.0,3.0,2,7.3,Non-Travel,Port Michelleburgh,Laura Larson,No,,,True,False,26-35,1-3yr
EMP2176,Evan Pearson,Male,44.0,,Single,Human Resources,HR Executive,2,Technical Degree,,4,63915.0,31.82,No,2.0,,2.0,3.0,0.0,1.0,0,,Travel_Rarely,East Jamesview,Angela Hodge,Yes,Higher Salary,,True,False,36-45,3-6yr
EMP2151,Jamie Bowen,Female,44.0,,Married,Marketing,Marketing Manager,4,Medical,2021-04-01,3,45000.0,63.2,No,3.0,4.0,3.0,2.0,4.0,4.0,3,,Travel_Rarely,Irwinmouth,Allison Todd,No,,,False,False,36-45,1-3yr
EMP2055,Mr. Joe Stevens,Male,36.0,,Married,Finance,Accountant,2,Technical Degree,,8,79600.0,72.46,No,3.0,1.0,3.0,2.0,2.0,0.0,3,19.2,Travel_Frequently,Shermanport,Roger Davis,No,,,False,False,36-45,6+yr
EMP1659,George Montgomery,Male,24.0,,Single,Research & Development,Research Scientist,4,Life Sciences,2020-08-19,4,66350.0,45.69,No,3.0,3.0,3.0,2.0,4.0,3.0,0,,Non-Travel,West Juanstad,Jason Jacobs,Yes,,,False,False,18-25,3-6yr
EMP1128,Heather Fowler,Male,41.0,,Single,Human Resources,Recruiter,4,Technical Degree,,2,68500.0,90.22,Yes,3.0,1.0,3.0,4.0,1.0,3.0,2,,Non-Travel,Ferrellside,Penny Harrison,No,,,False,False,36-45,1-3yr
EMP2437,Erica Phillips,Female,51.0,,Divorced,Research & Development,Lab Technician,3,Life Sciences,,5,80700.0,42.44,Yes,1.0,2.0,3.0,4.0,2.0,0.0,2,,Non-Travel,East Shannon,James Diaz,No,,,False,False,46-65,3-6yr
EMP2421,Kara Coleman,Male,21.0,2003-11-21,Single,Human Resources,HR Executive,1,Technical Degree,,6,49900.0,93.85,No,2.0,3.0,2.0,,4.0,6.0,2,35.7,Non-Travel,North Charles,Alexandra Dixon,No,,,True,False,18-25,3-6yr
EMP2249,Jennifer Ramirez,Female,38.0,,Divorced,IT,Software Engineer,4,Business,,7,49800.0,40.47,No,1.0,,3.0,3.0,1.0,6.0,3,25.6,Non-Travel,Lake Amberberg,Laura Shepherd,No,,,True,False,36-45,6+yr
EMP1238,Jamie Thomas,Male,53.0,,Not Disclosed,Research & Development,Data Analyst,2,Life Sciences,,5,27000.0,90.28,No,2.0,4.0,3.0,3.0,4.0,4.0,2,,Non-Travel,Stacytown,Katelyn Webb MD,Yes,Career Change,,False,False,46-65,3-6yr
EMP2412,Meagan Castro,Female,28.0,2001-01-05,Married,Human Resources,Recruiter,1,Human Resources,,5,65000.0,69.35,No,3.0,,4.0,,3.0,3.0,1,,Non-Travel,Sherryberg,Nathan Bernard,No,,,True,False,26-35,3-6yr
EMP2139,Julie Butler,Male,41.0,,Single,Finance,Finance Manager,2,Medical,,2,111600.0,31.93,No,4.0,4.0,,1.0,2.0,1.0,0,,Non-Travel,Port Elizabeth,Hayden Pratt,No,,,True,False,36-45,1-3yr
EMP1460,Patrick Moran,Not Disclosed,47.0,1986-01-17,Single,Sales,Sales Representative,5,Marketing,,8,88300.0,39.23,No,3.0,,4.0,3.0,0.0,5.0,2,,Non-Travel,South Jonathon,John Miles,Yes,Higher Salary,,True,False,46-65,6+yr
EMP2178,Jordan Patterson,Male,57.0,,Divorced,Sales,Sales Manager,1,Life Sciences,,6,115300.0,78.15,No,2.0,1.0,,4.0,3.0,0.0,2,,Travel_Rarely,North Jessica,Pamela Morgan,Yes,Health Issues,,True,False,46-65,3-6yr
EMP1056,Keith Clay,Female,32.0,,Single,Research & Development,Research Scientist,2,Technical Degree,,6,66350.0,83.68,No,3.0,,1.0,3.0,2.0,1.0,3,37.2,Travel_Frequently,Reeseborough,George Brown,No,,,True,False,26-35,3-6yr
EMP1770,Joseph Fox,Not Disclosed,40.0,,Single,Research & Development,Lab Technician,5,Marketing,2015-12-29,9,64250.0,79.59,Yes,3.0,1.0,2.0,,4.0,4.0,2,,Travel_Frequently,South Blake,Michelle Robles,No,,,True,False,36-45,6+yr
EMP1075,Dr. Jeremy Young Md,Female,55.0,,Divorced,Human Resources,Recruiter,2,Marketing,2021-01-24,3,86200.0,79.58,Yes,5.0,1.0,4.0,4.0,4.0,1.0,2,31.1,Travel_Frequently,Port Maryport,Derek King,No,,,False,False,46-65,1-3yr
EMP2213,Scott Bass,Female,39.0,1989-08-27,Single,Human Resources,HR Executive,3,Business,,8,93600.0,50.06,Yes,5.0,3.0,1.0,3.0,2.0,1.0,0,10.7,Travel_Frequently,North Brandytown,Jason Michael,No,,,False,False,36-45,6+yr
EMP1106,Jessica Hardy,Female,28.0,,Married,Marketing,Marketing Executive,4,Business,,7,119800.0,88.01,Yes,5.0,1.0,3.0,4.0,3.0,5.0,3,20.8,Travel_Frequently,South Cindy,Thomas Thomas,No,,,False,False,26-35,6+yr
EMP1164,Noah White,Not Disclosed,24.0,1983-09-04,Single,IT,System Admin,1,Technical Degree,,2,45900.0,97.53,Yes,5.0,2.0,2.0,,2.0,3.0,2,33.7,Travel_Rarely,Harrellview,Alexander Duncan,Yes,Better Opportunity,,True,False,18-25,1-3yr
EMP2250,Pamela Johnson,Female,23.0,,Single,IT,Software Engineer,3,Medical,2016-01-15,8,42000.0,72.25,No,3.0,3.0,1.0,3.0,1.0,5.0,3,,Non-Travel,East Cherylshire,Christian Terry,No,,,False,False,18-25,6+yr
EMP2386,Samuel Gonzalez,Male,34.0,,Divorced,Human Resources,HR Manager,3,Human Resources,,5,79900.0,80.46,Yes,3.0,3.0,4.0,4.0,1.0,3.0,1,,Travel_Frequently,Lake Theodoreside,Laura Bailey,No,,,False,False,26-35,3-6yr
EMP1495,Isabel Hicks,Female,25.0,,Married,Research & Development,Lab Technician,1,Business,,9,74235.0,32.73,Yes,1.0,2.0,1.0,2.0,1.0,5.0,2,,Non-Travel,Richardburgh,Nicholas Barrett,No,,,False,True,18-25,6+yr
EMP2306,Adriana Harris,Female,40.0,,Single,Sales,Sales Executive,2,Human Resources,,5,25700.0,38.62,No,1.0,4.0,1.0,3.0,0.0,5.0,1,32.3,Non-Travel,Cindyview,Daniel Proctor,No,,,False,False,36-45,3-6yr
EMP1640,Ryan Calderon,Male,47.0,,Single,Sales,Sales Executive,4,Medical,2017-02-09,7,41000.0,65.08,No,3.0,3.0,3.0,,5.0,4.0,2,,Travel_Frequently,North Gina,Melissa Stone,No,,,True,False,46-65,6+yr
EMP2326,Elizabeth Martinez,Male,53.0,1993-03-16,Married,Sales,Sales Executive,3,Human Resources,,8,56600.0,86.92,Yes,3.0,3.0,3.0,2.0,1.0,3.0,1,30.5,Travel_Rarely,East Nicoleport,Stefanie Maxwell,No,,,False,False,46-65,6+yr
EMP2377,Donald Moreno,Male,36.0,,Married,Research & Development,Lab Technician,1,Life Sciences,,4,29900.0,93.35,No,4.0,2.0,3.0,,4.0,1.0,3,18.1,Non-Travel,Sheltonfort,Erica Black,No,,,True,False,36-45,3-6yr
EMP1519,Terri Scott Phd,Male,59.0,,Single,Sales,Sales Manager,3,Business,,8,87500.0,76.38,No,5.0,4.0,3.0,4.0,2.0,0.0,1,14.9,Travel_Frequently,Port Lisa,David Warner,Yes,Career Change,,False,False,46-65,6+yr
EMP2307,Bradley Long,Not Disclosed,29.0,1998-08-12,Married,Marketing,Marketing Executive,1,Marketing,,2,66800.0,34.95,No,4.0,1.0,1.0,2.0,5.0,4.0,0,,Travel_Frequently,Alexanderberg,Timothy Garcia,No,,,False,False,26-35,1-3yr
EMP1592,Larry Rodriguez,Male,21.0,,Married,Sales,Sales Manager,2,Medical,,4,100500.0,40.06,Yes,1.0,2.0,1.0,2.0,2.0,3.0,3,17.0,Travel_Frequently,Meganmouth,Carolyn Torres,Yes,Better Opportunity,2021-02-25,False,False,18-25,3-6yr
EMP2262,Alexis Myers,Male,41.0,1987-04-16,Married,Research & Development,Data Analyst,4,Medical,,5,85800.0,85.26,No,3.0,1.0,,4.0,2.0,1.0,2,27.7,Travel_Rarely,Hoodville,Lindsay Hale,Yes,Health Issues,,True,False,36-45,3-6yr
EMP1231,Scott King,Female,53.0,,Married,Marketing,Marketing Manager,2,Human Resources,2019-10-11,5,57400.0,71.85,Yes,5.0,3.0,3.0,1.0,2.0,3.0,2,21.2,Non-Travel,Jennabury,Courtney Armstrong,No,,,False,False,46-65,3-6yr
EMP1771,Lindsey Miller,Female,40.0,,Married,Research & Development,Research Scientist,1,Human Resources,,5,110200.0,63.56,No,3.0,4.0,4.0,,2.0,2.0,0,34.2,Travel_Rarely,Port Philipbury,Heather Madden,Yes,Relocation,,True,False,36-45,3-6yr
EMP1413,Heather Walker,Male,34.0,,Divorced,IT,IT Support,3,Human Resources,,2,61700.0,51.0,Yes,3.0,2.0,3.0,2.0,4.0,1.0,2,7.6,Travel_Frequently,West Nicole,Jessica James DDS,No,,,False,False,26-35,1-3yr
EMP2476,Mallory Herring,Male,27.0,,Married,Finance,Finance Manager,1,Human Resources,,6,67000.0,73.03,No,3.0,2.0,3.0,,1.0,4.0,3,10.2,Non-Travel,East Barbaraside,Joseph Gomez,Yes,Career Change,,True,False,26-35,3-6yr
EMP1556,Holly Rodriguez,Female,24.0,,Divorced,IT,IT Support,2,Human Resources,,5,110900.0,40.52,Yes,4.0,1.0,1.0,,3.0,3.0,1,35.9,Non-Travel,Wolfchester,Laura Chen,No,,,True,False,18-25,3-6yr
EMP1544,Aaron Dillon,Male,48.0,1998-08-30,Single,Marketing,Marketing Executive,5,Life Sciences,,9,64900.0,74.14,No,1.0,,3.0,2.0,0.0,3.0,1,6.0,Travel_Frequently,Port Samuel,Renee Krause,No,,,True,False,46-65,6+yr
EMP2146,Sara Levy,Male,42.0,,Single,IT,IT Support,2,Technical Degree,,6,110000.0,31.24,No,3.0,,3.0,1.0,2.0,5.0,1,,Non-Travel,Lake Melanie,Jesse Skinner,No,,,True,False,36-45,3-6yr
EMP1537,Stephanie Wright,Female,42.0,,Married,Research & Development,Lab Technician,2,Business,2018-05-30,6,17600.0,52.2,No,3.0,1.0,2.0,,2.0,2.0,2,28.0,Travel_Frequently,Courtneyton,Joshua Hebert,No,,,True,False,36-45,3-6yr
EMP2125,Robert Glover,Male,57.0,,Single,Research & Development,Research Scientist,3,Business,2016-06-17,8,34200.0,73.11,Yes,1.0,1.0,3.0,4.0,4.0,1.0,3,,Non-Travel,East Lauren,Shelby Doyle,No,,,False,False,46-65,6+yr
EMP1974,Michael Perry,Female,41.0,,Married,Finance,Finance Manager,3,Life Sciences,,2,118200.0,93.73,No,3.0,2.0,4.0,3.0,4.0,4.0,1,2.0,Travel_Frequently,East Ronald,Jacqueline Scott,No,,,False,False,36-45,1-3yr
EMP2073,Beverly Mercado,Female,42.0,,Not Disclosed,Finance,Financial Analyst,3,Technical Degree,,4,89700.0,38.84,Yes,2.0,1.0,4.0,,5.0,5.0,0,30.2,Non-Travel,Justinfurt,Haley Banks,No,,,True,False,36-45,3-6yr
EMP2229,Bradley Lucas,Male,49.0,,Single,Finance,Financial Analyst,4,Technical Degree,,8,67200.0,53.51,Yes,1.0,2.0,4.0,1.0,1.0,3.0,0,,Travel_Frequently,Tranberg,David Brown,No,,,False,False,46-65,6+yr
EMP1625,Rhonda Walls,Female,28.0,,Single,Sales,Sales Representative,1,Life Sciences,,2,31400.0,51.1,Yes,3.0,,4.0,1.0,2.0,3.0,0,,Non-Travel,Santiagoview,Justin Allison,No,,,True,False,26-35,1-3yr
EMP1407,Gabrielle Hoover,Female,38.0,,Divorced,Marketing,Content Strategist,1,Marketing,,2,70400.0,66.7,Yes,1.0,2.0,,4.0,2.0,3.0,2,,Non-Travel,Natashaberg,Tina Marks,No,,,True,False,36-45,1-3yr
EMP2354,Amanda Herrera,Male,36.0,,Single,Human Resources,HR Manager,3,Medical,,5,107400.0,57.91,Yes,4.0,4.0,3.0,1.0,1.0,1.0,3,8.0,Non-Travel,New Michael,Jasmine Palmer,No,,,False,False,36-45,3-6yr
EMP1645,Jennifer Adams,Female,58.0,,Divorced,Research & Development,Data Analyst,1,Medical,,2,44700.0,57.69,No,4.0,,4.0,3.0,1.0,2.0,1,,Travel_Frequently,Cantuburgh,Victor Owens,No,,,True,False,46-65,1-3yr
EMP1864,Susan Martin,Not Disclosed,47.0,,Married,IT,System Admin,1,Marketing,2021-03-21,3,37900.0,77.84,No,5.0,4.0,4.0,,3.0,2.0,1,6.5,Travel_Rarely,Romeromouth,Mark Murphy,No,,,True,True,46-65,1-3yr
EMP2397,Kenneth Foster,Female,24.0,,Married,Sales,Sales Executive,3,Technical Degree,,6,89040.0,90.16,No,3.0,2.0,4.0,1.0,4.0,1.0,0,26.7,Non-Travel,South Raymond,Erica Salas,No,,,False,True,18-25,3-6yr
EMP2261,Daniel Duncan,Male,45.0,,Single,Research & Development,Lab Technician,3,Technical Degree,2018-01-20,6,88400.0,58.92,No,4.0,3.0,2.0,,3.0,5.0,1,40.0,Travel_Frequently,New Martinborough,Cindy Mcdonald,No,,,True,False,36-45,3-6yr
EMP1447,Erin Cooper,Female,58.0,1969-06-08,Not Disclosed,Marketing,Marketing Executive,1,Technical Degree,,6,104200.0,64.71,No,3.0,3.0,,4.0,0.0,1.0,3,,Travel_Frequently,East Victorport,Joshua Edwards,Yes,Retirement,,True,False,46-65,3-6yr
EMP1665,Courtney Adams,Female,49.0,,Not Disclosed,Research & Development,Lab Technician,4,Marketing,,6,52200.0,62.21,No,1.0,,2.0,,5.0,2.0,2,,Non-Travel,New Melanie,Brian Carter,No,,,True,False,46-65,3-6yr
EMP2082,Lisa Anderson,Female,44.0,,Single,IT,Software Engineer,4,Medical,,1,66600.0,92.03,Yes,3.0,2.0,1.0,1.0,1.0,5.0,3,8.7,Travel_Rarely,Currytown,Debra Rose,No,,,False,False,36-45,<1yr
EMP2060,Colleen Ford,Female,37.0,,Divorced,Marketing,Marketing Manager,4,Business,,1,57400.0,77.37,Yes,5.0,3.0,2.0,3.0,3.0,2.0,1,,Travel_Rarely,Sherrymouth,Danielle Cox,No,,,False,False,36-45,<1yr
EMP1772,Lindsey Scott,Male,51.0,,Divorced,Human Resources,HR Executive,4,Technical Degree,,5,79200.0,72.15,Yes,5.0,2.0,2.0,1.0,2.0,1.0,3,,Non-Travel,Brownfurt,Jason Hatfield,No,,,False,True,46-65,3-6yr
EMP1480,Kyle Thompson,Female,59.0,,Single,Sales,Sales Representative,1,Medical,,5,76400.0,64.99,No,1.0,3.0,3.0,1.0,0.0,4.0,1,39.2,Travel_Frequently,Mooreville,Olivia Adkins,No,,,False,False,46-65,3-6yr
EMP2141,Wesley Hughes,Male,26.0,,Divorced,Human Resources,Recruiter,4,Life Sciences,,8,69100.0,50.73,No,1.0,4.0,4.0,4.0,2.0,4.0,0,9.8,Travel_Rarely,Roseton,Maureen Rodriguez,No,,,False,False,26-35,6+yr
EMP1580,Zachary Garcia,Not Disclosed,42.0,,Not Disclosed,Human Resources,Recruiter,2,Technical Degree,,2,33200.0,65.03,Yes,3.0,1.0,1.0,1.0,4.0,2.0,3,,Travel_Rarely,South Heatherfort,Carrie Waters,No,,,False,False,36-45,1-3yr
EMP2374,Lisa Anderson,Male,24.0,,Single,Human Resources,Recruiter,4,Human Resources,2017-11-16,7,68500.0,38.26,No,4.0,2.0,3.0,3.0,2.0,5.0,3,,Non-Travel,New Matthewport,Tom Lyons,No,,,False,False,18-25,6+yr
EMP1262,Timothy Jennings,Male,34.0,,Married,Marketing,Content Strategist,4,Marketing,2016-05-14,8,81300.0,86.95,Yes,2.0,4.0,1.0,1.0,3.0,0.0,0,,Non-Travel,East Rhondaberg,Heather Potter,No,,,False,False,26-35,6+yr
EMP1295,Pamela Strong,Female,53.0,,Single,Marketing,Content Strategist,5,Marketing,2017-09-12,7,85700.0,43.05,Yes,1.0,2.0,1.0,3.0,4.0,3.0,2,,Non-Travel,North Maxberg,Amber Cook,No,,,False,False,46-65,6+yr
EMP1722,George Palmer,Male,58.0,,Divorced,Research & Development,Lab Technician,5,Marketing,2019-01-14,5,42800.0,87.35,Yes,3.0,3.0,,2.0,2.0,3.0,2,9.5,Non-Travel,Mariafort,Jason Walker,No,,,True,False,46-65,3-6yr
EMP1978,Patrick Stevens,Female,49.0,1990-10-24,Divorced,IT,IT Support,3,Marketing,,2,23800.0,95.33,No,3.0,,2.0,4.0,4.0,5.0,1,19.5,Non-Travel,South Dawn,Richard Burns,No,,,True,False,46-65,1-3yr
EMP2466,Jennifer Smith,Female,27.0,1996-03-04,Not Disclosed,Human Resources,Recruiter,3,Life Sciences,,1,101300.0,97.26,Yes,3.0,4.0,2.0,1.0,2.0,0.0,2,17.8,Non-Travel,Johnsontown,Mark Flores,No,,,False,False,26-35,<1yr
EMP2072,Julie Baker,Male,53.0,,Single,Human Resources,HR Manager,3,Human Resources,,6,79900.0,40.7,No,3.0,1.0,4.0,4.0,3.0,4.0,3,11.9,Travel_Rarely,Patrickberg,Brittany Harris,Yes,Better Opportunity,,False,False,46-65,3-6yr
EMP2030,Patrick Deleon Md,Female,41.0,,Not Disclosed,IT,Software Engineer,3,Marketing,,9,108900.0,85.61,Yes,2.0,3.0,2.0,,0.0,1.0,1,,Travel_Rarely,Michaelport,Craig George,No,,,True,False,36-45,6+yr
EMP1976,Cathy Smith,Male,53.0,,Single,Marketing,Content Strategist,1,Marketing,,2,65600.0,87.8,Yes,5.0,1.0,3.0,3.0,0.0,2.0,3,31.1,Travel_Frequently,North Joshuaberg,Melissa Choi,Yes,Retirement,,False,False,46-65,1-3yr
EMP1160,Sara Williams,Female,23.0,,Not Disclosed,Marketing,Content Strategist,1,Marketing,,3,53100.0,67.05,Yes,3.0,1.0,3.0,4.0,2.0,0.0,0,,Travel_Frequently,Brownberg,Aaron Gonzalez,No,,,False,False,18-25,1-3yr
EMP2423,Darren Thomas,Female,27.0,,Single,IT,IT Support,1,Medical,,1,82600.0,81.98,No,2.0,4.0,2.0,1.0,2.0,5.0,2,6.8,Travel_Frequently,South Thomastown,Michael Lawson,Yes,Career Change,2023-02-14,False,False,26-35,<1yr
EMP1651,Stephen Wilson,Male,34.0,1983-05-24,Divorced,Research & Development,Research Scientist,4,Technical Degree,2016-01-17,8,93400.0,72.49,Yes,3.0,,2.0,1.0,2.0,0.0,1,,Non-Travel,Ramirezborough,Kenneth Nunez,No,,,True,False,26-35,6+yr
EMP1610,Victor Williams,Not Disclosed,35.0,,Married,Sales,Sales Executive,4,Marketing,,5,72200.0,68.58,No,2.0,,4.0,3.0,1.0,4.0,0,,Travel_Frequently,South Robin,Brandi Wright,No,,,True,False,26-35,3-6yr
EMP2296,Anthony Hernandez,Male,25.0,1997-03-18,Single,Human Resources,HR Executive,4,Technical Degree,,6,17900.0,39.47,No,5.0,1.0,4.0,,3.0,4.0,1,21.5,Non-Travel,West Matthewbury,Nancy Hicks,No,,,True,False,18-25,3-6yr
EMP1334,Melvin Macias,Female,24.0,,Divorced,IT,IT Support,4,Medical,2018-05-05,6,76100.0,70.79,Yes,3.0,2.0,1.0,,2.0,5.0,3,,Non-Travel,Dianeview,Casey Gibson,Yes,Better Opportunity,,True,False,18-25,3-6yr
EMP1695,Barbara Ford,Male,60.0,,Single,Research & Development,Research Scientist,4,Technical Degree,,1,67300.0,61.91,No,2.0,3.0,,3.0,2.0,5.0,3,,Non-Travel,Lake Meganbury,Trevor Lucas,No,,,True,False,46-65,<1yr
EMP1910,Jennifer Wilson,Not Disclosed,28.0,,Single,Marketing,Marketing Executive,2,Business,2020-06-06,4,61300.0,96.94,No,5.0,,3.0,2.0,5.0,0.0,0,,Non-Travel,Careyside,Richard Morrison,No,,,True,False,26-35,3-6yr
EMP1280,Joseph Crawford,Female,40.0,,Married,Marketing,Content Strategist,3,Marketing,,3,41800.0,45.56,No,3.0,2.0,4.0,3.0,2.0,0.0,2,,Travel_Rarely,North Brittanymouth,Meredith Graham,No,,,False,False,36-45,1-3yr
EMP2080,Diane Maldonado,Not Disclosed,41.0,1968-06-01,Divorced,Finance,Accountant,3,Medical,2023-09-30,1,21700.0,66.26,Yes,3.0,1.0,4.0,4.0,2.0,3.0,2,,Travel_Frequently,North Alexanderfurt,Gregory Pineda,No,,,False,False,36-45,<1yr
EMP1699,Kristin Dillon,Male,58.0,1968-05-19,Single,Marketing,Marketing Executive,2,Human Resources,,5,61300.0,94.8,No,1.0,1.0,2.0,1.0,5.0,3.0,0,,Travel_Rarely,West Timothy,Joel Chandler,Yes,Health Issues,,False,False,46-65,3-6yr
EMP1869,Haley Garcia,Female,26.0,1969-05-04,Married,Sales,Sales Representative,5,Technical Degree,,2,73000.0,83.68,No,3.0,1.0,4.0,1.0,3.0,4.0,2,,Travel_Rarely,Carlosfurt,Paula Castillo,No,,,False,False,26-35,1-3yr
EMP1630,James West,Female,41.0,,Divorced,Marketing,Marketing Executive,3,Technical Degree,,3,26000.0,37.5,No,4.0,1.0,3.0,,1.0,2.0,0,31.6,Travel_Rarely,South Annfort,Paul Santiago,No,,,True,False,36-45,1-3yr
EMP1534,Lawrence Barajas,Not Disclosed,58.0,,Single,Marketing,Marketing Executive,4,Human Resources,,6,110300.0,50.35,No,2.0,2.0,1.0,3.0,4.0,5.0,3,,Non-Travel,North Claytonton,Shannon Burns,No,,,False,False,46-65,3-6yr
EMP2327,Debbie Davis,Female,45.0,,Divorced,IT,IT Support,3,Medical,,9,51800.0,53.6,No,4.0,4.0,1.0,2.0,2.0,4.0,3,,Non-Travel,Milesfurt,Jack Miles,No,,,False,False,36-45,6+yr
EMP1737,Christopher Fox,Female,28.0,,Divorced,Marketing,Content Strategist,3,Medical,,4,64700.0,58.4,No,3.0,2.0,2.0,4.0,4.0,6.0,3,,Travel_Frequently,West Tyler,Gerald Hill,No,,,False,False,26-35,3-6yr
EMP1015,Elizabeth Day,Male,42.0,1969-04-05,Divorced,Research & Development,Data Analyst,5,Marketing,2022-08-10,2,26800.0,98.02,Yes,1.0,3.0,3.0,1.0,2.0,2.0,2,,Non-Travel,Rebekahstad,Kim Maxwell,No,,,False,False,36-45,1-3yr
EMP1683,Amanda Reyes,Male,52.0,,Single,Marketing,Marketing Executive,1,Medical,2015-03-01,9,81300.0,42.22,No,3.0,3.0,4.0,2.0,2.0,1.0,0,33.8,Non-Travel,North Michael,Ann Rowe,No,,,False,False,46-65,6+yr
EMP1393,Connie Carter,Female,30.0,1991-03-19,Single,Finance,Financial Analyst,3,Technical Degree,2021-03-21,3,45600.0,71.1,No,3.0,1.0,1.0,2.0,5.0,5.0,1,33.0,Travel_Rarely,East James,Matthew Green,No,,,False,False,26-35,1-3yr
EMP1423,Jeffery Bell,Male,41.0,,Divorced,Research & Development,Data Analyst,5,Medical,2018-07-11,6,33600.0,33.33,No,4.0,4.0,,1.0,2.0,1.0,1,28.5,Travel_Rarely,South Michelle,Abigail Atkinson,No,,,True,False,36-45,3-6yr
EMP2335,James Campbell,Not Disclosed,21.0,,Divorced,Human Resources,Recruiter,4,Human Resources,,7,18600.0,52.27,No,5.0,3.0,3.0,,0.0,6.0,2,35.0,Non-Travel,Leonardchester,Danielle Moore,No,,,True,False,18-25,6+yr
EMP1463,Michael Simpson,Female,38.0,,Married,Research & Development,Research Scientist,1,Life Sciences,,7,119700.0,65.27,No,3.0,4.0,4.0,,4.0,2.0,2,,Travel_Rarely,Martinezland,Mr. Michael Terry,No,,,True,False,36-45,6+yr
EMP2329,Thomas Brown,Male,41.0,,Single,Marketing,Marketing Executive,4,Business,2020-02-01,4,49900.0,79.82,No,3.0,,1.0,1.0,1.0,0.0,0,36.8,Travel_Rarely,East Margaretton,Timothy Perry,No,,,True,False,36-45,3-6yr
EMP2043,Kimberly Lewis,Female,24.0,,Married,Sales,Sales Representative,3,Business,,9,24500.0,73.12,Yes,3.0,2.0,3.0,2.0,1.0,5.0,3,7.8,Non-Travel,North Katherine,Rodney Jones,No,,,False,False,18-25,6+yr
EMP2285,Edward Alexander,Female,60.0,,Married,IT,System Admin,3,Marketing,2021-03-09,3,50000.0,94.95,No,1.0,4.0,,2.0,2.0,0.0,3,32.2,Travel_Rarely,Amyfort,Monica Stewart,No,,,True,False,46-65,1-3yr
EMP1802,Timothy Campbell,Female,55.0,,Divorced,Research & Development,Research Scientist,3,Life Sciences,,4,84000.0,98.54,Yes,3.0,4.0,4.0,3.0,2.0,2.0,2,,Non-Travel,Bridgetburgh,Danny Jackson,Yes,Retirement,,False,False,46-65,3-6yr
EMP2379,Theresa Arnold,Female,28.0,,Divorced,Human Resources,HR Manager,3,Human Resources,2018-04-05,6,79250.0,37.99,Yes,3.0,3.0,2.0,,3.0,2.0,3,28.8,Travel_Rarely,Tapiamouth,Teresa Hernandez,No,,,True,False,26-35,3-6yr
EMP2084,Joseph Walker,Male,41.0,,Divorced,Human Resources,HR Executive,5,Marketing,,3,109900.0,64.4,No,3.0,4.0,,3.0,4.0,2.0,1,6.3,Travel_Frequently,Penastad,Robert Kerr,No,,,True,False,36-45,1-3yr
EMP2242,Jonathan Thompson,Female,25.0,1991-04-30,Married,Human Resources,HR Executive,2,Medical,2016-01-12,8,101500.0,44.58,No,1.0,1.0,4.0,,4.0,3.0,2,,Non-Travel,Weaverport,Rodney Smith,Yes,Higher Salary,,True,False,18-25,6+yr
EMP1909,Amanda Becker,Female,40.0,,Married,IT,IT Support,4,Life Sciences,2021-06-13,3,82200.0,53.4,Yes,3.0,1.0,3.0,4.0,0.0,5.0,2,,Travel_Frequently,South Robertberg,Theodore Carter MD,Yes,Health Issues,,False,False,36-45,1-3yr
EMP1620,Aaron Gomez,Not Disclosed,29.0,,Married,Sales,Sales Representative,4,Business,2020-05-17,4,52900.0,51.79,No,3.0,1.0,4.0,4.0,4.0,6.0,1,,Travel_Rarely,Port Nicolemouth,Erin Torres,No,,,False,False,26-35,3-6yr
EMP2264,Jaime Santos,Male,41.0,,Single,Sales,Sales Manager,4,Medical,,4,27200.0,71.67,Yes,3.0,1.0,,,5.0,1.0,2,33.8,Travel_Rarely,West Heatherport,William Chase,No,,,True,False,36-45,3-6yr
EMP2145,Kyle Crane,Female,51.0,2001-11-07,Married,Research & Development,Research Scientist,3,Human Resources,,7,67600.0,95.03,No,2.0,2.0,,1.0,1.0,0.0,0,,Travel_Rarely,New Williamborough,Allison Scott,No,,,True,False,46-65,6+yr
EMP1237,Michael Smith,Female,21.0,,Married,IT,IT Support,2,Medical,,6,72600.0,41.19,Yes,3.0,4.0,1.0,3.0,3.0,3.0,0,3.6,Travel_Rarely,South Danielview,Julian Roberts,No,,,False,False,18-25,3-6yr
EMP1858,Sarah Garcia,Not Disclosed,35.0,2001-04-07,Single,Marketing,Content Strategist,2,Marketing,2021-01-11,3,100200.0,63.97,No,3.0,1.0,1.0,,2.0,1.0,2,,Non-Travel,South Emilyfurt,Jill Garcia,No,,,True,False,26-35,1-3yr
EMP1874,Amber Hamilton,Female,41.0,,Married,Research & Development,Data Analyst,4,Marketing,,3,74600.0,41.06,Yes,2.0,3.0,2.0,4.0,5.0,5.0,1,,Travel_Frequently,Victoriaville,Melissa Cruz,No,,,False,False,36-45,1-3yr
EMP1467,Sarah Curry,Male,38.0,,Single,Human Resources,HR Executive,5,Human Resources,,1,52200.0,73.72,Yes,1.0,4.0,2.0,1.0,1.0,3.0,1,25.7,Non-Travel,Montesshire,Dan Luna,Yes,Retirement,,False,False,36-45,<1yr
EMP2108,Frank Abbott,Male,28.0,,Not Disclosed,IT,Software Engineer,5,Business,,8,22400.0,40.51,No,2.0,1.0,3.0,2.0,4.0,5.0,3,,Non-Travel,South Jamesstad,Seth Brown,No,,,False,False,26-35,6+yr
EMP1754,Erica Thomas,Female,49.0,1997-11-16,Married,Marketing,Marketing Manager,5,Medical,,6,49300.0,78.95,Yes,5.0,3.0,1.0,1.0,5.0,4.0,3,12.9,Travel_Rarely,Michaelchester,Pamela Thompson,Yes,Better Opportunity,,False,False,46-65,3-6yr
EMP2184,Jennifer Johnson,Female,43.0,,Married,Marketing,Marketing Manager,1,Life Sciences,2020-11-07,4,91200.0,67.91,No,1.0,3.0,,4.0,3.0,4.0,1,7.6,Travel_Rarely,North Susanport,Matthew Soto,No,,,True,False,36-45,3-6yr
EMP1942,Kathy Reese,Male,34.0,1993-02-06,Single,Finance,Accountant,2,Marketing,,6,80900.0,63.68,No,3.0,2.0,2.0,,3.0,5.0,2,5.3,Travel_Rarely,West John,Howard Hopkins,No,,,True,False,26-35,3-6yr
EMP1883,Monique Cox,Female,34.0,,Married,Finance,Financial Analyst,1,Business,,8,81200.0,36.58,No,4.0,3.0,4.0,2.0,2.0,1.0,2,20.9,Non-Travel,Davidshire,Connor Rodriguez,No,,,False,False,26-35,6+yr
EMP1292,Veronica Myers,Female,58.0,,Not Disclosed,Marketing,Marketing Manager,1,Human Resources,,6,61100.0,70.1,Yes,1.0,4.0,,2.0,5.0,5.0,0,13.8,Travel_Rarely,Jeffreyside,Christina Hernandez,No,,,True,False,46-65,3-6yr
EMP1234,Amy Young,Male,43.0,,Married,Sales,Sales Executive,1,Technical Degree,,9,35200.0,65.65,Yes,3.0,4.0,,4.0,4.0,4.0,0,16.3,Travel_Frequently,South Kevin,Stephen Howell,Yes,Career Change,,True,False,36-45,6+yr
EMP1742,Christopher Davis,Male,57.0,,Not Disclosed,Human Resources,Recruiter,4,Marketing,,9,68500.0,87.89,No,3.0,1.0,2.0,2.0,2.0,3.0,0,31.2,Non-Travel,North Shannonberg,Paul Cooper,No,,,False,False,46-65,6+yr
EMP2218,Patty Dodson,Female,57.0,,Single,Finance,Finance Manager,3,Life Sciences,,8,52400.0,30.61,Yes,2.0,,3.0,4.0,2.0,5.0,3,,Travel_Frequently,Wheelerborough,Nathan Calderon,No,,,True,False,46-65,6+yr
EMP1410,James Fowler,Not Disclosed,37.0,2001-02-06,Single,Human Resources,HR Manager,2,Technical Degree,,4,27100.0,91.31,Yes,5.0,1.0,1.0,2.0,5.0,3.0,1,24.4,Travel_Frequently,Rachelport,Heather Rocha,No,,,False,False,36-45,3-6yr
EMP2482,Joanne Eaton,Female,24.0,,Single,Human Resources,Recruiter,1,Life Sciences,2022-07-19,2,101100.0,40.49,No,1.0,3.0,1.0,2.0,1.0,2.0,1,2.5,Travel_Frequently,Jacksonstad,Tamara Sandoval,No,,,False,False,18-25,1-3yr
EMP1851,Jason Morgan,Male,39.0,,Married,Research & Development,Data Analyst,1,Marketing,,9,67700.0,91.36,No,3.0,3.0,,1.0,4.0,4.0,2,33.8,Travel_Rarely,Popeview,Luis Carney,Yes,Better Opportunity,,True,False,36-45,6+yr
EMP2214,Jennifer Green,Female,59.0,,Divorced,Research & Development,Research Scientist,4,Medical,,6,112400.0,31.16,Yes,1.0,4.0,,3.0,1.0,3.0,2,,Non-Travel,Debraville,Jasmine Santiago,No,,,True,False,46-65,3-6yr
EMP1320,Joseph English,Male,31.0,,Married,Finance,Financial Analyst,4,Life Sciences,,2,87000.0,39.44,Yes,3.0,3.0,3.0,2.0,0.0,4.0,3,26.8,Travel_Rarely,East Kylehaven,Eric Brown,No,,,False,False,26-35,1-3yr
EMP1743,Sarah Walton,Not Disclosed,59.0,,Divorced,Research & Development,Research Scientist,5,Technical Degree,,9,99800.0,74.42,Yes,3.0,,,1.0,2.0,4.0,1,23.9,Travel_Frequently,Huntview,Zachary Sandoval,No,,,True,False,46-65,6+yr
EMP2251,Jack Gonzales,Female,45.0,1990-12-19,Single,Marketing,Marketing Executive,1,Technical Degree,,5,24600.0,78.22,Yes,1.0,4.0,,,2.0,2.0,2,,Travel_Rarely,New Ryanville,Gregory Bass MD,No,,,True,False,36-45,3-6yr
EMP2468,Tammie Williams,Not Disclosed,55.0,2000-02-25,Not Disclosed,Research & Development,Research Scientist,1,Technical Degree,,8,27500.0,64.85,No,2.0,1.0,2.0,1.0,2.0,2.0,3,,Non-Travel,East Lydia,Daniel Sanchez,No,,,False,False,46-65,6+yr
EMP2068,Katrina Berger,Female,26.0,1972-06-24,Divorced,IT,System Admin,3,Business,,5,118200.0,89.59,No,4.0,,2.0,,1.0,0.0,0,,Travel_Rarely,Danielshire,Joshua Lee,Yes,Retirement,,True,False,26-35,3-6yr
EMP2409,Barbara Hurst,Female,30.0,,Married,Research & Development,Research Scientist,3,Life Sciences,,4,19600.0,59.62,No,2.0,,2.0,3.0,0.0,3.0,1,16.2,Non-Travel,East Eric,Glenn Walsh,No,,,True,False,26-35,3-6yr
EMP1050,Sara Wilson,Male,24.0,,Single,Human Resources,HR Executive,1,Technical Degree,2021-05-31,3,16300.0,75.98,No,2.0,4.0,2.0,,4.0,6.0,1,20.8,Travel_Frequently,Jonland,Zachary Lawrence,No,,,True,False,18-25,1-3yr
EMP1786,Anna Anderson,Female,39.0,,Not Disclosed,Sales,Sales Manager,3,Life Sciences,,1,95000.0,95.43,Yes,3.0,,2.0,3.0,5.0,4.0,0,8.6,Travel_Rarely,Johnsonberg,Christine King,No,,,True,False,36-45,<1yr
EMP1060,Pamela Ellis,Female,58.0,1987-09-06,Divorced,Finance,Accountant,3,Business,2015-05-10,9,108900.0,84.77,No,3.0,2.0,3.0,4.0,3.0,3.0,0,,Non-Travel,East Ashley,Miguel Rivers,No,,,False,False,46-65,6+yr
EMP2346,Jordan Payne,Male,28.0,,Not Disclosed,Research & Development,Research Scientist,4,Life Sciences,2023-07-30,1,59600.0,74.95,No,2.0,2.0,2.0,4.0,1.0,5.0,1,,Non-Travel,New Erin,Zachary Yang,No,,,False,False,26-35,<1yr
EMP1323,Douglas Nichols,Not Disclosed,31.0,,Divorced,Sales,Sales Manager,3,Business,,2,83900.0,98.42,Yes,5.0,,1.0,1.0,5.0,1.0,0,,Travel_Rarely,Goodwinview,Mitchell Foster,No,,,True,False,26-35,1-3yr
EMP1462,Ryan Jones,Male,41.0,,Divorced,Marketing,Marketing Executive,1,Business,2015-07-06,9,39500.0,96.36,No,3.0,,2.0,3.0,3.0,5.0,3,,Non-Travel,West Samantha,Jonathan Freeman,No,,,True,False,36-45,6+yr
EMP2364,Robin Decker,Female,41.0,1970-06-06,Single,Marketing,Marketing Executive,3,Human Resources,2021-02-04,3,48300.0,44.66,No,3.0,4.0,1.0,2.0,4.0,3.0,1,,Non-Travel,West Lanceton,Holly Brown,No,,,False,False,36-45,1-3yr
EMP1535,James Garcia Md,Female,43.0,,Not Disclosed,Research & Development,Lab Technician,1,Technical Degree,,1,87700.0,65.61,Yes,3.0,1.0,4.0,,2.0,3.0,1,,Non-Travel,Robertland,Mr. Brian Garcia DDS,No,,,True,False,36-45,<1yr
EMP1629,Margaret Perez,Female,59.0,,Married,IT,Software Engineer,5,Business,,9,49400.0,70.2,No,1.0,1.0,,2.0,3.0,3.0,2,10.3,Travel_Frequently,West Ryanfort,Rebecca Ruiz,No,,,True,False,46-65,6+yr
EMP1929,Rachel Villegas,Male,41.0,,Divorced,Research & Development,Data Analyst,3,Business,,9,22400.0,75.86,Yes,3.0,,,,3.0,3.0,0,9.9,Non-Travel,West Adam,Manuel Shannon,No,,,True,False,36-45,6+yr
EMP2298,Tonya Williams,Male,56.0,2001-05-03,Divorced,Sales,Sales Executive,4,Life Sciences,,1,97000.0,71.73,No,4.0,,2.0,4.0,4.0,0.0,1,22.7,Travel_Rarely,North Rachel,Brittany Hunt,No,,,True,False,46-65,<1yr
EMP1526,Rachel Davis,Male,54.0,,Divorced,Research & Development,Research Scientist,1,Business,,6,113900.0,62.68,Yes,1.0,1.0,4.0,4.0,2.0,6.0,0,24.3,Non-Travel,North Brittney,Jason Estrada,No,,,False,False,46-65,3-6yr
EMP1400,Melody Stewart,Female,55.0,,Divorced,Finance,Finance Manager,3,Life Sciences,,4,99500.0,98.64,No,2.0,2.0,2.0,1.0,3.0,5.0,2,24.4,Travel_Frequently,Jacksonburgh,Robert Zimmerman,No,,,False,False,46-65,3-6yr
EMP2358,Jasmine Larsen,Male,41.0,,Not Disclosed,Human Resources,HR Manager,4,Medical,,3,42200.0,63.79,Yes,3.0,3.0,1.0,2.0,5.0,3.0,0,24.8,Travel_Frequently,Lake Virginia,Miss Sherry Green,No,,,False,False,36-45,1-3yr
EMP2133,Benjamin Campbell,Male,51.0,1999-06-10,Single,Marketing,Marketing Executive,1,Business,,3,54000.0,85.01,No,1.0,,,3.0,0.0,0.0,1,,Travel_Rarely,Lake Bruceborough,Chelsea Shaw,No,,,True,False,46-65,1-3yr
EMP1590,Taylor Hubbard,Female,22.0,,Divorced,IT,IT Support,4,Medical,,3,78600.0,33.6,No,3.0,1.0,3.0,2.0,3.0,6.0,1,10.2,Travel_Rarely,South Roberthaven,Monica Martinez,No,,,False,False,18-25,1-3yr
EMP1674,David Jarvis,Female,28.0,,Single,Sales,Sales Representative,4,Marketing,,8,58300.0,46.53,Yes,3.0,,4.0,3.0,2.0,3.0,0,,Non-Travel,New Robert,Amanda Garcia,No,,,True,False,26-35,6+yr
EMP2121,Megan Mcdonald,Male,47.0,1971-12-10,Married,Human Resources,HR Executive,2,Human Resources,,1,61400.0,52.17,Yes,3.0,1.0,2.0,,4.0,5.0,2,1.3,Travel_Rarely,Adamsstad,Jennifer Sanders,No,,,True,False,46-65,<1yr
EMP1107,Brian Hickman,Female,33.0,,Single,IT,Software Engineer,2,Human Resources,,8,41200.0,41.76,Yes,4.0,1.0,2.0,3.0,1.0,2.0,3,27.1,Non-Travel,North Bobbyton,Nancy Jones,No,,,False,False,26-35,6+yr
EMP1836,William Vazquez,Female,54.0,,Single,IT,Software Engineer,4,Medical,2015-12-13,9,49800.0,68.52,No,2.0,4.0,4.0,3.0,2.0,1.0,2,,Travel_Rarely,Justinberg,William Nelson,No,,,False,False,46-65,6+yr
EMP1252,Victoria Brown,Female,45.0,,Single,IT,Software Engineer,4,Marketing,,3,31100.0,83.4,Yes,3.0,2.0,,,1.0,6.0,1,37.6,Travel_Rarely,Erictown,Charles Wang,No,,,True,False,36-45,1-3yr
EMP2227,Michelle Garcia,Female,31.0,2005-03-09,Single,Human Resources,Recruiter,2,Technical Degree,,9,91500.0,34.44,No,3.0,1.0,4.0,,4.0,5.0,3,32.9,Non-Travel,Barnesland,Mrs. Julie Frank,No,,,True,False,26-35,6+yr
EMP2120,Bobby Aguilar,Male,31.0,,Single,Sales,Sales Representative,4,Business,,7,115700.0,64.2,Yes,4.0,,,4.0,0.0,4.0,2,,Non-Travel,New Melindaburgh,Betty Herrera,No,,,True,False,26-35,6+yr
EMP1391,Kevin Lee,Female,54.0,,Single,Finance,Finance Manager,1,Technical Degree,,2,69650.0,85.07,No,3.0,4.0,1.0,2.0,2.0,1.0,2,,Non-Travel,New Christopher,Krystal Taylor,No,,,False,False,46-65,1-3yr
EMP1795,Briana Kramer,Not Disclosed,41.0,1982-12-05,Single,IT,IT Support,2,Marketing,,8,106900.0,96.28,Yes,3.0,3.0,4.0,3.0,3.0,3.0,2,31.0,Travel_Rarely,West Josephchester,Tracy Campos,No,,,False,False,36-45,6+yr
EMP1057,Walter Martinez,Female,34.0,,Divorced,Marketing,Marketing Executive,4,Medical,2020-08-30,4,51600.0,66.52,No,3.0,4.0,,3.0,1.0,3.0,3,,Non-Travel,North Joseph,James Griffin,No,,,True,False,26-35,3-6yr
EMP1669,Troy Powell,Not Disclosed,41.0,,Single,IT,Software Engineer,2,Life Sciences,,5,112600.0,41.17,Yes,4.0,,1.0,2.0,2.0,4.0,1,,Travel_Rarely,Port Christopherburgh,Shawn Perez,No,,,True,False,36-45,3-6yr
EMP1682,Alec Kelley,Female,35.0,,Single,Marketing,Marketing Executive,5,Technical Degree,,7,45500.0,30.9,No,5.0,1.0,4.0,3.0,4.0,4.0,0,,Travel_Frequently,North Peter,James Garcia,No,,,False,False,26-35,6+yr
EMP1804,Melanie Jones,Female,34.0,,Divorced,Sales,Sales Executive,2,Business,,1,64800.0,70.43,No,4.0,,,1.0,0.0,5.0,2,,Travel_Frequently,Bishoptown,Brenda Martin,No,,,True,True,26-35,<1yr
EMP2456,Mitchell Ward Dds,Male,34.0,1975-12-24,Divorced,Human Resources,Recruiter,1,Life Sciences,,3,34000.0,40.98,Yes,5.0,1.0,4.0,4.0,2.0,2.0,1,19.8,Non-Travel,New Sara,Mary Green,No,,,False,False,26-35,1-3yr
EMP1347,Christian Smith,Female,43.0,,Single,Research & Development,Lab Technician,2,Marketing,2015-12-08,9,64250.0,64.43,No,3.0,3.0,3.0,2.0,3.0,5.0,3,,Travel_Rarely,East Douglashaven,Jose Rodriguez,No,,,False,False,36-45,6+yr
EMP1152,Mr. Joshua Washington Md,Female,41.0,1997-02-16,Married,Finance,Financial Analyst,3,Human Resources,,3,99400.0,77.09,No,4.0,2.0,3.0,3.0,0.0,3.0,1,,Non-Travel,West Catherine,Julie Clark,No,,,False,False,36-45,1-3yr
EMP2333,William Fry,Male,34.0,,Married,Sales,Sales Representative,2,Life Sciences,2015-03-14,9,91600.0,63.38,Yes,2.0,4.0,,1.0,1.0,1.0,2,,Non-Travel,New Scotttown,Gregg Lawrence,No,,,True,False,26-35,6+yr
EMP1828,Kathleen Mitchell,Male,58.0,,Single,Finance,Accountant,2,Medical,,1,65900.0,60.26,No,3.0,1.0,2.0,1.0,1.0,3.0,3,8.0,Travel_Rarely,South Monica,Tiffany Johns,No,,,False,False,46-65,<1yr
EMP1525,Erin Allison,Female,51.0,1977-09-22,Not Disclosed,Marketing,Content Strategist,1,Life Sciences,,7,64800.0,98.24,Yes,3.0,,1.0,1.0,4.0,3.0,2,22.7,Non-Travel,Ellisonchester,John Alexander,No,,,True,False,46-65,6+yr
EMP1022,Erika Stephens,Not Disclosed,25.0,1998-12-27,Married,Human Resources,Recruiter,2,Medical,,9,66900.0,35.37,No,3.0,1.0,,2.0,0.0,2.0,2,,Non-Travel,Rachaelshire,Kellie Wilcox,No,,,True,False,18-25,6+yr
EMP1406,Wanda Chandler,Female,42.0,,Single,Research & Development,Data Analyst,2,Business,,2,38200.0,70.47,No,2.0,1.0,,4.0,5.0,3.0,1,26.2,Travel_Frequently,Williammouth,Ryan Anderson,No,,,True,False,36-45,1-3yr
EMP1258,Matthew Smith,Female,56.0,,Divorced,Finance,Accountant,3,Human Resources,,1,118300.0,89.13,No,2.0,2.0,1.0,2.0,4.0,3.0,3,14.1,Non-Travel,Brianshire,Terry Bennett,No,,,False,False,46-65,<1yr
EMP1701,Melissa Key,Male,38.0,,Married,Finance,Finance Manager,1,Medical,2019-10-07,5,58900.0,52.19,Yes,3.0,2.0,,2.0,4.0,4.0,1,,Travel_Rarely,Port Richardton,Brenda Wilkerson,Yes,Relocation,2020-01-27,True,False,36-45,3-6yr
EMP1389,Deborah Baker,Female,28.0,,Divorced,Research & Development,Lab Technician,3,Human Resources,,9,41700.0,46.09,Yes,3.0,1.0,4.0,3.0,2.0,3.0,1,,Non-Travel,Davidmouth,John Lopez,No,,,False,False,26-35,6+yr
EMP1186,Kelly Hays,Male,59.0,,Not Disclosed,IT,IT Support,4,Medical,,1,40200.0,49.17,No,2.0,2.0,,2.0,4.0,5.0,0,,Travel_Rarely,Rogersstad,Leslie Hill,Yes,,,True,False,46-65,<1yr
EMP1044,Robert Mathis,Female,49.0,1975-01-05,Single,IT,System Admin,4,Medical,,3,95200.0,88.56,No,4.0,4.0,1.0,1.0,1.0,5.0,3,,Non-Travel,Lake Debra,Ryan Jones,No,,,False,False,46-65,1-3yr
EMP1474,Michelle Bell,Female,57.0,,Married,Research & Development,Research Scientist,3,Marketing,,3,66350.0,86.65,No,3.0,,1.0,1.0,2.0,5.0,3,6.5,Non-Travel,West Benjamin,Anthony Coleman,No,,,True,False,46-65,1-3yr
EMP1853,Pamela Browning,Male,60.0,,Single,Marketing,Content Strategist,3,Technical Degree,,8,27600.0,47.77,No,1.0,,,3.0,3.0,1.0,3,7.1,Travel_Frequently,East Jessicaberg,Deborah Leach,No,,,True,False,46-65,6+yr
EMP2155,Erin Lee,Male,41.0,1991-10-05,Single,Sales,Sales Executive,4,Life Sciences,,4,87800.0,68.19,No,5.0,2.0,2.0,4.0,2.0,3.0,2,10.8,Non-Travel,New Fernandochester,Suzanne Ball,No,,,False,False,36-45,3-6yr
EMP1341,Jamie Smith,Female,45.0,1998-10-31,Married,Human Resources,HR Manager,2,Marketing,,2,79250.0,41.08,No,3.0,3.0,3.0,,2.0,3.0,2,,Travel_Frequently,Deleonborough,Kimberly Jones,No,,,True,False,36-45,1-3yr
EMP2130,Robert Garcia,Female,24.0,,Single,Finance,Finance Manager,3,Business,,8,50300.0,49.31,No,2.0,4.0,2.0,,3.0,5.0,0,,Non-Travel,East Kathleenside,Jerry Guerrero,No,,,True,False,18-25,6+yr
EMP2202,Cheryl Fischer,Male,33.0,,Not Disclosed,Marketing,Content Strategist,2,Business,,8,67200.0,83.69,No,3.0,3.0,4.0,,1.0,2.0,3,,Non-Travel,Morganton,Alan Ford,No,,,True,False,26-35,6+yr
EMP2042,James Jennings,Male,53.0,,Divorced,Research & Development,Lab Technician,2,Medical,,3,111000.0,69.46,No,3.0,,2.0,1.0,2.0,3.0,2,24.0,Non-Travel,Port Colleen,Dana Wilson,No,,,True,False,46-65,1-3yr
EMP2498,John Gallagher,Male,28.0,,Single,Finance,Finance Manager,4,Medical,,5,22900.0,70.88,No,3.0,,,3.0,0.0,0.0,3,,Non-Travel,North Elizabethside,Donald Vincent,No,,,True,False,26-35,3-6yr
EMP1961,Roberta Gregory,Female,32.0,,Divorced,IT,IT Support,2,Marketing,2023-07-29,1,119900.0,59.71,No,2.0,2.0,4.0,3.0,5.0,2.0,3,,Travel_Frequently,Riveraberg,Amanda Gray,No,,,False,False,26-35,<1yr
EMP2162,Michelle Bradley,Female,25.0,,Married,IT,System Admin,2,Life Sciences,,5,55000.0,45.28,No,3.0,4.0,,,4.0,3.0,0,,Travel_Frequently,North Manuel,Nancy Larson,Yes,Retirement,,True,False,18-25,3-6yr
EMP1316,Joseph Rhodes,Male,45.0,,Divorced,Human Resources,HR Executive,3,Human Resources,2019-06-25,5,87300.0,59.05,No,3.0,,,2.0,4.0,0.0,0,7.9,Travel_Rarely,Heathertown,Ruben Sutton,No,,,True,False,36-45,3-6yr
EMP1330,Samantha Nelson,Female,45.0,,Single,Human Resources,HR Executive,5,Medical,,7,32500.0,61.94,Yes,4.0,2.0,2.0,2.0,2.0,6.0,0,,Travel_Rarely,West Ericaland,Andrea Roberson,Yes,Better Opportunity,2019-11-20,False,False,36-45,6+yr
EMP1513,Barbara Smith,Male,39.0,,Single,IT,System Admin,2,Marketing,2020-07-10,4,69900.0,34.42,Yes,3.0,2.0,4.0,,3.0,5.0,1,14.2,Travel_Rarely,Rhondamouth,Amy Glass,No,,,True,False,36-45,3-6yr
EMP1346,Aaron Owens,Male,48.0,,Single,Marketing,Marketing Manager,2,Technical Degree,,1,67800.0,82.88,No,3.0,4.0,3.0,4.0,2.0,4.0,0,38.2,Non-Travel,Port Emily,Margaret Calhoun,No,,,False,False,46-65,<1yr
EMP1833,Rodney Smith,Male,40.0,,Divorced,Human Resources,HR Manager,2,Technical Degree,2023-07-26,1,79250.0,31.7,No,1.0,3.0,,1.0,3.0,2.0,3,,Travel_Frequently,Romanville,Sherri Morris,No,,,True,False,36-45,<1yr
EMP1684,Ryan Kidd,Male,57.0,,Single,Finance,Finance Manager,1,Technical Degree,2023-08-29,1,66100.0,84.32,No,2.0,2.0,1.0,,0.0,5.0,3,,Travel_Frequently,West Stevenchester,Charles Glenn,No,,,True,False,46-65,<1yr
EMP2003,Aaron Gilbert,Female,43.0,1988-11-01,Not Disclosed,IT,Software Engineer,4,Human Resources,,2,113700.0,73.84,No,3.0,4.0,1.0,1.0,4.0,3.0,1,,Non-Travel,East Deniseville,Shari Wade,No,,,False,False,36-45,1-3yr
EMP1773,Jonathan Molina,Female,52.0,,Married,Finance,Accountant,2,Medical,,3,56300.0,42.94,Yes,4.0,3.0,1.0,2.0,1.0,2.0,0,,Travel_Frequently,Brownborough,David Bradley,No,,,False,False,46-65,1-3yr
EMP1067,Christopher Lee,Male,41.0,1991-09-20,Single,Marketing,Marketing Manager,3,Technical Degree,2019-09-21,5,68600.0,83.0,No,1.0,2.0,4.0,2.0,2.0,1.0,2,14.3,Travel_Frequently,Johnsonfurt,Victoria Ramos,No,,,False,False,36-45,3-6yr
EMP2268,Jill Juarez,Male,27.0,1979-10-19,Divorced,Marketing,Content Strategist,1,Human Resources,,5,76800.0,70.88,Yes,3.0,,,,2.0,3.0,1,,Non-Travel,West Matthew,Dean Ramirez,No,,,True,False,26-35,3-6yr
EMP1933,Elizabeth Brewer,Male,30.0,,Not Disclosed,Research & Development,Data Analyst,5,Human Resources,,8,78100.0,54.67,No,3.0,4.0,3.0,1.0,5.0,1.0,3,,Non-Travel,West Krystal,Anita Carney,No,,,False,False,26-35,6+yr
EMP2405,Olivia Martinez,Female,59.0,,Married,Finance,Finance Manager,1,Medical,,6,20700.0,92.69,No,2.0,1.0,,3.0,5.0,6.0,0,26.9,Travel_Rarely,North Grantburgh,Erika Berger,Yes,,2021-12-02,True,False,46-65,3-6yr
EMP1644,Katelyn Shields,Female,42.0,,Divorced,Finance,Financial Analyst,3,Marketing,,3,87800.0,93.01,Yes,1.0,3.0,,3.0,2.0,4.0,2,30.1,Non-Travel,East Benjaminberg,Lisa Perez,No,,,True,False,36-45,1-3yr
EMP2378,Henry Li,Female,36.0,,Single,Sales,Sales Manager,5,Technical Degree,2022-06-25,2,34100.0,64.15,Yes,2.0,4.0,2.0,1.0,0.0,6.0,0,5.1,Non-Travel,Changtown,Derek Dunlap,No,,,False,False,36-45,1-3yr
EMP1809,Rachel Smith,Female,53.0,,Married,Marketing,Marketing Executive,4,Business,,6,118700.0,61.1,Yes,2.0,2.0,4.0,2.0,2.0,0.0,1,,Non-Travel,East Mariefort,Caitlyn Coleman,No,,,False,False,46-65,3-6yr
EMP1646,Claudia Perez,Male,48.0,,Married,Finance,Finance Manager,5,Technical Degree,,1,90800.0,44.53,Yes,5.0,2.0,2.0,,2.0,1.0,3,,Non-Travel,Debraside,Beth Rodriguez,No,,,True,False,46-65,<1yr
EMP1418,Crystal Short,Male,52.0,1974-11-27,Single,Research & Development,Lab Technician,2,Human Resources,,8,27400.0,35.12,No,3.0,3.0,3.0,1.0,1.0,3.0,2,,Non-Travel,New Jennifer,Joel Wheeler,No,,,False,False,46-65,6+yr
EMP2330,Crystal Brooks,Not Disclosed,41.0,,Single,Sales,Sales Representative,4,Business,,9,29000.0,97.36,Yes,4.0,1.0,4.0,3.0,0.0,0.0,2,,Travel_Frequently,New Eric,Karen Garcia,No,,,False,False,36-45,6+yr
EMP2135,Stephanie Johnson,Female,44.0,,Single,Sales,Sales Representative,3,Marketing,,2,50300.0,78.38,Yes,5.0,1.0,,,3.0,3.0,2,,Non-Travel,Watsonton,Timothy Harris,No,,,True,False,36-45,1-3yr
EMP1542,Johnny Mayer,Female,29.0,,Single,Human Resources,HR Executive,2,Business,,2,65900.0,41.3,Yes,1.0,3.0,4.0,4.0,0.0,6.0,3,,Travel_Rarely,Houstonland,James Arias,Yes,Better Opportunity,2023-05-11,False,False,26-35,1-3yr
EMP2413,Jeffrey Watkins,Male,28.0,,Single,Sales,Sales Representative,2,Technical Degree,,3,81400.0,42.62,No,4.0,1.0,4.0,,0.0,3.0,2,30.0,Non-Travel,Stacystad,Angela Holland,No,,,True,False,26-35,1-3yr
EMP1314,Tony Gibson,Not Disclosed,37.0,1997-12-30,Married,Research & Development,Data Analyst,5,Life Sciences,2017-04-04,7,84900.0,72.67,No,1.0,1.0,4.0,,2.0,6.0,3,14.9,Non-Travel,Ericaside,Nicole Wade,No,,,True,False,36-45,6+yr
EMP1307,Leslie Graham,Female,42.0,,Single,Sales,Sales Representative,1,Technical Degree,,2,118300.0,37.27,Yes,2.0,4.0,,3.0,2.0,4.0,0,,Non-Travel,Julieshire,Theresa Wilson,No,,,True,False,36-45,1-3yr
EMP1941,Diane Ward,Male,55.0,1993-03-29,Married,Marketing,Marketing Manager,1,Marketing,,8,42000.0,44.97,No,3.0,,2.0,1.0,1.0,3.0,2,,Travel_Rarely,Kimberlyland,Terry Bright,No,,,True,False,46-65,6+yr
EMP1130,Jeffrey Walsh,Male,22.0,1991-12-28,Single,Research & Development,Research Scientist,5,Business,,6,25200.0,62.51,No,1.0,4.0,3.0,4.0,2.0,0.0,1,8.9,Travel_Rarely,Melissaton,Justin Nguyen,No,,,False,False,18-25,3-6yr
EMP1396,Kendra Rowe,Male,48.0,1969-11-13,Divorced,Marketing,Marketing Manager,2,Technical Degree,,9,107800.0,39.81,No,2.0,1.0,1.0,,2.0,0.0,0,,Travel_Frequently,Kimland,Michael Walker,Yes,Career Change,,True,False,46-65,6+yr
EMP2426,Mary Duncan,Male,35.0,1999-07-18,Divorced,Human Resources,HR Executive,4,Technical Degree,2019-01-30,5,40900.0,70.55,No,1.0,3.0,1.0,2.0,1.0,0.0,1,,Travel_Frequently,South Breannaview,Teresa Miranda,Yes,Higher Salary,2020-11-21,False,False,26-35,3-6yr
EMP1327,Kelly Caldwell,Male,44.0,,Divorced,IT,System Admin,2,Marketing,,8,38400.0,42.47,No,5.0,1.0,2.0,4.0,2.0,1.0,3,,Non-Travel,Evelynchester,Kenneth Young,Yes,,,False,False,36-45,6+yr
EMP1192,Kurt Bell,Female,42.0,,Married,Finance,Finance Manager,4,Life Sciences,,3,50000.0,48.48,Yes,1.0,1.0,,1.0,5.0,4.0,1,,Travel_Frequently,North Robert,Mariah Hebert,No,,,True,False,36-45,1-3yr
EMP1723,Dr. Isaiah Bates,Male,36.0,1985-05-09,Single,Marketing,Marketing Manager,4,Life Sciences,2015-02-08,9,23000.0,97.24,No,5.0,,3.0,4.0,5.0,0.0,1,,Non-Travel,Keithside,Christopher Conrad,No,,,True,False,36-45,6+yr
EMP2168,Teresa Henry,Male,41.0,,Divorced,Finance,Accountant,2,Technical Degree,,9,65900.0,45.57,Yes,3.0,3.0,3.0,3.0,2.0,5.0,1,4.1,Travel_Frequently,Stephenchester,Eddie Clark,Yes,,,False,False,36-45,6+yr
EMP2065,Cynthia Peterson,Female,52.0,,Married,Marketing,Marketing Executive,3,Business,2016-11-11,8,85500.0,86.27,No,4.0,,4.0,2.0,1.0,6.0,1,1.2,Non-Travel,Port Teresamouth,Amanda Larson,No,,,True,False,46-65,6+yr
EMP1994,Terry Walls,Female,41.0,2002-10-16,Married,Research & Development,Research Scientist,5,Business,2019-12-19,5,28100.0,68.2,No,1.0,3.0,4.0,1.0,2.0,4.0,3,,Travel_Rarely,East Sheilaview,Natasha Brown,No,,,False,False,36-45,3-6yr
EMP1921,Catherine Barnes,Female,28.0,,Divorced,Human Resources,HR Executive,3,Medical,,7,62200.0,48.42,Yes,4.0,3.0,1.0,4.0,5.0,4.0,1,34.4,Travel_Frequently,New Thomasfort,Valerie Cervantes,No,,,False,False,26-35,6+yr
EMP1496,Joseph Moore,Male,32.0,,Single,Research & Development,Data Analyst,3,Marketing,,5,69100.0,88.83,Yes,5.0,,,2.0,4.0,5.0,3,6.1,Travel_Rarely,Port Stacey,Danielle Duncan,No,,,True,False,26-35,3-6yr
EMP2033,Cynthia Cordova,Male,23.0,1976-07-28,Not Disclosed,Research & Development,Research Scientist,1,Human Resources,,8,101400.0,36.97,No,3.0,2.0,4.0,1.0,0.0,5.0,0,,Travel_Rarely,Johnstad,Jessica Lopez,No,,,False,False,18-25,6+yr
EMP1868,Christopher Contreras,Not Disclosed,23.0,,Single,Sales,Sales Executive,5,Human Resources,2015-09-23,9,17400.0,76.0,No,2.0,1.0,3.0,3.0,2.0,0.0,2,,Non-Travel,Rodriguezbury,Aaron Newton,No,,,False,False,18-25,6+yr
EMP1385,Bruce Soto,Not Disclosed,52.0,,Single,Human Resources,HR Manager,4,Marketing,,5,117500.0,59.3,No,1.0,4.0,1.0,4.0,5.0,6.0,3,21.2,Non-Travel,Lake John,Patricia Wood,No,,,False,False,46-65,3-6yr
EMP2140,Thomas Tucker,Female,57.0,,Divorced,Research & Development,Research Scientist,4,Technical Degree,,8,47400.0,96.64,No,4.0,1.0,1.0,3.0,3.0,3.0,0,,Non-Travel,Youngmouth,Stacy Tucker,No,,,False,False,46-65,6+yr
EMP1653,Christine Nichols,Male,60.0,1972-05-24,Married,Marketing,Marketing Executive,2,Technical Degree,,7,89500.0,46.27,Yes,4.0,2.0,4.0,1.0,2.0,2.0,1,,Travel_Frequently,South Chase,Mary Miller,Yes,Higher Salary,,False,False,46-65,6+yr
EMP2279,Charles Richards,Not Disclosed,55.0,,Married,Research & Development,Research Scientist,3,Life Sciences,,9,17400.0,92.55,Yes,4.0,,1.0,3.0,5.0,4.0,2,26.3,Non-Travel,Kennethton,Nicholas Harris,Yes,Career Change,,True,False,46-65,6+yr
EMP1398,Diana Johnson,Male,21.0,,Single,Human Resources,HR Executive,3,Technical Degree,,1,16700.0,85.36,Yes,3.0,3.0,4.0,1.0,1.0,3.0,1,,Travel_Frequently,North Steven,Elizabeth Jones,No,,,False,False,18-25,<1yr
EMP1947,Robert Hogan,Female,41.0,,Married,Research & Development,Lab Technician,3,Business,2016-01-17,8,78900.0,66.19,No,3.0,3.0,2.0,,3.0,0.0,0,,Non-Travel,Christinamouth,Kevin Bradley,Yes,Health Issues,,True,False,36-45,6+yr
EMP2153,Michael Cook,Male,43.0,,Single,Sales,Sales Manager,1,Marketing,,8,75500.0,51.03,No,3.0,1.0,,2.0,5.0,2.0,3,,Travel_Rarely,Kaneside,Timothy Smith,No,,,True,False,36-45,6+yr
EMP1725,David Harper,Male,22.0,,Married,Sales,Sales Representative,3,Business,,5,59100.0,45.57,Yes,2.0,4.0,2.0,1.0,4.0,6.0,0,,Non-Travel,Port Amyport,Stephanie White,No,,,False,False,18-25,3-6yr
EMP1533,Jennifer Atkinson,Male,53.0,,Single,Research & Development,Lab Technician,5,Medical,,4,111700.0,34.62,Yes,4.0,,2.0,4.0,4.0,6.0,0,23.0,Non-Travel,West Kevin,Matthew Wagner,Yes,Better Opportunity,,True,False,46-65,3-6yr
EMP1763,Robert Johnson,Female,52.0,,Not Disclosed,IT,IT Support,5,Technical Degree,,2,59600.0,99.27,No,3.0,3.0,3.0,1.0,5.0,5.0,3,,Non-Travel,Lake Stephen,Beth Black,No,,,False,False,46-65,1-3yr
EMP1162,Suzanne Mcclain,Not Disclosed,54.0,,Single,Human Resources,HR Manager,1,Technical Degree,2023-03-18,1,67700.0,76.75,Yes,4.0,4.0,2.0,,5.0,4.0,1,6.9,Non-Travel,East Sarabury,Luke Watson,No,,,True,False,46-65,<1yr
EMP2289,Jacob Alexander,Female,44.0,,Single,IT,System Admin,2,Medical,,7,112800.0,56.64,No,3.0,,3.0,4.0,4.0,3.0,3,23.6,Non-Travel,Adamsland,Casey Jordan,No,,,True,False,36-45,6+yr
EMP2104,Kelly Ramos,Male,44.0,,Not Disclosed,IT,System Admin,2,Medical,,2,66000.0,98.38,No,3.0,,2.0,,4.0,5.0,2,34.2,Non-Travel,North Eduardoside,Cindy Reese,No,,,True,False,36-45,1-3yr
EMP1937,James Cabrera,Female,41.0,,Divorced,Sales,Sales Representative,5,Medical,,6,58300.0,91.16,No,3.0,,3.0,2.0,5.0,6.0,1,,Travel_Frequently,East Amandaview,Matthew Singleton,Yes,,2019-05-12,True,False,36-45,3-6yr
EMP2040,Megan Singleton,Male,40.0,,Married,Sales,Sales Representative,4,Human Resources,,6,31400.0,78.17,No,2.0,2.0,3.0,2.0,0.0,6.0,0,3.5,Non-Travel,Curtismouth,Matthew Huber,No,,,False,False,36-45,3-6yr
EMP2074,Susan Parsons,Female,23.0,,Single,Research & Development,Lab Technician,1,Marketing,,5,92300.0,36.6,No,1.0,,,1.0,2.0,3.0,2,,Travel_Rarely,New Debra,Monica Braun,No,,,True,False,18-25,3-6yr
EMP2313,Timothy Campbell,Male,45.0,1973-08-04,Married,Marketing,Marketing Manager,5,Medical,2019-05-18,5,57400.0,64.38,No,3.0,2.0,3.0,1.0,0.0,3.0,2,,Non-Travel,Knightmouth,Robert Nguyen,No,,,False,False,36-45,3-6yr
EMP1021,Molly Garcia,Not Disclosed,29.0,1995-08-08,Married,Sales,Sales Executive,1,Medical,,8,115700.0,88.51,Yes,1.0,1.0,,2.0,3.0,4.0,0,18.8,Non-Travel,Port Morgan,Daniel Mason,No,,,True,False,26-35,6+yr
EMP1570,David Lane,Not Disclosed,59.0,1983-06-20,Single,Finance,Accountant,2,Human Resources,2017-09-29,7,17500.0,76.03,Yes,3.0,4.0,2.0,1.0,2.0,1.0,0,17.3,Travel_Rarely,West Robertview,Gary Anderson,Yes,Better Opportunity,,False,False,46-65,6+yr
EMP1654,Kevin Moreno,Female,48.0,,Single,Marketing,Marketing Executive,1,Business,,9,23900.0,91.67,Yes,3.0,1.0,4.0,1.0,2.0,3.0,0,2.8,Non-Travel,North Kendrabury,Jennifer Stuart,No,,,False,False,46-65,6+yr
EMP1697,Steven Cox,Female,51.0,,Single,IT,System Admin,4,Marketing,,1,46900.0,60.74,No,3.0,2.0,1.0,1.0,4.0,0.0,0,,Travel_Frequently,New Cynthia,Justin Rodgers,No,,,False,False,46-65,<1yr
EMP1482,Michael Black,Male,31.0,2004-11-22,Married,IT,Software Engineer,3,Medical,,8,43900.0,63.48,Yes,3.0,2.0,4.0,4.0,1.0,1.0,1,,Travel_Rarely,Wilsonport,Christine Rich,No,,,False,False,26-35,6+yr
EMP1034,Michael Nelson,Male,26.0,,Married,IT,System Admin,2,Marketing,,1,92400.0,32.12,No,2.0,4.0,1.0,4.0,0.0,3.0,0,32.3,Travel_Frequently,North Andrewhaven,Chelsey Wells,No,,,False,False,26-35,<1yr
EMP2050,Allison Patterson Md,Female,37.0,,Single,Finance,Financial Analyst,5,Human Resources,,4,68300.0,70.51,Yes,3.0,2.0,4.0,,3.0,2.0,3,38.8,Travel_Frequently,Petersonborough,Tracy Cook,Yes,Health Issues,,True,False,36-45,3-6yr
EMP1048,Brandon Burgess,Male,23.0,,Divorced,IT,System Admin,1,Medical,,6,66000.0,33.19,Yes,1.0,,3.0,3.0,0.0,5.0,1,,Non-Travel,Oliviastad,Steven Tucker,No,,,True,False,18-25,3-6yr
EMP1030,Ashley Baker,Male,37.0,1967-03-16,Single,Sales,Sales Manager,5,Human Resources,,2,55700.0,85.33,Yes,1.0,,3.0,4.0,2.0,5.0,1,19.5,Non-Travel,Katelynchester,Megan Shah,No,,,True,False,36-45,1-3yr
EMP2006,Kathleen Perkins,Male,56.0,,Divorced,Research & Development,Research Scientist,5,Business,,3,95900.0,75.47,Yes,2.0,4.0,2.0,3.0,5.0,3.0,1,,Travel_Rarely,North Andrewborough,Gregory Haynes,No,,,False,False,46-65,1-3yr
EMP2143,Kathy Johnson,Female,41.0,1972-01-28,Married,Sales,Sales Representative,1,Medical,,7,69200.0,46.92,Yes,3.0,,2.0,4.0,2.0,4.0,1,9.7,Travel_Rarely,Andersonstad,Cory Davis,No,,,True,False,36-45,6+yr
EMP2175,Samantha Rogers,Female,31.0,,Not Disclosed,IT,Software Engineer,2,Business,,4,86700.0,78.06,Yes,5.0,2.0,2.0,1.0,1.0,6.0,2,,Travel_Rarely,Krystalchester,Melissa Thomas,No,,,False,False,26-35,3-6yr
EMP2320,Matthew Bush,Male,21.0,1998-11-27,Married,Marketing,Content Strategist,4,Business,,1,83800.0,84.46,No,4.0,1.0,,4.0,2.0,4.0,2,25.1,Non-Travel,Brandonstad,Stephen Hawkins,No,,,True,False,18-25,<1yr
EMP1511,Jeffrey Perez,Male,39.0,2004-05-16,Divorced,Marketing,Content Strategist,5,Human Resources,,7,119200.0,95.66,Yes,5.0,,2.0,3.0,5.0,6.0,2,37.8,Non-Travel,Longside,Brian Williams,No,,,True,False,36-45,6+yr
EMP1531,Rhonda Wright,Male,55.0,1992-12-19,Divorced,Human Resources,HR Manager,4,Business,,1,79250.0,73.74,No,3.0,1.0,2.0,3.0,1.0,1.0,0,1.6,Non-Travel,East Derek,Travis Barajas,Yes,Retirement,,False,False,46-65,<1yr
EMP1502,Robert Pollard,Male,40.0,,Divorced,Sales,Sales Manager,3,Human Resources,2017-10-05,7,20700.0,77.51,No,3.0,4.0,4.0,,0.0,0.0,2,,Travel_Frequently,Andreaville,Kenneth Hurst,No,,,True,False,36-45,6+yr
EMP1433,Gregory Mclaughlin,Male,26.0,1967-12-24,Single,Finance,Accountant,4,Medical,,5,86700.0,60.0,No,1.0,2.0,2.0,,0.0,4.0,0,20.7,Non-Travel,Port Scottshire,Jeffrey Johnson,No,,,True,False,26-35,3-6yr
EMP1254,Karen Johnson,Female,56.0,1991-07-07,Single,Research & Development,Lab Technician,4,Marketing,,4,47800.0,69.43,Yes,5.0,4.0,3.0,,0.0,1.0,0,17.7,Non-Travel,Hansenstad,Teresa Anderson,No,,,True,False,46-65,3-6yr
EMP2416,Nicole Johnson,Female,38.0,,Divorced,Human Resources,HR Executive,5,Technical Degree,,6,63915.0,60.14,Yes,4.0,,4.0,4.0,5.0,2.0,2,26.8,Travel_Frequently,Kristieport,Julie Barker,No,,,True,False,36-45,3-6yr
EMP2255,Melinda Miles,Male,45.0,,Not Disclosed,Human Resources,HR Manager,3,Technical Degree,,9,95700.0,98.27,No,3.0,4.0,4.0,2.0,1.0,1.0,1,,Non-Travel,Lake Johnport,Brian Payne,No,,,False,False,36-45,6+yr
EMP1780,Mrs. Brandy Graham,Male,52.0,,Single,Finance,Finance Manager,2,Business,,4,66500.0,39.75,Yes,4.0,2.0,1.0,1.0,2.0,5.0,1,,Travel_Frequently,New Jeff,Tammy Smith,No,,,False,False,46-65,3-6yr
EMP1367,Derek Wallace,Female,38.0,,Married,Finance,Financial Analyst,5,Human Resources,,6,44600.0,92.94,No,1.0,,1.0,2.0,1.0,5.0,0,,Travel_Frequently,North Williamfort,Kristine Berg,No,,,True,False,36-45,3-6yr
EMP2077,Todd Ferguson,Female,54.0,1967-03-12,Single,Marketing,Marketing Executive,5,Human Resources,,5,94200.0,68.07,No,3.0,1.0,1.0,1.0,2.0,1.0,2,,Travel_Frequently,New Johnland,Jeffrey Bennett,No,,,False,False,46-65,3-6yr
EMP2079,Christopher Carrillo,Female,47.0,,Divorced,Sales,Sales Manager,2,Medical,,9,120000.0,67.79,No,3.0,4.0,,,3.0,5.0,1,23.1,Non-Travel,North Nicole,Timothy Hull,No,,,True,False,46-65,6+yr
EMP1681,Tamara Harrison,Female,36.0,,Divorced,Marketing,Marketing Manager,2,Human Resources,,7,20400.0,53.5,No,3.0,,2.0,4.0,4.0,1.0,1,12.2,Non-Travel,Brownfort,Frank Horne,No,,,True,False,36-45,6+yr
EMP2420,Pamela Johnston,Male,47.0,,Divorced,Research & Development,Data Analyst,1,Human Resources,,7,110600.0,98.76,No,3.0,4.0,,4.0,0.0,2.0,1,26.7,Travel_Frequently,Mccallfort,Brian Jenkins,Yes,Relocation,,True,False,46-65,6+yr
EMP1813,Regina Patterson,Female,31.0,,Single,Research & Development,Data Analyst,5,Medical,2017-02-20,7,95800.0,36.64,Yes,3.0,1.0,2.0,,3.0,2.0,2,24.3,Travel_Rarely,East Kelsey,Kyle Hart,No,,,True,False,26-35,6+yr
EMP1736,Sonia Jones,Male,60.0,,Divorced,Research & Development,Research Scientist,2,Marketing,,7,84500.0,34.99,Yes,1.0,,3.0,3.0,1.0,0.0,1,8.7,Travel_Rarely,South Ralph,Sylvia Nixon,No,,,True,False,46-65,6+yr
EMP2049,Ryan Cooper,Male,57.0,,Divorced,IT,System Admin,5,Business,,4,28000.0,70.2,Yes,4.0,3.0,2.0,4.0,1.0,2.0,1,,Travel_Rarely,New James,Christine Hunter,No,,,False,True,46-65,3-6yr
EMP1299,Christian Nelson,Not Disclosed,31.0,,Married,Human Resources,HR Executive,4,Medical,,7,57300.0,51.21,No,5.0,3.0,,2.0,3.0,5.0,0,,Non-Travel,East Ashley,David Avery,No,,,True,False,26-35,6+yr
EMP1557,Mark Hunter,Not Disclosed,50.0,2005-03-28,Married,Finance,Financial Analyst,2,Medical,,7,34800.0,60.94,No,3.0,,3.0,1.0,2.0,5.0,0,35.9,Non-Travel,Stewartfort,Amanda Porter,No,,,True,False,46-65,6+yr
EMP1576,Joshua Phillips,Male,41.0,,Married,Research & Development,Data Analyst,3,Medical,,2,94800.0,40.2,No,3.0,1.0,3.0,1.0,1.0,3.0,2,34.2,Non-Travel,Ruizmouth,Joshua Johnson,No,,,False,False,36-45,1-3yr
EMP1019,Christina Small,Male,41.0,,Married,Sales,Sales Manager,2,Medical,,4,61800.0,55.49,Yes,5.0,3.0,2.0,1.0,2.0,3.0,2,,Travel_Frequently,Port Sophiafurt,Angela Moore,Yes,Relocation,2022-09-13,False,False,36-45,3-6yr
EMP1573,Joseph Thompson,Male,38.0,,Divorced,IT,Software Engineer,3,Marketing,,9,26000.0,98.94,Yes,3.0,1.0,1.0,,2.0,0.0,1,,Travel_Rarely,Port Nicholas,Felicia Miller,Yes,Relocation,,True,False,36-45,6+yr
EMP1226,Jessica Campbell,Female,48.0,,Married,Marketing,Marketing Executive,2,Marketing,,5,49100.0,79.43,No,2.0,,1.0,4.0,0.0,2.0,0,12.1,Travel_Frequently,Macdonaldland,Samantha Mckee,Yes,Retirement,2021-12-26,True,False,46-65,3-6yr
EMP1600,Heather Oneal,Not Disclosed,57.0,,Not Disclosed,Marketing,Marketing Executive,2,Marketing,,9,55400.0,37.78,No,3.0,4.0,4.0,1.0,2.0,3.0,0,,Non-Travel,Port Melissa,Michelle Nguyen,No,,,False,False,46-65,6+yr
EMP1420,Christopher Robinson,Female,44.0,,Divorced,Human Resources,HR Executive,2,Technical Degree,,6,119500.0,50.36,Yes,3.0,,,4.0,3.0,1.0,3,13.9,Non-Travel,East Jeremy,Heather Graham,No,,,True,False,36-45,3-6yr
EMP2211,Jennifer Dunn,Male,44.0,1996-07-02,Married,Research & Development,Data Analyst,2,Medical,,8,81900.0,33.98,Yes,3.0,1.0,4.0,2.0,2.0,4.0,1,33.6,Non-Travel,Port Molly,Daniel Lee,No,,,False,False,36-45,6+yr
EMP1219,Steven Torres,Female,35.0,1970-01-16,Married,Human Resources,Recruiter,3,Life Sciences,2017-10-12,7,81200.0,73.72,No,2.0,1.0,4.0,4.0,2.0,5.0,0,30.0,Non-Travel,East Markmouth,Donna Grant,No,,,False,False,26-35,6+yr
EMP1308,Rachel King,Female,57.0,,Married,Sales,Sales Manager,4,Life Sciences,,7,41700.0,33.45,Yes,2.0,,,4.0,0.0,5.0,0,16.5,Travel_Frequently,New Stephen,Terry Jennings DDS,Yes,Better Opportunity,,True,False,46-65,6+yr
EMP1157,Sabrina Richmond,Female,22.0,1975-10-12,Not Disclosed,Finance,Accountant,3,Human Resources,,9,91500.0,32.46,Yes,4.0,2.0,1.0,3.0,1.0,3.0,0,39.9,Non-Travel,East Nicholas,Andrew Wood,No,,,False,False,18-25,6+yr
EMP1172,Heather Frederick,Female,32.0,,Not Disclosed,Research & Development,Research Scientist,5,Business,,9,111200.0,35.05,Yes,5.0,1.0,,,4.0,1.0,0,,Travel_Frequently,Jennifermouth,Shawna Johnston,No,,,True,False,26-35,6+yr
EMP2232,Vanessa James,Female,53.0,,Married,Human Resources,HR Executive,4,Business,,8,51700.0,40.55,Yes,4.0,,,1.0,1.0,3.0,3,30.5,Non-Travel,New Aaronmouth,Tracy White,No,,,True,False,46-65,6+yr
EMP1706,Cynthia Sanchez,Female,54.0,,Married,Research & Development,Research Scientist,1,Technical Degree,,8,47200.0,40.29,No,3.0,3.0,3.0,,2.0,5.0,1,,Non-Travel,Christopherland,Jessica Franklin,No,,,True,False,46-65,6+yr
EMP1287,Daniel Gonzales,Male,29.0,,Single,IT,System Admin,2,Human Resources,,8,44200.0,46.74,No,3.0,3.0,,1.0,2.0,2.0,1,6.4,Travel_Frequently,Sullivanmouth,Dalton White,No,,,True,False,26-35,6+yr
EMP2091,Michael Daniels,Male,23.0,2005-06-12,Single,Research & Development,Lab Technician,4,Life Sciences,,8,64250.0,61.42,No,3.0,4.0,2.0,,3.0,2.0,2,25.1,Travel_Rarely,South Brookebury,Katelyn Moore,Yes,,,True,False,18-25,6+yr
EMP1454,Lisa Valdez Md,Not Disclosed,34.0,,Married,IT,IT Support,4,Medical,,5,61700.0,52.3,Yes,3.0,4.0,2.0,4.0,0.0,6.0,2,15.5,Travel_Rarely,Samanthastad,Charles Moore,No,,,False,False,26-35,3-6yr
EMP1072,Tiffany Hughes,Male,24.0,,Single,Research & Development,Data Analyst,5,Business,,6,63400.0,93.95,Yes,3.0,1.0,1.0,1.0,0.0,1.0,3,13.1,Non-Travel,Andersonfort,Robert Rodgers,No,,,False,False,18-25,3-6yr
EMP1083,Kenneth Diaz,Not Disclosed,39.0,1996-07-17,Divorced,Human Resources,HR Manager,5,Medical,,8,103600.0,83.93,No,2.0,2.0,,1.0,2.0,1.0,3,30.7,Travel_Rarely,New Douglasfurt,Marcus Wood,No,,,True,False,36-45,6+yr
EMP2207,Jesse Miller,Not Disclosed,50.0,1971-09-18,Married,Human Resources,HR Manager,4,Medical,2019-09-15,5,103200.0,43.01,Yes,1.0,1.0,3.0,,2.0,2.0,1,11.4,Travel_Rarely,East Dariusport,Jill Olson,No,,,True,False,46-65,3-6yr
EMP2496,Angela Phillips,Female,45.0,,Married,Sales,Sales Manager,2,Business,2020-11-18,4,114300.0,84.34,No,3.0,,2.0,1.0,0.0,6.0,3,,Travel_Rarely,Wayneville,Robert Velez,No,,,True,False,36-45,3-6yr
EMP1016,Daniel Cain,Male,30.0,,Married,Sales,Sales Manager,1,Life Sciences,,2,59700.0,48.82,Yes,3.0,1.0,3.0,1.0,4.0,3.0,0,11.3,Travel_Frequently,Port Richard,Johnathan Simon,Yes,Retirement,,False,False,26-35,1-3yr
EMP1536,Mr. Jonathan Johnson Dds,Female,35.0,,Divorced,Human Resources,Recruiter,3,Medical,2021-11-24,3,68500.0,92.29,Yes,3.0,,2.0,3.0,3.0,6.0,3,1.3,Non-Travel,Brandonchester,Destiny Mora,No,,,True,False,26-35,1-3yr
EMP2244,Dennis Miller,Male,24.0,,Not Disclosed,IT,IT Support,4,Medical,,8,61700.0,63.4,Yes,1.0,4.0,4.0,,0.0,4.0,2,35.1,Non-Travel,Port Robert,Kristopher Arnold,No,,,True,False,18-25,6+yr
EMP1919,Ronald Benjamin,Not Disclosed,39.0,,Married,Finance,Finance Manager,4,Life Sciences,2017-07-09,7,73700.0,48.65,No,3.0,3.0,2.0,4.0,0.0,6.0,2,,Travel_Frequently,Meyerport,Meghan Mitchell,No,,,False,False,36-45,6+yr
EMP1452,Susan Walker Md,Female,54.0,,Married,Research & Development,Data Analyst,1,Marketing,,4,25700.0,96.79,No,3.0,2.0,3.0,,0.0,0.0,0,,Travel_Rarely,Emilyfurt,Michael Jones,No,,,True,False,46-65,3-6yr
EMP2193,Amy Smith,Male,38.0,,Married,Sales,Sales Manager,5,Medical,,5,20800.0,90.67,No,3.0,1.0,3.0,4.0,0.0,6.0,3,38.3,Non-Travel,New Sandra,Robert Turner,Yes,Health Issues,,False,False,36-45,3-6yr
EMP1405,Harry Gray,Female,25.0,1970-01-11,Single,Finance,Accountant,1,Life Sciences,,7,107100.0,93.67,No,3.0,4.0,,3.0,4.0,3.0,3,,Travel_Frequently,Avilashire,Dana Gillespie,No,,,True,False,18-25,6+yr
EMP2441,Daniel Schroeder,Not Disclosed,43.0,1979-03-05,Single,Sales,Sales Executive,5,Technical Degree,,2,32500.0,31.27,No,4.0,2.0,3.0,3.0,0.0,6.0,0,,Travel_Rarely,Nicolestad,Francisco Dyer,No,,,False,False,36-45,1-3yr
EMP2399,Anna Solomon,Female,41.0,1981-09-02,Single,Human Resources,Recruiter,4,Human Resources,2023-10-27,1,68500.0,38.85,Yes,3.0,,,,2.0,6.0,1,21.6,Travel_Frequently,Valerieborough,Kevin Barrera,No,,,True,False,36-45,<1yr
EMP1740,Mrs. Alexandra Miller,Male,21.0,,Married,Marketing,Marketing Executive,5,Business,2018-09-20,6,37000.0,41.66,No,3.0,2.0,3.0,2.0,0.0,4.0,2,,Travel_Frequently,Port Lindseyside,Meghan Lee,No,,,False,False,18-25,3-6yr
EMP1365,Sarah Allen,Not Disclosed,33.0,2001-05-02,Single,Sales,Sales Representative,2,Business,,7,38900.0,86.35,No,5.0,2.0,2.0,1.0,1.0,3.0,0,1.6,Travel_Rarely,North Coryfurt,Cynthia Johnson,No,,,False,False,26-35,6+yr
EMP1105,Thomas Lee,Male,23.0,,Married,Human Resources,HR Manager,1,Human Resources,,4,81100.0,69.52,No,5.0,4.0,,3.0,3.0,5.0,0,,Travel_Rarely,Solomonside,Ryan Wolfe,No,,,True,False,18-25,3-6yr
EMP1144,Jessica Smith,Female,33.0,,Married,Marketing,Content Strategist,4,Business,,1,32865.0,94.67,No,1.0,2.0,4.0,3.0,2.0,3.0,2,28.6,Travel_Frequently,East Mollyberg,Donald Carroll,No,,,False,True,26-35,<1yr
EMP1662,John Bennett,Female,32.0,1985-10-23,Single,IT,Software Engineer,5,Marketing,2016-10-25,8,85500.0,92.12,Yes,5.0,,2.0,4.0,1.0,5.0,0,38.6,Travel_Frequently,East Todd,Patrick Kelley,No,,,True,False,26-35,6+yr
EMP1242,James Brown,Female,26.0,,Married,Research & Development,Data Analyst,3,Human Resources,2018-03-18,6,28800.0,34.63,Yes,1.0,,1.0,1.0,1.0,4.0,2,12.7,Non-Travel,Lake Austin,Patricia Brennan,No,,,True,False,26-35,3-6yr
EMP1431,Caleb Johnson,Male,47.0,1993-12-14,Divorced,Finance,Accountant,4,Marketing,2020-09-01,4,112400.0,63.57,No,1.0,4.0,3.0,4.0,0.0,3.0,2,,Travel_Rarely,South Fernandoburgh,Hunter Pugh,No,,,False,False,46-65,3-6yr
EMP1815,Maria Rivas,Male,32.0,,Married,Marketing,Content Strategist,3,Life Sciences,2018-06-22,6,48700.0,90.07,Yes,2.0,,4.0,3.0,2.0,6.0,0,,Travel_Frequently,Myersbury,Jason Richardson,No,,,True,False,26-35,3-6yr
EMP1631,Carl Carr,Female,41.0,,Not Disclosed,Marketing,Content Strategist,5,Business,,5,35500.0,47.26,Yes,5.0,1.0,2.0,,2.0,1.0,3,32.3,Travel_Rarely,Bennettberg,Jessica Lopez,No,,,True,False,36-45,3-6yr
EMP1097,Lonnie Williams Jr.,Female,41.0,1988-04-21,Divorced,Sales,Sales Executive,3,Business,2017-09-25,7,111300.0,88.95,Yes,1.0,1.0,2.0,2.0,3.0,4.0,1,36.1,Non-Travel,Amandachester,Leah Harris,No,,,False,False,36-45,6+yr
EMP1468,Henry Hansen,Female,34.0,,Married,Sales,Sales Representative,4,Business,,4,41500.0,56.97,No,3.0,4.0,3.0,4.0,3.0,3.0,1,,Travel_Frequently,New Andrew,Kyle Williams,No,,,False,False,26-35,3-6yr
EMP2191,Carl Marshall,Male,22.0,,Married,Finance,Accountant,2,Life Sciences,,8,106200.0,62.81,No,2.0,,1.0,1.0,2.0,6.0,1,31.9,Non-Travel,Lake Amy,Timothy Davidson,No,,,True,False,18-25,6+yr
EMP1085,Emily Lawson,Female,54.0,1991-01-28,Single,Research & Development,Data Analyst,2,Medical,,9,96800.0,70.34,Yes,3.0,1.0,4.0,4.0,4.0,0.0,1,1.8,Travel_Rarely,Lake Kristi,Jared Mathis,No,,,False,False,46-65,6+yr
EMP1702,Matthew Thomas,Male,41.0,,Not Disclosed,Human Resources,HR Manager,4,Technical Degree,,6,53400.0,100.0,No,4.0,3.0,3.0,,0.0,3.0,2,,Non-Travel,Grahamchester,Robert Castaneda,No,,,True,False,36-45,3-6yr
EMP1010,David Washington,Female,51.0,1989-03-09,Divorced,Marketing,Content Strategist,1,Marketing,2017-05-13,7,110500.0,63.46,No,4.0,3.0,1.0,4.0,3.0,6.0,0,29.3,Travel_Rarely,East Robertstad,Calvin Villarreal,Yes,Retirement,2022-01-07,False,False,46-65,6+yr
EMP1605,Jerry Griffin,Female,49.0,,Married,Marketing,Marketing Executive,2,Business,,7,61300.0,89.38,Yes,4.0,2.0,4.0,4.0,3.0,3.0,0,,Non-Travel,New Mario,Richard Moreno,Yes,Health Issues,2019-06-22,False,False,46-65,6+yr
EMP1879,Christopher Campos,Female,40.0,1992-04-16,Single,IT,Software Engineer,5,Business,,9,57600.0,64.73,Yes,2.0,1.0,3.0,4.0,4.0,5.0,2,,Travel_Rarely,Chenhaven,Kimberly Bell,Yes,,,False,False,36-45,6+yr
EMP1774,Ellen Hickman,Not Disclosed,26.0,,Married,Research & Development,Research Scientist,2,Technical Degree,,2,66350.0,40.87,Yes,2.0,4.0,3.0,3.0,1.0,4.0,0,7.3,Non-Travel,North Stephanieland,Scott Johnson,Yes,Career Change,2024-11-15,False,False,26-35,1-3yr
EMP2163,Mrs. Jennifer Young,Female,50.0,,Single,Human Resources,HR Executive,5,Technical Degree,,6,18100.0,90.43,No,3.0,2.0,3.0,,0.0,4.0,1,22.4,Non-Travel,Lyonsland,Angela Barnes,No,,,True,False,46-65,3-6yr
EMP1277,Sydney Scott,Male,56.0,,Married,IT,Software Engineer,1,Human Resources,,6,55300.0,89.02,Yes,1.0,4.0,4.0,3.0,2.0,3.0,1,23.3,Travel_Frequently,Trevinoborough,Tyler Roberts,No,,,False,False,46-65,3-6yr
EMP1089,Sara Cochran,Male,47.0,,Single,Sales,Sales Executive,5,Marketing,,9,81000.0,73.49,Yes,1.0,,1.0,4.0,1.0,0.0,2,,Non-Travel,Ryanland,Kathy Sandoval,No,,,True,False,46-65,6+yr
EMP1091,Lucas Schwartz,Female,51.0,,Married,Human Resources,HR Executive,5,Human Resources,,8,116800.0,30.83,Yes,2.0,2.0,3.0,,2.0,3.0,2,12.1,Travel_Frequently,Robertsburgh,Connie Whitaker,Yes,Better Opportunity,,True,False,46-65,6+yr
EMP1766,Michael Barber,Female,46.0,,Married,Marketing,Marketing Executive,5,Business,2017-04-17,7,52400.0,98.47,Yes,5.0,3.0,3.0,,2.0,3.0,1,,Travel_Frequently,Keyport,Susan Davis,Yes,Retirement,,True,False,46-65,6+yr
EMP1281,Casey Brown Md,Female,42.0,,Married,Sales,Sales Representative,4,Technical Degree,,3,53400.0,84.19,No,1.0,3.0,4.0,,2.0,4.0,1,,Travel_Rarely,Lake Jesseborough,Andrew Frazier,No,,,True,False,36-45,1-3yr
EMP2008,Melissa White,Female,43.0,,Single,Human Resources,Recruiter,5,Business,,5,110700.0,34.82,No,3.0,4.0,2.0,,2.0,1.0,3,28.6,Travel_Frequently,Bradleyport,Yesenia Evans,No,,,True,False,36-45,3-6yr
EMP1652,James Garcia,Female,37.0,,Single,Marketing,Content Strategist,4,Technical Degree,,8,53200.0,98.58,Yes,5.0,3.0,4.0,4.0,2.0,1.0,1,,Non-Travel,Port Joshua,Kelly Nash,Yes,Retirement,,False,False,36-45,6+yr
EMP1993,Catherine Cannon,Male,31.0,,Divorced,Sales,Sales Representative,2,Human Resources,,6,61100.0,49.12,Yes,4.0,1.0,3.0,2.0,1.0,4.0,0,20.9,Non-Travel,Davidshire,Cynthia Jordan,No,,,False,False,26-35,3-6yr
EMP1366,Brian Stevens,Male,29.0,,Not Disclosed,IT,Software Engineer,5,Human Resources,,9,68700.0,48.18,Yes,3.0,4.0,3.0,1.0,1.0,1.0,2,,Non-Travel,South Timothyburgh,Jessica Brown,No,,,False,False,26-35,6+yr
EMP1024,Kristie Nguyen,Female,58.0,,Married,Human Resources,Recruiter,5,Marketing,2019-12-31,5,88900.0,64.85,No,4.0,1.0,2.0,1.0,3.0,3.0,3,12.8,Travel_Frequently,New Brianborough,Raymond Romero,No,,,False,False,46-65,3-6yr
EMP1677,Micheal Smith,Male,34.0,1985-12-04,Single,IT,IT Support,2,Business,,7,24500.0,82.17,Yes,2.0,,4.0,3.0,4.0,4.0,0,10.8,Non-Travel,Hoovermouth,Anna Wilson,No,,,True,False,26-35,6+yr
EMP1999,William Kent,Female,58.0,,Married,Research & Development,Lab Technician,1,Marketing,,3,64250.0,46.77,Yes,3.0,1.0,2.0,1.0,4.0,5.0,0,38.1,Non-Travel,Sparkstown,Mary Anderson,Yes,Better Opportunity,,False,False,46-65,1-3yr
EMP2190,Susan David,Female,21.0,,Married,Marketing,Marketing Manager,4,Life Sciences,2016-05-26,8,29900.0,86.46,Yes,3.0,3.0,4.0,2.0,5.0,6.0,2,,Non-Travel,West Christopherton,Troy Wood,No,,,False,False,18-25,6+yr
EMP1311,Daniel Gomez,Female,48.0,,Divorced,Finance,Finance Manager,2,Marketing,,4,98600.0,67.47,No,3.0,1.0,4.0,,3.0,1.0,0,,Non-Travel,Matthewview,Steve Russell,No,,,True,False,46-65,3-6yr
EMP2061,Kathleen Eaton,Not Disclosed,40.0,,Married,IT,IT Support,2,Human Resources,,6,77900.0,96.36,No,4.0,1.0,4.0,3.0,1.0,1.0,0,32.7,Travel_Frequently,Gabrielaburgh,Maria Dunlap,No,,,False,False,36-45,3-6yr
EMP1641,Tracy Bradley,Male,22.0,,Single,Finance,Financial Analyst,4,Business,,5,106300.0,68.25,No,1.0,4.0,4.0,4.0,1.0,0.0,0,27.2,Non-Travel,North Gregorybury,Frederick Peterson,No,,,False,False,18-25,3-6yr
EMP1241,Emily Rogers,Female,41.0,,Divorced,Finance,Finance Manager,2,Life Sciences,2017-01-14,7,83500.0,35.66,Yes,1.0,,,2.0,2.0,1.0,1,36.3,Travel_Rarely,South Nancy,Lynn Acosta,No,,,True,False,36-45,6+yr
EMP1667,Roy Crosby,Female,56.0,2002-07-08,Single,Sales,Sales Executive,1,Business,,1,97600.0,97.04,No,2.0,4.0,,3.0,0.0,6.0,3,,Non-Travel,East Paulmouth,Richard Russo,No,,,True,False,46-65,<1yr
EMP2344,David Mcintyre,Not Disclosed,51.0,1991-05-12,Married,Research & Development,Research Scientist,3,Human Resources,,5,111600.0,61.36,No,1.0,,3.0,1.0,0.0,1.0,1,23.0,Non-Travel,Butlerchester,Diana Edwards,No,,,True,False,46-65,3-6yr
EMP1099,Dennis Smith,Female,33.0,1991-06-02,Single,Human Resources,HR Manager,5,Medical,2020-01-22,4,61200.0,46.68,No,1.0,2.0,,2.0,2.0,0.0,3,,Travel_Frequently,Brookeshire,Timothy Quinn,No,,,True,False,26-35,3-6yr
EMP1168,Jeffrey Barr,Female,51.0,,Not Disclosed,Finance,Financial Analyst,3,Marketing,2020-02-21,4,113400.0,79.72,No,5.0,4.0,4.0,2.0,2.0,6.0,1,6.4,Travel_Rarely,Port Henry,Michelle Gonzalez,No,,,False,False,46-65,3-6yr
EMP1497,Deborah Bailey,Not Disclosed,40.0,,Married,Marketing,Marketing Executive,4,Human Resources,,7,30600.0,63.69,No,5.0,,4.0,2.0,2.0,3.0,0,,Travel_Rarely,West Samuel,Dawn Rivas,Yes,Relocation,,True,False,36-45,6+yr
EMP1276,Cynthia Wood,Female,30.0,,Married,Sales,Sales Executive,1,Technical Degree,,6,18600.0,73.79,Yes,3.0,4.0,2.0,3.0,1.0,3.0,1,,Non-Travel,New Jamesshire,Kevin Parker,No,,,False,False,26-35,3-6yr
EMP2114,James Wright,Male,25.0,,Divorced,Finance,Financial Analyst,3,Human Resources,,5,84900.0,35.5,No,5.0,4.0,2.0,3.0,3.0,1.0,3,34.4,Travel_Frequently,South Kimberly,Brianna Hunt,No,,,False,False,18-25,3-6yr
EMP1715,Jessica Thompson,Not Disclosed,60.0,1982-01-02,Single,Marketing,Content Strategist,3,Business,2022-02-08,2,87700.0,46.02,Yes,5.0,1.0,2.0,2.0,0.0,2.0,0,,Travel_Rarely,East Maryfort,Bryan Mcguire,No,,,False,False,46-65,1-3yr
EMP2311,Lisa Acosta,Female,55.0,,Single,Marketing,Marketing Manager,5,Medical,,4,35300.0,77.96,Yes,5.0,2.0,1.0,,0.0,6.0,1,12.7,Non-Travel,Loriview,Anna Lopez,Yes,Relocation,,True,False,46-65,3-6yr
EMP1332,Gina Rivera,Male,41.0,1988-05-11,Married,Research & Development,Research Scientist,4,Medical,,8,27400.0,78.46,Yes,5.0,2.0,,1.0,0.0,1.0,1,,Travel_Rarely,West Mary,Kimberly Johnson,No,,,True,False,36-45,6+yr
EMP1220,John Whitney,Male,31.0,,Divorced,Human Resources,HR Executive,4,Technical Degree,,3,113000.0,55.74,Yes,4.0,,3.0,2.0,2.0,1.0,2,15.8,Travel_Rarely,Tinashire,Matthew Frye,No,,,True,False,26-35,1-3yr
EMP1434,Mary Dixon,Not Disclosed,45.0,,Divorced,Finance,Financial Analyst,4,Life Sciences,,9,91800.0,53.25,No,2.0,3.0,1.0,,3.0,3.0,1,18.2,Non-Travel,South Gregory,Michael Smith,No,,,True,False,36-45,6+yr
EMP1562,Margaret Garcia,Female,44.0,,Married,IT,System Admin,3,Marketing,2017-01-27,7,31400.0,33.21,Yes,2.0,,2.0,2.0,1.0,5.0,3,24.4,Non-Travel,Alexandermouth,Jessica Chen,No,,,True,False,36-45,6+yr
EMP2334,Amanda Trujillo,Female,55.0,,Divorced,IT,Software Engineer,1,Human Resources,,3,88100.0,32.81,No,5.0,1.0,4.0,4.0,4.0,5.0,1,,Non-Travel,Nelsonmouth,Marcus West,Yes,Relocation,,False,False,46-65,1-3yr
EMP1487,Louis Jackson,Female,23.0,,Divorced,Sales,Sales Executive,5,Business,,7,74500.0,89.47,Yes,5.0,,2.0,2.0,2.0,3.0,1,,Travel_Frequently,Lake Timothy,Brandy Parker,No,,,True,False,18-25,6+yr
EMP1532,Ricky Welch,Male,54.0,1972-07-22,Divorced,Marketing,Marketing Manager,3,Life Sciences,,1,98600.0,59.74,Yes,5.0,1.0,4.0,4.0,2.0,0.0,1,4.1,Non-Travel,South Charles,John Jenkins,Yes,Health Issues,,False,False,46-65,<1yr
EMP2353,Jessica Cervantes,Not Disclosed,34.0,1988-11-24,Married,Research & Development,Lab Technician,5,Marketing,2022-08-01,2,50000.0,75.45,No,3.0,2.0,2.0,4.0,1.0,1.0,2,29.1,Non-Travel,Peterview,Ryan Graham,Yes,Higher Salary,,False,False,26-35,1-3yr
EMP1261,Candice Vega,Female,39.0,1989-07-10,Not Disclosed,Research & Development,Data Analyst,1,Life Sciences,,5,76400.0,48.21,Yes,4.0,,4.0,4.0,3.0,3.0,2,36.9,Non-Travel,Port Jasonstad,Jessica Graham,Yes,Career Change,2019-05-07,True,False,36-45,3-6yr
EMP1811,Ashley Tapia,Female,55.0,,Divorced,Sales,Sales Representative,1,Marketing,,1,31400.0,68.7,Yes,1.0,,3.0,1.0,2.0,3.0,3,31.3,Travel_Rarely,Port Amyhaven,Laura Bright,Yes,Better Opportunity,,True,False,46-65,<1yr
EMP1306,Mitchell Bailey,Male,51.0,,Divorced,Sales,Sales Executive,4,Human Resources,,1,34500.0,91.53,No,3.0,4.0,2.0,2.0,2.0,5.0,0,,Travel_Frequently,Taylorport,Natasha Wall,No,,,False,False,46-65,<1yr
EMP2316,Cynthia Allison,Not Disclosed,31.0,,Single,IT,Software Engineer,3,Marketing,,5,71500.0,91.55,Yes,5.0,4.0,,2.0,0.0,5.0,2,,Travel_Frequently,Hartport,Sandy Moss,Yes,Retirement,,True,False,26-35,3-6yr
EMP1197,Brianna Stone,Male,23.0,,Single,Research & Development,Data Analyst,1,Medical,,9,60900.0,40.14,No,1.0,1.0,1.0,3.0,2.0,2.0,0,,Travel_Rarely,East Staciefort,Renee Brown,Yes,Retirement,2023-04-11,False,False,18-25,6+yr
EMP2165,Linda Ramirez,Male,50.0,,Not Disclosed,Marketing,Content Strategist,3,Business,,5,21500.0,51.31,Yes,5.0,1.0,3.0,3.0,4.0,6.0,3,,Travel_Rarely,Jacobville,Michael Powell,No,,,False,False,46-65,3-6yr
EMP2147,Brian Woods,Female,36.0,1972-04-22,Single,Marketing,Marketing Manager,4,Medical,,5,93400.0,94.37,Yes,2.0,,3.0,1.0,0.0,0.0,3,22.9,Travel_Frequently,East Sarah,Sandra Greene,No,,,True,False,36-45,3-6yr
EMP1495,Isabel Hicks,Female,25.0,,Married,Research & Development,Lab Technician,1,Business,,9,70700.0,32.73,Yes,1.0,2.0,1.0,2.0,1.0,5.0,2,,Non-Travel,Richardburgh,Nicholas Barrett,No,,,False,True,18-25,6+yr
EMP1111,Amanda Stone,Not Disclosed,44.0,1969-07-21,Single,IT,IT Support,4,Life Sciences,,5,66900.0,81.15,Yes,5.0,,1.0,2.0,5.0,3.0,1,,Travel_Rarely,New Ashleeland,Donna Graham,No,,,True,False,36-45,3-6yr
EMP2109,Cheryl Rice,Female,59.0,1994-01-30,Not Disclosed,Research & Development,Lab Technician,4,Life Sciences,,1,112600.0,61.7,Yes,5.0,1.0,,,3.0,3.0,1,13.8,Non-Travel,Hernandezton,Christopher Murray,No,,,True,False,46-65,<1yr
EMP1514,Eric Baldwin,Female,33.0,,Single,IT,IT Support,2,Business,2018-05-18,6,46600.0,42.5,Yes,3.0,2.0,4.0,1.0,4.0,2.0,3,,Non-Travel,Port Thomas,Chris Walker,No,,,False,False,26-35,3-6yr
EMP1692,Miss Elizabeth Hess,Male,30.0,,Married,Research & Development,Lab Technician,1,Medical,,2,54200.0,38.51,No,5.0,3.0,,3.0,2.0,2.0,0,,Non-Travel,West Alexander,Justin Gallagher,No,,,True,False,26-35,1-3yr
EMP1370,William Olson,Female,56.0,,Not Disclosed,Human Resources,HR Manager,1,Technical Degree,,9,37000.0,79.27,No,5.0,1.0,4.0,,5.0,3.0,0,21.1,Non-Travel,Lake Thomaston,Cynthia Porter,No,,,True,False,46-65,6+yr
EMP1794,Kara Freeman,Female,50.0,,Divorced,Research & Development,Data Analyst,2,Life Sciences,,4,48800.0,73.73,Yes,3.0,4.0,,3.0,4.0,1.0,1,25.7,Travel_Rarely,South Dianahaven,David Lindsey,No,,,True,False,46-65,3-6yr
EMP2099,Tracy Flores,Female,54.0,,Single,Human Resources,HR Executive,1,Life Sciences,,8,104900.0,82.07,No,4.0,1.0,4.0,3.0,5.0,3.0,1,,Travel_Rarely,Montoyaborough,Matthew Allen,Yes,Retirement,,False,False,46-65,6+yr
EMP1274,Isaiah Boyer,Male,44.0,1982-09-28,Married,IT,Software Engineer,5,Business,,6,94800.0,76.28,Yes,4.0,2.0,2.0,,4.0,6.0,2,33.3,Travel_Frequently,Nicholasstad,Robert Boyd,No,,,True,False,36-45,3-6yr
EMP1397,John Joseph,Female,58.0,,Married,Human Resources,HR Executive,4,Human Resources,,6,64400.0,98.78,No,2.0,1.0,4.0,3.0,3.0,5.0,2,28.5,Non-Travel,Chanmouth,Ashley Bryant,No,,,False,False,46-65,3-6yr
EMP2179,Brandon Moore,Not Disclosed,24.0,1997-06-10,Not Disclosed,Human Resources,HR Executive,5,Medical,2017-10-11,7,25700.0,48.09,No,1.0,4.0,4.0,,3.0,1.0,0,5.2,Travel_Frequently,Jensenview,Brandon Contreras,No,,,True,False,18-25,6+yr
EMP2216,Tiffany Johnson,Male,46.0,,Not Disclosed,Human Resources,HR Executive,2,Technical Degree,,7,70600.0,60.2,No,4.0,,,1.0,4.0,5.0,2,8.2,Travel_Rarely,North Kayla,Kimberly Raymond,No,,,True,False,46-65,6+yr
EMP1798,Kathryn Cross,Male,37.0,,Divorced,Research & Development,Research Scientist,5,Business,,9,66350.0,31.93,Yes,3.0,3.0,2.0,,4.0,3.0,1,20.4,Non-Travel,Fieldsland,Daniel Johns,No,,,True,False,36-45,6+yr
EMP2212,Lisa Garcia,Male,41.0,,Single,Sales,Sales Representative,4,Business,,4,22800.0,91.79,No,3.0,4.0,4.0,,1.0,5.0,1,14.1,Travel_Rarely,Charlesview,Kevin Harris,No,,,True,False,36-45,3-6yr
EMP2075,Joshua Poole,Female,43.0,,Divorced,Marketing,Content Strategist,3,Marketing,,1,40900.0,93.23,No,4.0,1.0,2.0,3.0,3.0,6.0,1,,Non-Travel,Jamesshire,Edward George,No,,,False,False,36-45,<1yr
EMP2063,Patricia Green,Male,55.0,,Single,Human Resources,HR Manager,2,Technical Degree,2015-01-10,9,79250.0,55.3,Yes,3.0,3.0,4.0,,2.0,1.0,0,,Travel_Frequently,South Mark,Dakota Crawford,No,,,True,False,46-65,6+yr
EMP1962,Kimberly Gould,Female,41.0,1997-03-31,Divorced,IT,System Admin,5,Medical,,2,15600.0,86.55,No,5.0,,1.0,2.0,3.0,5.0,2,,Non-Travel,Matthewshire,Robert Miller,No,,,True,False,36-45,1-3yr
EMP1419,Russell Coleman,Female,58.0,1986-01-20,Divorced,Research & Development,Lab Technician,5,Business,,5,58700.0,83.39,No,3.0,,2.0,,0.0,3.0,1,,Non-Travel,South Mistyland,Kristin Perry,No,,,True,False,46-65,3-6yr
EMP2233,Stacy Murillo,Male,58.0,,Divorced,Research & Development,Data Analyst,3,Medical,,4,100200.0,55.58,Yes,2.0,1.0,,4.0,5.0,5.0,1,14.0,Travel_Rarely,Bowmanport,Betty Sellers,No,,,True,False,46-65,3-6yr
EMP1376,Bryan Horne,Female,56.0,,Divorced,Sales,Sales Executive,3,Medical,,8,108000.0,45.71,Yes,2.0,1.0,,2.0,5.0,1.0,3,,Non-Travel,New Manuel,Jay Miller,Yes,,2022-11-02,True,False,46-65,6+yr
EMP1464,Vanessa Williams,Female,31.0,1994-03-26,Single,IT,Software Engineer,2,Technical Degree,2022-03-16,2,99700.0,98.06,No,5.0,1.0,,2.0,3.0,3.0,2,,Travel_Rarely,Port Marcton,Debra Jackson,Yes,Career Change,,True,False,26-35,1-3yr
EMP1471,Samantha Lucero,Female,36.0,1982-11-28,Married,Finance,Finance Manager,4,Technical Degree,2021-08-12,3,69650.0,67.23,Yes,4.0,3.0,3.0,1.0,2.0,1.0,0,32.3,Travel_Frequently,Cynthiatown,Antonio Ward,No,,,False,False,36-45,1-3yr
EMP2100,Robin Powers,Male,53.0,,Not Disclosed,Research & Development,Data Analyst,3,Medical,,2,88500.0,48.37,Yes,3.0,,2.0,4.0,0.0,0.0,3,8.2,Non-Travel,New Janetville,Anna Welch,No,,,True,False,46-65,1-3yr
EMP2273,Amanda Stephens,Male,51.0,,Married,Marketing,Content Strategist,1,Life Sciences,2022-10-12,2,86100.0,82.05,Yes,4.0,4.0,,,2.0,1.0,3,9.0,Non-Travel,Lake Vanessatown,Brian Sanders,No,,,True,False,46-65,1-3yr
EMP1560,John Johnson,Not Disclosed,44.0,1995-02-02,Divorced,Marketing,Marketing Executive,4,Technical Degree,,4,43200.0,43.35,No,3.0,,4.0,1.0,2.0,3.0,0,,Travel_Frequently,Nathanbury,Christopher Farmer,Yes,Health Issues,,True,False,36-45,3-6yr
EMP1303,Gloria Cochran,Male,55.0,,Divorced,Research & Development,Research Scientist,2,Business,,1,46900.0,94.69,Yes,3.0,4.0,2.0,,3.0,2.0,2,38.4,Non-Travel,West Shelbychester,Amanda Kramer,No,,,True,False,46-65,<1yr
EMP1583,Dr. Michael Blair,Male,59.0,1995-12-18,Single,Marketing,Marketing Manager,4,Technical Degree,,7,50700.0,50.34,Yes,3.0,4.0,,2.0,2.0,5.0,2,16.3,Travel_Frequently,East Angela,Patricia Jackson,No,,,True,False,46-65,6+yr
EMP2270,Adam Davis,Male,29.0,,Single,Sales,Sales Executive,3,Technical Degree,,5,74150.0,47.82,No,1.0,,3.0,3.0,2.0,0.0,2,21.3,Travel_Frequently,North George,Brittany Fitzgerald,No,,,True,False,26-35,3-6yr
EMP1799,Benjamin Watts,Male,41.0,,Single,Finance,Finance Manager,4,Life Sciences,,8,67600.0,36.87,No,4.0,3.0,2.0,,2.0,6.0,0,27.3,Travel_Rarely,South Derek,Erica Flores,No,,,True,False,36-45,6+yr
EMP1012,Daniel Martin,Female,58.0,,Not Disclosed,Human Resources,Recruiter,5,Life Sciences,,9,96500.0,30.28,No,2.0,2.0,2.0,4.0,4.0,1.0,0,,Non-Travel,New Edwardville,Lisa Jones,Yes,Retirement,,False,False,46-65,6+yr
EMP2414,John Johnson,Female,50.0,,Single,Research & Development,Data Analyst,4,Technical Degree,2023-04-30,1,43700.0,34.63,Yes,4.0,1.0,1.0,4.0,4.0,3.0,2,,Non-Travel,Maxwellborough,Christopher Riggs,No,,,False,False,46-65,<1yr
EMP1539,Kim Bush,Female,34.0,,Married,Marketing,Marketing Executive,1,Medical,,9,43000.0,32.32,Yes,5.0,2.0,2.0,3.0,2.0,2.0,1,1.6,Travel_Rarely,Jennaton,Dana Lozano,No,,,False,False,26-35,6+yr
EMP1628,Aaron Webster,Male,39.0,1989-07-30,Married,Finance,Accountant,5,Medical,2018-04-12,6,41000.0,99.19,Yes,4.0,3.0,3.0,2.0,2.0,6.0,1,,Travel_Frequently,North Ryanbury,Brian HaYes,No,,,False,False,36-45,3-6yr
EMP1282,Patricia Carrillo,Female,36.0,1970-05-06,Married,Marketing,Marketing Manager,2,Medical,,8,51800.0,56.14,Yes,2.0,2.0,4.0,,3.0,3.0,0,28.7,Travel_Rarely,New Lisaville,Ryan Lewis MD,No,,,True,False,36-45,6+yr
EMP2278,Samantha Snyder,Female,35.0,1966-03-22,Single,Research & Development,Lab Technician,2,Human Resources,,9,77000.0,64.7,Yes,3.0,4.0,1.0,1.0,2.0,6.0,2,8.6,Travel_Frequently,Johnsonberg,Jessica Walker MD,No,,,False,False,26-35,6+yr
EMP1984,Ann Brown,Female,49.0,2003-07-09,Not Disclosed,Research & Development,Lab Technician,2,Marketing,2017-07-07,7,57700.0,69.91,Yes,5.0,2.0,3.0,2.0,4.0,0.0,1,,Non-Travel,Cannonborough,Nancy Roman,No,,,False,False,46-65,6+yr
EMP1240,Gary Robinson,Female,55.0,,Single,Marketing,Marketing Executive,2,Marketing,,4,93135.0,76.11,No,3.0,3.0,,,1.0,3.0,0,,Travel_Frequently,East Geoffreystad,Erin Mcdonald,No,,,True,True,46-65,3-6yr
EMP1224,Sally Thornton,Male,22.0,,Single,Research & Development,Data Analyst,3,Human Resources,,1,52700.0,47.85,No,2.0,2.0,2.0,2.0,0.0,1.0,1,13.1,Non-Travel,Hendersonburgh,Lindsey Sims MD,No,,,False,False,18-25,<1yr
EMP1673,Leroy Weber,Not Disclosed,22.0,1999-12-07,Divorced,Research & Development,Research Scientist,1,Business,,9,101100.0,38.15,No,4.0,,4.0,,1.0,5.0,3,13.3,Non-Travel,North Teresaview,Thomas Davis,Yes,Better Opportunity,,True,False,18-25,6+yr
EMP1967,Sarah Mccann,Female,45.0,,Married,Research & Development,Lab Technician,1,Marketing,,5,40200.0,71.94,Yes,3.0,,2.0,2.0,4.0,3.0,2,,Non-Travel,Williamhaven,Todd Black,No,,,True,False,36-45,3-6yr
EMP2150,Tracy Nolan,Female,52.0,,Married,Marketing,Content Strategist,3,Technical Degree,,9,99300.0,82.32,Yes,2.0,3.0,4.0,1.0,3.0,4.0,2,,Travel_Frequently,North Samantha,Paula Osborne,No,,,False,False,46-65,6+yr
EMP2094,Mrs. Lisa Stevenson,Not Disclosed,41.0,,Single,Human Resources,Recruiter,1,Marketing,,8,78200.0,58.51,Yes,3.0,3.0,,,2.0,1.0,2,,Travel_Frequently,Josebury,Allison Williams,No,,,True,False,36-45,6+yr
EMP1804,Melanie Jones,Female,34.0,,Divorced,Sales,Sales Executive,2,Business,,1,68040.0,70.43,No,4.0,,,1.0,0.0,5.0,2,,Travel_Frequently,Bishoptown,Brenda Martin,No,,,True,True,26-35,<1yr
EMP1995,Jamie Gonzalez,Male,50.0,,Married,Human Resources,Recruiter,1,Human Resources,,4,74900.0,95.52,No,5.0,2.0,,,5.0,3.0,1,,Non-Travel,Jackchester,David Williams,No,,,True,False,46-65,3-6yr
EMP1581,Shawn Gordon,Female,50.0,,Single,Finance,Accountant,3,Human Resources,,7,29700.0,96.5,No,1.0,2.0,3.0,3.0,2.0,6.0,0,3.4,Travel_Rarely,East Dariusstad,Stacy Dixon,No,,,False,False,46-65,6+yr
EMP2046,Joshua Allison,Male,28.0,,Married,Research & Development,Data Analyst,2,Marketing,,1,76400.0,42.34,Yes,2.0,3.0,1.0,2.0,2.0,3.0,3,33.0,Non-Travel,East James,Bridget Mendoza,No,,,False,False,26-35,<1yr
EMP1078,Samantha Lee,Female,41.0,1968-08-16,Single,Research & Development,Lab Technician,5,Medical,2019-08-12,5,64250.0,65.46,No,4.0,2.0,3.0,2.0,5.0,3.0,1,31.5,Travel_Frequently,South Carrie,Abigail Walsh,Yes,Retirement,,False,False,36-45,3-6yr
EMP1548,Anna Contreras,Male,41.0,,Single,IT,Software Engineer,3,Human Resources,,7,60600.0,74.24,No,3.0,1.0,1.0,3.0,0.0,3.0,1,,Travel_Frequently,Port Sherrymouth,James Harris,No,,,False,False,36-45,6+yr
EMP1353,David Anderson,Female,51.0,,Single,IT,IT Support,4,Medical,2022-08-12,2,93135.0,57.32,No,5.0,1.0,4.0,,2.0,3.0,0,16.5,Travel_Frequently,West Patrickburgh,William Valdez,No,,,True,True,46-65,1-3yr
EMP1749,Michele Richards,Male,32.0,1982-08-01,Divorced,Sales,Sales Representative,2,Medical,,2,95500.0,43.37,Yes,2.0,1.0,3.0,2.0,2.0,1.0,3,15.2,Travel_Rarely,Emilybury,Vincent Hughes,No,,,False,False,26-35,1-3yr
EMP1827,Richard Rose Dds,Male,26.0,1993-06-09,Single,Sales,Sales Executive,5,Technical Degree,,5,48700.0,77.62,No,5.0,,,1.0,0.0,6.0,2,,Non-Travel,East Hannahhaven,William Porter,No,,,True,False,26-35,3-6yr
EMP1126,Benjamin Sexton,Female,35.0,,Single,Marketing,Content Strategist,5,Business,,3,73700.0,66.63,Yes,2.0,3.0,1.0,,3.0,1.0,2,6.9,Travel_Frequently,Danielport,Teresa Rose,No,,,True,False,26-35,1-3yr
EMP2253,Regina Mcgrath,Female,53.0,,Single,Human Resources,HR Executive,3,Human Resources,,5,21900.0,47.04,No,5.0,,,,1.0,6.0,1,6.1,Travel_Frequently,Martinezside,Christopher Rice,No,,,True,False,46-65,3-6yr
EMP1758,Nicole White,Female,56.0,,Married,IT,Software Engineer,3,Medical,,9,79800.0,88.61,No,3.0,4.0,2.0,,0.0,5.0,2,,Non-Travel,East Jacobburgh,Anita Hernandez MD,Yes,Retirement,,True,False,46-65,6+yr
EMP2067,Jennifer Figueroa,Female,44.0,1977-05-07,Married,Sales,Sales Representative,2,Technical Degree,,9,58300.0,47.35,No,5.0,3.0,,1.0,4.0,2.0,3,18.2,Travel_Rarely,North Stephenburgh,Deborah Lewis,No,,,True,False,36-45,6+yr
EMP1577,Bob Villarreal Dds,Male,26.0,,Single,Research & Development,Lab Technician,2,Marketing,,1,17900.0,90.3,Yes,2.0,,4.0,3.0,3.0,5.0,1,,Travel_Frequently,Lake Christopherton,Alexis Bradshaw,No,,,True,False,26-35,<1yr
EMP1622,Tina King,Not Disclosed,53.0,1966-08-23,Married,IT,IT Support,2,Marketing,,1,52200.0,84.37,Yes,3.0,,2.0,2.0,1.0,3.0,2,4.3,Non-Travel,Heatherstad,Justin Mckinney,No,,,True,False,46-65,<1yr
EMP1768,Steven Mcmillan,Female,28.0,,Married,Human Resources,HR Manager,5,Marketing,2016-11-17,8,19600.0,58.04,No,5.0,1.0,,4.0,2.0,0.0,2,,Non-Travel,East Jeffrey,Michael Giles,No,,,True,False,26-35,6+yr
EMP2230,Andrew Smith,Not Disclosed,59.0,1970-03-25,Single,Research & Development,Research Scientist,2,Technical Degree,,5,20200.0,38.16,Yes,3.0,1.0,1.0,2.0,4.0,1.0,2,22.2,Non-Travel,Cannonfort,Mr. Charles Graves,No,,,False,False,46-65,3-6yr
EMP2438,Stephen Turner,Female,41.0,,Single,IT,Software Engineer,2,Marketing,,1,18690.0,48.58,No,5.0,2.0,4.0,4.0,4.0,2.0,2,,Travel_Frequently,Davisshire,Maria Rodriguez,Yes,Better Opportunity,,False,True,36-45,<1yr
EMP2031,David Williams,Male,50.0,,Divorced,Sales,Sales Manager,4,Human Resources,2016-08-06,8,50300.0,37.73,No,4.0,4.0,1.0,3.0,4.0,1.0,1,,Non-Travel,Port Joel,Taylor Owens,Yes,Better Opportunity,,False,False,46-65,6+yr
EMP2415,Fred Velazquez,Female,26.0,,Divorced,Research & Development,Lab Technician,3,Marketing,,1,37700.0,32.42,No,5.0,4.0,4.0,,4.0,0.0,2,,Travel_Frequently,North Abigail,Shari Lynch,No,,,True,False,26-35,<1yr
EMP1803,Duane Craig,Female,30.0,2001-01-15,Single,Sales,Sales Manager,5,Business,,9,106500.0,39.93,No,3.0,1.0,3.0,2.0,3.0,0.0,3,36.8,Travel_Rarely,North Danielport,Mr. David Ford,No,,,False,False,26-35,6+yr
EMP1845,Melissa Miller,Female,41.0,,Not Disclosed,Marketing,Marketing Executive,2,Marketing,2021-05-02,3,68500.0,39.75,No,2.0,4.0,1.0,,2.0,3.0,3,6.7,Non-Travel,Chasemouth,Kirsten Stephens,No,,,True,False,36-45,1-3yr
EMP2323,Catherine Nunez,Female,42.0,,Single,Research & Development,Lab Technician,2,Marketing,,8,104800.0,39.94,No,4.0,4.0,2.0,4.0,2.0,2.0,0,15.3,Non-Travel,Port Lisa,Michael Payne,No,,,False,False,36-45,6+yr
EMP2345,Anthony Barnes,Male,49.0,1970-03-22,Not Disclosed,Research & Development,Data Analyst,4,Medical,,4,68600.0,38.83,Yes,3.0,4.0,1.0,,0.0,0.0,1,2.0,Travel_Rarely,Hectorchester,David Perez,No,,,True,False,46-65,3-6yr
EMP1260,Kathleen Zavala,Female,49.0,1997-04-03,Married,IT,Software Engineer,1,Business,2019-04-18,5,81000.0,86.67,No,4.0,,2.0,4.0,1.0,3.0,2,14.5,Travel_Rarely,Stephanieberg,Gary Washington,Yes,Retirement,,True,False,46-65,3-6yr
EMP1283,Christina Rogers,Female,30.0,,Single,IT,IT Support,2,Medical,,5,28300.0,70.79,Yes,4.0,1.0,4.0,3.0,2.0,6.0,1,,Travel_Rarely,Bridgesberg,Dr. Shelby Thomas MD,No,,,False,False,26-35,3-6yr
EMP1635,Perry Cooper,Male,30.0,,Married,Marketing,Marketing Executive,5,Human Resources,,8,52500.0,30.22,No,4.0,3.0,4.0,4.0,2.0,6.0,1,6.7,Non-Travel,New Sarah,Steven David,No,,,False,False,26-35,6+yr
EMP2474,Jacob Young,Female,41.0,,Married,Human Resources,HR Manager,1,Business,2016-12-13,8,70700.0,42.77,No,1.0,2.0,3.0,4.0,5.0,3.0,3,34.9,Travel_Rarely,New Sarah,Matthew Allen,No,,,False,False,36-45,6+yr
EMP1475,Richard Hicks,Male,24.0,1970-01-28,Married,IT,IT Support,3,Business,,7,45000.0,52.65,No,5.0,4.0,1.0,,0.0,3.0,3,22.6,Non-Travel,Carneyview,Mrs. Charlene Casey,No,,,True,False,18-25,6+yr
EMP1456,Peter Allen,Not Disclosed,49.0,,Married,Marketing,Marketing Manager,1,Human Resources,,7,29600.0,55.94,No,3.0,1.0,4.0,1.0,2.0,4.0,3,,Travel_Frequently,Port Thomasfurt,John Williams,No,,,False,False,46-65,6+yr
EMP1321,James Rasmussen,Female,51.0,,Not Disclosed,Sales,Sales Executive,3,Medical,,8,81000.0,86.62,Yes,1.0,1.0,2.0,,2.0,4.0,0,35.6,Travel_Rarely,Patriciafort,Frank Gonzales,No,,,True,False,46-65,6+yr
EMP1435,Rachel Robertson,Male,35.0,1965-11-04,Single,Marketing,Content Strategist,5,Technical Degree,2022-03-07,2,65600.0,95.71,Yes,2.0,3.0,,1.0,3.0,1.0,3,,Travel_Rarely,Thorntonborough,Monica Ortiz,No,,,True,False,26-35,1-3yr
EMP1300,Justin Travis,Not Disclosed,41.0,2001-12-15,Married,IT,Software Engineer,2,Marketing,,3,105700.0,67.67,Yes,2.0,4.0,3.0,3.0,0.0,2.0,2,,Travel_Frequently,North Alexis,Katherine Gibbs,No,,,False,False,36-45,1-3yr
EMP1437,Melissa Flores Phd,Male,31.0,,Divorced,IT,IT Support,5,Medical,,4,86700.0,67.75,No,1.0,4.0,4.0,3.0,2.0,2.0,3,35.9,Non-Travel,New Mia,Donald Livingston Jr.,No,,,False,False,26-35,3-6yr
EMP2427,Wendy Willis,Male,36.0,1976-08-20,Married,Human Resources,HR Executive,5,Technical Degree,,6,65900.0,88.31,Yes,2.0,,4.0,1.0,1.0,3.0,0,1.5,Non-Travel,Charlesville,Chad Goodman,No,,,True,False,36-45,3-6yr
EMP1439,James Walter,Female,50.0,,Single,Sales,Sales Representative,2,Human Resources,2018-12-01,6,91800.0,65.56,Yes,3.0,2.0,4.0,4.0,2.0,6.0,2,,Non-Travel,Christophermouth,Anne Snyder,No,,,False,False,46-65,3-6yr
EMP1326,Jennifer Bentley,Male,30.0,,Divorced,Finance,Finance Manager,1,Medical,,6,116400.0,45.74,Yes,4.0,2.0,,4.0,4.0,0.0,1,14.0,Non-Travel,Portermouth,Cody Savage,No,,,True,False,26-35,3-6yr
EMP1404,Richard King,Female,37.0,,Single,Research & Development,Lab Technician,3,Human Resources,,9,62500.0,56.11,No,3.0,3.0,,2.0,2.0,0.0,3,23.6,Travel_Rarely,Jeremymouth,Deborah Diaz,No,,,True,False,36-45,6+yr
EMP2290,Jacob Duke,Female,51.0,1968-08-02,Single,Human Resources,HR Manager,5,Human Resources,,8,36800.0,46.42,No,3.0,4.0,2.0,2.0,0.0,4.0,1,8.2,Non-Travel,Lake Jeffreyview,Angela Johnson,No,,,False,False,46-65,6+yr
EMP1565,Andrew Wise Ii,Male,21.0,,Not Disclosed,Finance,Accountant,3,Marketing,,10,81000.0,58.97,Yes,5.0,1.0,2.0,1.0,3.0,5.0,1,12.2,Travel_Frequently,Kellyberg,Jessica Oconnor,No,,,False,False,18-25,6+yr
EMP1279,Kenneth Buckley,Male,41.0,,Divorced,Marketing,Marketing Manager,2,Marketing,,1,77800.0,99.15,No,3.0,1.0,1.0,3.0,2.0,3.0,1,,Travel_Rarely,Bryanborough,Benjamin Avila,No,,,False,False,36-45,<1yr
EMP1656,Edwin Harris,Female,41.0,,Not Disclosed,Sales,Sales Executive,5,Medical,2018-08-01,6,87400.0,94.74,No,1.0,2.0,4.0,1.0,2.0,0.0,3,34.4,Travel_Frequently,South Kimberly,Michael Burns,No,,,False,False,36-45,3-6yr
EMP2363,Brittany Nelson,Female,32.0,,Married,Human Resources,HR Executive,4,Medical,,1,15000.0,70.09,Yes,4.0,1.0,2.0,,2.0,5.0,1,,Travel_Frequently,Smithfurt,Chelsea Cruz,No,,,True,False,26-35,<1yr
EMP1733,Aaron Robertson,Male,50.0,,Divorced,IT,Software Engineer,1,Business,,3,103400.0,49.41,Yes,2.0,3.0,2.0,3.0,2.0,1.0,1,,Travel_Rarely,West Renee,Katherine Martin,No,,,False,False,46-65,1-3yr
EMP1554,Allison Abbott Dvm,Male,47.0,,Single,IT,Software Engineer,1,Business,,2,71500.0,33.88,No,2.0,,3.0,4.0,1.0,0.0,0,,Non-Travel,South Karen,Jason Gonzalez,No,,,True,False,46-65,1-3yr
EMP1095,Charles Rivera,Male,50.0,,Married,Finance,Financial Analyst,1,Human Resources,,7,25400.0,65.06,No,5.0,,2.0,2.0,3.0,3.0,3,,Non-Travel,West Loriview,Vincent Berg,No,,,True,False,46-65,6+yr
EMP2478,Yvette Ayala,Female,43.0,,Married,Marketing,Marketing Manager,2,Marketing,,8,23200.0,64.11,No,5.0,2.0,3.0,,4.0,3.0,0,2.7,Travel_Rarely,Adammouth,Nathan Smith,Yes,Relocation,,True,False,36-45,6+yr
EMP2256,Michelle Tyler,Female,28.0,,Single,IT,Software Engineer,5,Business,,9,46000.0,79.5,No,3.0,4.0,1.0,4.0,2.0,3.0,0,5.9,Travel_Rarely,Port Jamesfort,Tracy Parker,No,,,False,False,26-35,6+yr
EMP1246,Tanya Willis,Male,32.0,,Married,Marketing,Content Strategist,4,Marketing,,3,25500.0,88.85,No,4.0,,,2.0,3.0,3.0,0,1.7,Travel_Frequently,Jessicaside,Angel Lee,Yes,,,True,False,26-35,1-3yr
EMP1946,Shannon Velez,Female,43.0,,Divorced,Research & Development,Lab Technician,3,Business,,7,85200.0,57.61,No,5.0,,1.0,3.0,3.0,6.0,2,,Non-Travel,South Ryan,Melanie Howard,No,,,True,False,36-45,6+yr
EMP2192,Jessica Jones,Not Disclosed,50.0,,Married,Marketing,Marketing Executive,5,Medical,2020-07-17,4,56600.0,92.07,Yes,5.0,3.0,4.0,3.0,4.0,3.0,0,11.2,Non-Travel,Summersfurt,Robert Pittman,No,,,False,False,46-65,3-6yr
EMP1776,Tonya Chambers,Male,41.0,,Single,Sales,Sales Representative,5,Marketing,,6,46900.0,92.8,Yes,4.0,4.0,3.0,,2.0,2.0,3,,Travel_Rarely,Hansonbury,Douglas Thompson,No,,,True,False,36-45,3-6yr
EMP1427,Tanya Fowler,Female,21.0,,Divorced,Research & Development,Research Scientist,1,Human Resources,2017-12-28,7,80500.0,67.89,Yes,4.0,4.0,1.0,4.0,2.0,1.0,1,,Travel_Frequently,Lynchshire,Debbie Wood,No,,,False,False,18-25,6+yr
EMP2187,Mary Perez,Female,44.0,1992-08-12,Divorced,Sales,Sales Manager,1,Life Sciences,,1,109400.0,72.01,No,3.0,,4.0,,0.0,5.0,2,30.8,Travel_Rarely,Jeffreymouth,Nicholas Duffy,No,,,True,False,36-45,<1yr
EMP1150,Raymond Young,Male,30.0,,Divorced,IT,IT Support,1,Marketing,2021-03-12,3,23900.0,45.23,No,5.0,,1.0,2.0,0.0,5.0,0,2.6,Non-Travel,Josechester,Thomas Hines,No,,,True,False,26-35,1-3yr
EMP1227,Edward Ramos,Male,41.0,,Divorced,Sales,Sales Executive,4,Life Sciences,,6,84500.0,43.89,Yes,5.0,3.0,3.0,3.0,1.0,4.0,2,,Travel_Frequently,South Christopher,Joe Mata,No,,,False,False,36-45,3-6yr
EMP1866,Jessica Ramos,Female,30.0,,Divorced,Marketing,Marketing Manager,1,Technical Degree,2023-06-19,1,49900.0,49.8,Yes,3.0,1.0,4.0,,1.0,0.0,1,8.1,Non-Travel,Lake Richardport,Kimberly Bird,Yes,Relocation,,True,False,26-35,<1yr
EMP1968,Calvin West,Female,24.0,,Single,Human Resources,Recruiter,1,Life Sciences,,9,65200.0,35.63,No,3.0,,4.0,,0.0,5.0,0,,Non-Travel,Johntown,Angelica Young,No,,,True,False,18-25,6+yr
EMP2119,Cindy Dawson,Female,22.0,,Single,Finance,Finance Manager,4,Life Sciences,,9,73100.0,68.77,No,2.0,2.0,2.0,3.0,2.0,1.0,3,,Non-Travel,New Edward,John Gomez,No,,,False,False,18-25,6+yr
EMP2246,Kristina Galvan,Female,35.0,,Single,Human Resources,HR Executive,3,Business,2017-12-24,7,46200.0,94.35,No,4.0,1.0,2.0,2.0,1.0,3.0,1,27.1,Travel_Frequently,Kimberlymouth,Kevin Green,No,,,False,False,26-35,6+yr
EMP1901,Timothy Wood,Not Disclosed,41.0,,Divorced,Marketing,Marketing Executive,3,Life Sciences,,8,20500.0,81.38,No,5.0,3.0,3.0,3.0,4.0,4.0,1,,Travel_Frequently,Prattview,Crystal Williams,Yes,Better Opportunity,,False,False,36-45,6+yr
EMP1700,Casey Riddle,Female,34.0,,Divorced,Marketing,Marketing Manager,3,Life Sciences,,9,92900.0,65.42,No,3.0,3.0,,3.0,4.0,3.0,2,17.4,Non-Travel,Lake Pamela,Sabrina Tran,No,,,True,False,26-35,6+yr
EMP1602,Sharon Yu,Female,26.0,,Married,IT,Software Engineer,3,Business,,7,46000.0,61.67,No,3.0,,4.0,1.0,1.0,1.0,3,9.2,Travel_Rarely,New Grantbury,Jose Taylor,No,,,True,False,26-35,6+yr
EMP2292,Antonio Moore,Female,22.0,,Divorced,Marketing,Content Strategist,5,Marketing,,3,24500.0,33.19,Yes,3.0,,2.0,1.0,4.0,6.0,2,,Non-Travel,Lake Jason,Hayley Porter,No,,,True,False,18-25,1-3yr
EMP2059,Diane Porter,Female,53.0,,Single,Research & Development,Lab Technician,1,Marketing,,2,48600.0,79.42,No,3.0,4.0,,,1.0,0.0,1,36.2,Travel_Frequently,Berryshire,Kellie Curry,No,,,True,False,46-65,1-3yr
EMP1218,Caroline Estrada,Female,37.0,,Divorced,Sales,Sales Executive,1,Medical,2019-02-24,5,37600.0,62.83,No,1.0,3.0,3.0,,1.0,2.0,0,,Travel_Frequently,Guerraville,Alexandria Tucker,No,,,True,False,36-45,3-6yr
EMP2097,Nicholas Ellis,Female,24.0,,Married,Human Resources,HR Executive,2,Business,,2,63915.0,68.47,Yes,3.0,4.0,3.0,3.0,4.0,5.0,1,26.1,Travel_Frequently,Maddenfurt,Mr. Mark Lawrence,No,,,False,False,18-25,1-3yr
EMP1818,Nathan Guzman,Female,37.0,,Single,IT,System Admin,1,Marketing,,1,54400.0,60.75,Yes,4.0,3.0,3.0,,3.0,2.0,3,16.0,Travel_Rarely,Lake Dawn,Kevin Jones,No,,,True,False,36-45,<1yr
EMP1221,Richard Morris Md,Female,45.0,,Single,Research & Development,Research Scientist,4,Life Sciences,,7,62800.0,69.41,No,3.0,3.0,4.0,2.0,4.0,2.0,2,8.3,Travel_Frequently,Deniseland,Alexander Schroeder,No,,,False,False,36-45,6+yr
EMP1214,Timothy Holt,Female,49.0,,Divorced,IT,Software Engineer,1,Business,,2,67200.0,40.96,No,1.0,,,1.0,2.0,5.0,3,28.5,Non-Travel,Romeroborough,Jose Hebert,No,,,True,False,46-65,1-3yr
EMP2453,Daniel Romero,Female,49.0,1981-02-28,Not Disclosed,Research & Development,Lab Technician,3,Business,2016-02-02,8,41700.0,75.23,Yes,1.0,1.0,3.0,4.0,2.0,6.0,0,23.2,Non-Travel,Scottfurt,Andrew Torres,No,,,False,False,46-65,6+yr
EMP1908,Angela Estrada,Female,48.0,1981-06-18,Single,Sales,Sales Manager,4,Medical,,5,37800.0,49.04,Yes,3.0,1.0,1.0,,3.0,3.0,1,,Travel_Rarely,Rangelstad,Mary Benjamin,No,,,True,False,46-65,3-6yr
EMP1395,Jose Hernandez,Male,38.0,,Divorced,Research & Development,Research Scientist,5,Life Sciences,,2,76900.0,98.79,No,3.0,2.0,4.0,2.0,4.0,3.0,2,23.8,Non-Travel,Johnsonmouth,Kelly Cox,Yes,Better Opportunity,,False,False,36-45,1-3yr
EMP1368,Shannon Rodriguez,Female,34.0,,Divorced,IT,IT Support,2,Medical,2019-09-21,5,68400.0,39.61,No,1.0,,1.0,,2.0,3.0,1,,Travel_Rarely,New George,Christy Miller,No,,,True,False,26-35,3-6yr
EMP1925,Andrea Williams,Male,41.0,,Divorced,Sales,Sales Executive,3,Medical,2017-07-01,7,89700.0,93.42,Yes,3.0,,3.0,,3.0,6.0,0,,Non-Travel,West Amandafort,Kimberly Morales,No,,,True,False,36-45,6+yr
EMP1013,James Walters,Male,23.0,2003-11-03,Single,Finance,Accountant,5,Human Resources,,4,87700.0,65.57,No,4.0,,2.0,,2.0,3.0,3,6.3,Travel_Frequently,Martinezfort,Julie Webb MD,No,,,True,False,18-25,3-6yr
EMP2443,George Brooks,Male,21.0,,Not Disclosed,Sales,Sales Representative,4,Medical,,5,21300.0,78.71,No,1.0,2.0,3.0,2.0,2.0,5.0,0,,Non-Travel,South Jason,Brandon Daugherty,No,,,False,False,18-25,3-6yr
EMP2368,Madison Decker,Not Disclosed,30.0,,Single,Sales,Sales Manager,1,Medical,2016-08-18,8,87500.0,76.27,No,3.0,1.0,2.0,2.0,4.0,3.0,1,9.3,Travel_Frequently,East Jonathan,Daniel Johnson,No,,,False,False,26-35,6+yr
EMP2223,Amanda Barker,Not Disclosed,27.0,,Divorced,IT,System Admin,3,Business,,2,63100.0,78.25,No,2.0,,4.0,,2.0,3.0,1,,Non-Travel,Moorebury,Kristina Estrada,No,,,True,False,26-35,1-3yr
EMP1235,Kristine Lowery,Male,23.0,,Single,IT,IT Support,5,Human Resources,,8,45800.0,79.57,No,2.0,2.0,4.0,,2.0,5.0,0,21.7,Non-Travel,Lindatown,Barbara Watson,No,,,True,False,18-25,6+yr
EMP1696,Jeffery Franklin,Male,40.0,,Not Disclosed,Human Resources,Recruiter,2,Life Sciences,2022-10-22,2,93600.0,94.0,Yes,3.0,,,4.0,4.0,5.0,1,31.1,Non-Travel,Jasonside,Mary Jones,No,,,True,False,36-45,1-3yr
EMP2085,Joshua Wise,Female,52.0,,Single,Human Resources,HR Executive,3,Medical,,2,79600.0,95.36,Yes,1.0,,1.0,1.0,4.0,0.0,0,,Travel_Rarely,East Mariofort,Mary Hill,No,,,True,False,46-65,1-3yr
EMP2469,Emily Young,Female,21.0,,Divorced,Research & Development,Research Scientist,4,Human Resources,,3,28500.0,62.09,No,5.0,1.0,2.0,,2.0,3.0,1,5.3,Non-Travel,East Emily,Kristen Sanders,Yes,Retirement,,True,False,18-25,1-3yr
EMP2389,Jessica Hall,Male,58.0,,Not Disclosed,Human Resources,HR Manager,5,Marketing,,2,52800.0,76.22,Yes,3.0,2.0,,3.0,1.0,4.0,1,,Non-Travel,Lake Taramouth,Andrew Smith,No,,,True,False,46-65,1-3yr
EMP2322,Jonathan Soto,Male,46.0,,Single,Marketing,Marketing Executive,5,Medical,,1,117300.0,44.86,No,3.0,,3.0,,4.0,6.0,1,13.8,Travel_Frequently,Lisachester,Steven Ramsey,No,,,True,False,46-65,<1yr
EMP1064,Jason Fleming,Male,32.0,,Married,Research & Development,Research Scientist,3,Marketing,,2,65900.0,74.61,No,3.0,2.0,3.0,4.0,0.0,1.0,2,31.6,Non-Travel,East Tylerborough,Robert Hall,No,,,False,False,26-35,1-3yr
EMP1735,Tonya Harrison,Not Disclosed,31.0,,Not Disclosed,IT,System Admin,2,Marketing,,5,52900.0,75.08,No,3.0,4.0,3.0,2.0,2.0,3.0,3,,Travel_Frequently,Jonesfort,Elizabeth Dawson,No,,,False,False,26-35,3-6yr
EMP2024,Jesse Barton,Female,22.0,,Single,Human Resources,HR Manager,3,Human Resources,,8,54400.0,55.27,Yes,4.0,4.0,3.0,1.0,0.0,6.0,1,,Travel_Frequently,New Oscarmouth,Samantha Frost,No,,,False,False,18-25,6+yr
EMP1965,Mary Mitchell,Male,21.0,,Single,IT,System Admin,4,Technical Degree,,7,51200.0,62.52,Yes,4.0,1.0,3.0,3.0,2.0,5.0,2,28.5,Non-Travel,Ashleyview,Donna Robertson,No,,,False,False,18-25,6+yr
EMP1608,Matthew Bradshaw,Female,39.0,,Divorced,Marketing,Marketing Manager,5,Marketing,,4,48400.0,79.55,Yes,4.0,,1.0,3.0,3.0,3.0,3,20.4,Travel_Rarely,West Kevinhaven,Anthony Dawson,Yes,Retirement,,True,False,36-45,3-6yr
EMP1014,Grant Baker,Female,48.0,,Single,Human Resources,Recruiter,3,Medical,,8,107700.0,45.37,Yes,4.0,4.0,2.0,2.0,1.0,6.0,3,14.2,Travel_Frequently,East Stephaniehaven,Michael Sloan,No,,,False,False,46-65,6+yr
EMP1840,Amber Arellano,Not Disclosed,41.0,1977-08-13,Married,Marketing,Marketing Manager,5,Technical Degree,,9,108700.0,48.81,No,2.0,2.0,,2.0,3.0,1.0,2,,Non-Travel,Lake Sandra,Mia Drake,Yes,Higher Salary,,True,False,36-45,6+yr
EMP1436,Tina Hickman,Not Disclosed,48.0,,Single,Finance,Accountant,3,Marketing,,7,116900.0,44.56,No,3.0,2.0,3.0,3.0,4.0,6.0,2,19.3,Travel_Frequently,Leeborough,Rachel Nicholson,No,,,False,False,46-65,6+yr
EMP1018,John Galloway,Not Disclosed,51.0,1990-01-11,Divorced,Marketing,Content Strategist,5,Marketing,,9,116900.0,78.14,No,3.0,2.0,2.0,4.0,2.0,0.0,1,,Travel_Frequently,Laurenland,Barbara Price,No,,,False,False,46-65,6+yr
EMP1765,Elizabeth Thomas,Male,54.0,,Not Disclosed,Sales,Sales Executive,3,Marketing,2020-03-27,4,74100.0,81.01,No,3.0,4.0,,2.0,5.0,4.0,2,,Travel_Rarely,Port Wendy,Linda Lopez,No,,,True,False,46-65,3-6yr
EMP1349,James Smith,Female,40.0,,Single,Human Resources,HR Executive,1,Business,,9,115400.0,96.12,No,4.0,1.0,2.0,2.0,2.0,4.0,2,,Travel_Rarely,Clarkborough,Victoria Salazar,No,,,False,False,36-45,6+yr
EMP1208,Anita Roberts,Not Disclosed,39.0,,Divorced,Finance,Accountant,4,Human Resources,,6,64500.0,40.13,No,2.0,1.0,3.0,4.0,0.0,6.0,0,,Travel_Frequently,Richardmouth,Sonya Callahan,No,,,False,False,36-45,3-6yr
EMP2115,Michelle Kelly,Female,28.0,1982-03-12,Married,Research & Development,Lab Technician,1,Technical Degree,,2,42700.0,75.59,No,1.0,,,4.0,5.0,1.0,1,27.5,Travel_Frequently,East Susan,Sheryl Hoover,Yes,Higher Salary,,True,False,26-35,1-3yr
EMP2332,Tonya Smith,Female,31.0,,Single,Research & Development,Research Scientist,5,Business,,9,110500.0,97.61,Yes,3.0,1.0,4.0,4.0,4.0,3.0,3,19.1,Non-Travel,Barryland,Mr. Joseph Roach DDS,No,,,False,False,26-35,6+yr
EMP1342,Marcus Mcclure,Female,48.0,,Single,Sales,Sales Manager,1,Business,,4,71100.0,76.95,No,2.0,1.0,3.0,1.0,4.0,5.0,2,24.5,Travel_Rarely,North John,Janet Garcia,Yes,Relocation,,False,False,46-65,3-6yr
EMP1345,William Perez,Male,51.0,1981-04-24,Divorced,Research & Development,Data Analyst,1,Human Resources,,2,52700.0,55.58,Yes,5.0,2.0,4.0,,3.0,4.0,3,40.0,Travel_Rarely,Lake Joanna,Dana Odonnell,No,,,True,False,46-65,1-3yr
EMP2404,Brian Curtis,Female,51.0,,Divorced,IT,System Admin,3,Business,,2,62400.0,71.79,No,2.0,4.0,3.0,1.0,2.0,5.0,3,,Non-Travel,West Rebeccaton,Joshua Ochoa,No,,,False,False,46-65,1-3yr
EMP2436,Ethan Henderson,Female,21.0,,Married,Sales,Sales Manager,4,Human Resources,,4,84000.0,90.25,Yes,3.0,2.0,2.0,3.0,0.0,0.0,1,,Travel_Frequently,Bakerland,Curtis Harrell,No,,,False,False,18-25,3-6yr
EMP1552,Jamie Martinez,Female,58.0,1991-01-31,Not Disclosed,Marketing,Marketing Executive,5,Marketing,,3,95200.0,68.87,Yes,1.0,1.0,2.0,,4.0,1.0,3,,Travel_Frequently,Kellerport,Carl Nguyen,No,,,True,False,46-65,1-3yr
EMP1599,Sharon Lee,Female,45.0,1985-03-04,Married,Human Resources,HR Manager,2,Medical,,5,79250.0,77.98,Yes,4.0,,2.0,2.0,1.0,0.0,0,,Travel_Frequently,Shawnport,Ryan Wilson,No,,,True,False,36-45,3-6yr
EMP1033,Michael Hurley,Female,26.0,,Not Disclosed,Marketing,Content Strategist,1,Marketing,,7,103100.0,60.97,Yes,1.0,1.0,3.0,1.0,2.0,6.0,0,22.9,Travel_Frequently,East Sarah,Kiara Harris,No,,,False,False,26-35,6+yr
EMP1373,Alexandria Vaughan,Male,36.0,1974-12-11,Not Disclosed,Human Resources,HR Executive,1,Marketing,,5,81500.0,73.29,No,1.0,2.0,2.0,2.0,1.0,3.0,0,2.5,Travel_Rarely,Chambersborough,Cindy Flowers,No,,,False,False,36-45,3-6yr
EMP1658,Martha Martin,Male,53.0,,Married,Human Resources,HR Executive,5,Technical Degree,2017-09-08,7,73200.0,36.48,No,2.0,4.0,4.0,4.0,1.0,2.0,3,,Travel_Frequently,Webbland,Wesley Woods,Yes,Career Change,,False,False,46-65,6+yr
EMP1173,Dorothy Rodriguez,Not Disclosed,34.0,,Married,Sales,Sales Representative,2,Business,,5,118200.0,98.35,Yes,5.0,3.0,1.0,1.0,5.0,3.0,0,,Travel_Frequently,New Lindaberg,Walter Walker,No,,,False,False,26-35,3-6yr
EMP2087,Andrea Austin,Male,27.0,,Divorced,Human Resources,HR Executive,4,Business,,8,26000.0,43.55,Yes,3.0,,4.0,4.0,0.0,3.0,2,18.4,Non-Travel,Vancehaven,Richard Martinez,No,,,True,False,26-35,6+yr
EMP2495,Mr. Andrew Flores,Male,52.0,,Single,Human Resources,Recruiter,5,Technical Degree,,7,22700.0,85.34,Yes,3.0,4.0,,3.0,0.0,4.0,0,,Travel_Frequently,Jasonborough,Michael Hall,No,,,True,False,46-65,6+yr
EMP1409,David Garcia,Female,33.0,1978-09-15,Single,IT,IT Support,1,Business,,9,80400.0,33.91,Yes,2.0,4.0,2.0,1.0,0.0,2.0,1,,Travel_Frequently,East Mitchellland,Mr. Scott Bowman MD,No,,,False,False,26-35,6+yr
EMP2051,Thomas Jacobs,Female,48.0,,Divorced,Sales,Sales Manager,4,Medical,2016-04-27,8,119100.0,51.82,No,5.0,4.0,2.0,2.0,4.0,1.0,3,19.1,Travel_Frequently,North Lindseyville,Ivan Perry,No,,,False,False,46-65,6+yr
EMP2490,Alexa Anderson,Male,30.0,,Single,Human Resources,HR Manager,1,Human Resources,,5,119900.0,75.02,Yes,3.0,,4.0,3.0,1.0,2.0,3,,Travel_Frequently,Levymouth,Travis Ho,Yes,Career Change,,True,False,26-35,3-6yr
EMP1201,Lauren Gutierrez,Male,36.0,1981-07-25,Married,Human Resources,HR Manager,2,Medical,2021-05-27,3,98300.0,98.54,Yes,4.0,4.0,2.0,3.0,2.0,3.0,0,,Travel_Rarely,Port Mirandaland,Ian Lopez,No,,,False,False,36-45,1-3yr
EMP2317,Marilyn Stokes,Female,36.0,,Single,IT,System Admin,1,Medical,,2,18400.0,85.27,No,2.0,3.0,3.0,1.0,5.0,6.0,2,16.4,Non-Travel,South Melissabury,Kathryn Anthony,No,,,False,False,36-45,1-3yr
EMP1861,Michael Hodges,Not Disclosed,41.0,,Married,IT,IT Support,4,Life Sciences,,3,89700.0,34.15,No,1.0,3.0,3.0,1.0,5.0,4.0,0,,Non-Travel,North Gregory,Amber Sweeney,No,,,False,False,36-45,1-3yr
EMP2460,Megan Wallace,Male,49.0,,Not Disclosed,Research & Development,Data Analyst,5,Medical,,1,67600.0,40.32,Yes,4.0,3.0,2.0,4.0,3.0,0.0,3,,Non-Travel,Sarahborough,Jasmine Beltran,No,,,False,False,46-65,<1yr
EMP2438,Stephen Turner,Female,41.0,,Single,IT,Software Engineer,2,Marketing,,1,17800.0,48.58,No,5.0,2.0,4.0,4.0,4.0,2.0,2,,Travel_Frequently,Davisshire,Maria Rodriguez,Yes,Better Opportunity,,False,True,36-45,<1yr
EMP2473,Mary Kane,Male,23.0,,Single,IT,System Admin,1,Technical Degree,,2,32400.0,40.78,No,5.0,3.0,,1.0,5.0,5.0,2,33.3,Travel_Rarely,Nicholasstad,Antonio Fuentes,No,,,True,False,18-25,1-3yr
EMP2362,Aaron Woodward,Female,58.0,,Single,Finance,Accountant,5,Business,,4,92100.0,81.14,Yes,3.0,4.0,,2.0,2.0,3.0,2,39.3,Travel_Rarely,East Sherry,Gregory Medina,No,,,True,False,46-65,3-6yr
EMP1490,Robert Jones,Male,43.0,,Single,Human Resources,HR Manager,1,Medical,,1,93500.0,41.48,Yes,3.0,3.0,2.0,4.0,4.0,5.0,1,34.4,Travel_Frequently,North Christinebury,Melissa Patel,Yes,Relocation,,False,False,36-45,<1yr
EMP2471,Troy Wilkerson,Male,38.0,1973-09-08,Divorced,IT,System Admin,1,Marketing,,1,59700.0,54.88,Yes,4.0,,4.0,3.0,4.0,2.0,2,,Non-Travel,West Helenmouth,Patricia Neal,No,,,True,False,36-45,<1yr
EMP1213,Christine Rocha,Female,31.0,,Married,Research & Development,Research Scientist,4,Marketing,,9,57900.0,46.29,Yes,3.0,2.0,2.0,2.0,1.0,5.0,0,18.4,Non-Travel,Boltonbury,Brandon Potts,No,,,False,False,26-35,6+yr
EMP1134,Johnny Brown,Female,57.0,,Not Disclosed,Research & Development,Data Analyst,5,Technical Degree,,8,101600.0,54.86,Yes,4.0,,3.0,,5.0,5.0,0,25.5,Non-Travel,Wrightburgh,Shari Smith,No,,,True,False,46-65,6+yr
EMP1061,Kelsey Kim,Female,21.0,1996-03-04,Single,Research & Development,Data Analyst,2,Medical,,9,69500.0,89.3,No,5.0,2.0,4.0,,0.0,5.0,2,,Travel_Rarely,Aliceshire,Dean Gibbs,No,,,True,False,18-25,6+yr
EMP1691,David Hicks,Male,35.0,1968-07-02,Married,Marketing,Marketing Executive,2,Business,,6,63600.0,45.19,No,3.0,4.0,,1.0,2.0,0.0,2,7.6,Non-Travel,Wyattport,Brian Moore,No,,,True,False,26-35,3-6yr
EMP1027,Jessica Lewis,Male,41.0,,Not Disclosed,Marketing,Content Strategist,1,Medical,,8,22900.0,93.42,No,5.0,2.0,4.0,3.0,2.0,3.0,3,6.4,Travel_Rarely,Lake Dawn,Chad Mcdonald,Yes,Relocation,,False,False,36-45,6+yr
EMP1101,Brenda Gonzalez,Female,48.0,,Married,Finance,Accountant,3,Medical,,5,65900.0,31.77,No,2.0,2.0,2.0,1.0,1.0,4.0,1,,Non-Travel,Liburgh,Mark Mcknight,Yes,Higher Salary,,False,False,46-65,3-6yr
EMP1975,Tiffany Davis,Male,35.0,1975-09-11,Single,Research & Development,Research Scientist,4,Marketing,,5,96100.0,56.03,Yes,1.0,2.0,3.0,,1.0,3.0,0,8.0,Travel_Rarely,North Dawnberg,Lauren Johnston,No,,,True,False,26-35,3-6yr
EMP1777,Heidi Hutchinson,Male,35.0,,Single,Human Resources,HR Executive,3,Technical Degree,,1,58400.0,96.9,Yes,3.0,2.0,3.0,,0.0,5.0,0,16.0,Non-Travel,Vasqueztown,Emily Poole,No,,,True,False,26-35,<1yr
EMP1789,Michelle Brown,Female,29.0,,Married,IT,IT Support,3,Medical,2019-08-10,5,64600.0,34.45,No,3.0,,,2.0,4.0,0.0,0,22.4,Non-Travel,Lake Bruce,Keith Roberts,Yes,Health Issues,,True,False,26-35,3-6yr
EMP1521,Steven Rubio,Female,44.0,,Married,Finance,Accountant,3,Business,,3,65900.0,75.33,No,3.0,4.0,,,0.0,3.0,0,,Travel_Rarely,West Elizabeth,Vanessa Mitchell,Yes,,,True,False,36-45,1-3yr
EMP1364,Jacob Mills,Male,48.0,1970-01-29,Single,Research & Development,Lab Technician,4,Marketing,,7,18400.0,85.86,No,2.0,3.0,,4.0,2.0,3.0,2,27.6,Travel_Rarely,West Kathleen,Matthew Tanner,Yes,Relocation,,True,False,46-65,6+yr
EMP1310,Sue Simmons,Not Disclosed,29.0,,Single,Sales,Sales Representative,3,Marketing,2017-09-14,7,21300.0,46.6,Yes,1.0,4.0,2.0,1.0,5.0,3.0,0,10.0,Travel_Frequently,North Nataliefort,Larry Ellis,No,,,False,False,26-35,6+yr
EMP1796,Joseph Patton,Male,33.0,,Married,IT,Software Engineer,5,Business,2019-11-07,5,42900.0,88.57,No,3.0,3.0,3.0,3.0,2.0,2.0,3,20.4,Travel_Rarely,Lake Michelleshire,Nancy James,No,,,False,False,26-35,3-6yr
EMP1829,Kyle Hayden,Male,33.0,2003-11-01,Not Disclosed,Finance,Accountant,4,Marketing,,3,39700.0,76.81,Yes,3.0,4.0,2.0,3.0,0.0,3.0,0,39.2,Travel_Frequently,Jenkinsville,Erica Herrera,No,,,False,False,26-35,1-3yr
EMP2277,Christopher Ayala,Male,24.0,,Divorced,IT,IT Support,1,Medical,2016-04-21,8,98400.0,48.42,No,1.0,4.0,2.0,4.0,2.0,2.0,2,,Non-Travel,New Laura,Dean Mejia,No,,,False,False,18-25,6+yr
EMP1545,Beverly Lopez,Male,52.0,,Divorced,IT,System Admin,4,Marketing,2018-07-14,6,119700.0,79.97,Yes,4.0,,3.0,3.0,1.0,1.0,1,5.0,Non-Travel,Port Erica,Robert Jacobs,No,,,True,False,46-65,3-6yr
EMP1940,Gregory Ashley,Not Disclosed,58.0,,Single,Finance,Financial Analyst,4,Technical Degree,,1,29300.0,52.27,No,5.0,1.0,,1.0,0.0,4.0,0,1.7,Travel_Rarely,Hunterhaven,Jessica Ellison,No,,,True,False,46-65,<1yr
EMP1442,Shannon Green,Male,27.0,,Married,Finance,Financial Analyst,2,Human Resources,,6,66600.0,47.08,No,4.0,2.0,3.0,2.0,0.0,0.0,3,,Non-Travel,North Christopherton,Kyle Liu,No,,,False,False,26-35,3-6yr
EMP1648,Selena Taylor,Female,56.0,1976-02-24,Single,Marketing,Marketing Executive,1,Human Resources,,7,35300.0,52.74,Yes,3.0,2.0,3.0,3.0,2.0,5.0,3,,Travel_Rarely,North William,Kristopher Bates,No,,,False,False,46-65,6+yr
EMP2004,Sara Larson,Female,30.0,1986-11-17,Divorced,Finance,Financial Analyst,5,Human Resources,,8,20300.0,49.17,Yes,3.0,4.0,,4.0,3.0,4.0,2,,Non-Travel,New Christopher,James Carter,No,,,True,False,26-35,6+yr
EMP1477,Scott Blankenship,Female,36.0,1974-12-15,Single,IT,IT Support,2,Marketing,,4,78800.0,72.26,Yes,5.0,3.0,,2.0,1.0,6.0,1,20.9,Travel_Rarely,Davidshire,Matthew Guzman,No,,,True,False,36-45,3-6yr
EMP2047,Lindsey Alvarez,Female,41.0,,Married,IT,System Admin,1,Business,,5,115100.0,63.72,Yes,5.0,2.0,4.0,,3.0,0.0,0,21.5,Travel_Rarely,Christopherfort,Edward Perkins,No,,,True,False,36-45,3-6yr
EMP1063,Amy Lee,Female,31.0,2001-01-05,Married,Finance,Finance Manager,5,Business,,4,100500.0,54.72,No,3.0,4.0,4.0,3.0,2.0,2.0,3,14.8,Travel_Frequently,West Jeremychester,Cristina Johnson,No,,,False,False,26-35,3-6yr
EMP2173,Michael Wells Md,Not Disclosed,41.0,,Married,Finance,Finance Manager,3,Life Sciences,,8,95600.0,31.23,Yes,3.0,1.0,3.0,2.0,2.0,0.0,1,9.9,Non-Travel,East Brittany,Cody Aguilar,No,,,False,False,36-45,6+yr
EMP1484,Brenda Craig,Female,41.0,1970-03-06,Single,Finance,Accountant,2,Business,,8,65900.0,81.33,Yes,1.0,1.0,1.0,4.0,2.0,6.0,1,25.9,Travel_Rarely,West Jeffreytown,Matthew Ortega,No,,,False,False,36-45,6+yr
EMP2027,Madison Allen,Female,24.0,,Single,IT,IT Support,3,Marketing,,9,90900.0,68.17,No,3.0,3.0,,2.0,0.0,4.0,0,,Non-Travel,Alvaradobury,Jeffrey Robinson,No,,,True,False,18-25,6+yr
EMP2282,Ralph Andrews,Female,39.0,,Married,Marketing,Content Strategist,3,Human Resources,2016-02-04,8,38900.0,82.92,No,2.0,2.0,,3.0,5.0,5.0,1,,Travel_Rarely,South Javier,William Fletcher,No,,,True,False,36-45,6+yr
EMP1053,Joanne Goodwin,Male,60.0,,Single,Sales,Sales Executive,1,Life Sciences,,7,51200.0,79.05,Yes,1.0,2.0,1.0,1.0,5.0,0.0,0,,Travel_Rarely,New Davidfort,David Rodgers,Yes,,,False,False,46-65,6+yr
EMP1243,Madeline Walters,Male,56.0,,Married,Research & Development,Research Scientist,5,Technical Degree,,7,55100.0,62.48,No,3.0,4.0,2.0,2.0,2.0,4.0,1,,Travel_Frequently,Port Laura,Victor Peterson,Yes,Better Opportunity,,False,False,46-65,6+yr
EMP2198,Nicholas Rivera,Male,48.0,,Not Disclosed,IT,IT Support,5,Marketing,,7,88800.0,86.23,Yes,1.0,,1.0,4.0,3.0,0.0,0,,Non-Travel,New Adamside,Timothy Miller,Yes,Better Opportunity,,True,False,46-65,6+yr
EMP1036,Michelle Fields,Male,21.0,,Married,Research & Development,Lab Technician,4,Marketing,2018-02-16,6,68700.0,82.7,No,4.0,1.0,1.0,4.0,4.0,5.0,1,39.2,Travel_Rarely,Port Davidland,Sheryl Jordan,No,,,False,False,18-25,3-6yr
EMP2203,Thomas Mills,Female,27.0,,Married,Marketing,Marketing Executive,5,Business,,8,27200.0,88.94,Yes,3.0,2.0,2.0,2.0,5.0,5.0,3,,Travel_Rarely,Jacobstown,Amanda Walker,Yes,Better Opportunity,,False,False,26-35,6+yr
EMP1739,Chris Evans,Female,45.0,,Single,IT,Software Engineer,4,Business,,6,75800.0,95.26,No,3.0,1.0,4.0,3.0,2.0,4.0,0,32.4,Non-Travel,West Zachary,Joseph Ortega,No,,,False,False,36-45,3-6yr
EMP1121,Sheryl Schroeder,Female,39.0,,Single,Research & Development,Lab Technician,3,Human Resources,,2,51800.0,80.1,Yes,1.0,3.0,3.0,4.0,4.0,5.0,1,,Travel_Rarely,Lake David,David Haynes,No,,,False,False,36-45,1-3yr
EMP2300,Jennifer Hawkins,Female,29.0,,Single,IT,IT Support,5,Life Sciences,,4,55600.0,38.0,No,3.0,1.0,3.0,2.0,1.0,3.0,0,39.4,Non-Travel,Sydneyport,Cynthia Richards,No,,,False,False,26-35,3-6yr
EMP2020,Stephen Bass,Female,27.0,,Divorced,Human Resources,HR Executive,5,Technical Degree,2018-12-02,6,39500.0,85.38,Yes,3.0,2.0,4.0,3.0,1.0,1.0,0,,Travel_Rarely,Hodgesborough,David Scott,No,,,False,False,26-35,3-6yr
EMP1045,Donna Williams,Male,29.0,,Not Disclosed,Sales,Sales Executive,5,Technical Degree,,8,17700.0,99.73,No,3.0,1.0,2.0,2.0,3.0,4.0,1,27.8,Travel_Rarely,West Jonathan,Elizabeth Bradley,No,,,False,False,26-35,6+yr
EMP2325,Edward Owen,Male,59.0,,Single,Marketing,Marketing Executive,4,Technical Degree,,5,61300.0,36.8,No,4.0,3.0,3.0,4.0,4.0,1.0,1,,Non-Travel,South Stephanieview,John Vazquez,No,,,False,False,46-65,3-6yr
EMP1837,Steven Jones,Female,22.0,,Married,IT,IT Support,5,Medical,,4,49400.0,46.16,No,5.0,1.0,,3.0,1.0,3.0,0,12.9,Travel_Frequently,Michaelchester,Frank Campbell,No,,,True,False,18-25,3-6yr
EMP1077,John Johnson,Not Disclosed,59.0,,Divorced,IT,IT Support,2,Marketing,,2,59700.0,83.71,No,5.0,2.0,3.0,1.0,2.0,3.0,1,15.7,Travel_Rarely,Port Shane,Crystal Williams,Yes,Relocation,,False,False,46-65,1-3yr
EMP1369,Thomas Murray,Female,23.0,,Single,Marketing,Marketing Executive,5,Life Sciences,,9,82900.0,82.55,Yes,3.0,4.0,2.0,4.0,3.0,3.0,3,35.0,Travel_Rarely,Welchville,Matthew Ward,No,,,False,False,18-25,6+yr
EMP1907,Jason Lloyd,Female,40.0,1975-09-19,Married,Sales,Sales Executive,4,Marketing,2015-07-02,9,17000.0,32.37,Yes,5.0,2.0,1.0,,2.0,2.0,0,,Travel_Rarely,Brennanchester,Katherine Warner,No,,,True,False,36-45,6+yr
EMP2237,Angela Marks,Female,44.0,,Divorced,Sales,Sales Manager,5,Life Sciences,,7,78100.0,75.49,No,3.0,1.0,1.0,3.0,0.0,1.0,1,8.6,Non-Travel,North Emma,Christina Maxwell,Yes,,,False,False,36-45,6+yr
EMP1268,Jasmine Cruz,Female,50.0,,Single,Human Resources,HR Executive,3,Medical,2016-04-15,8,20700.0,36.83,No,2.0,4.0,,3.0,2.0,2.0,1,,Non-Travel,East Cathyview,Monica Ritter,No,,,True,False,46-65,6+yr
EMP2336,Brittany Simmons,Male,57.0,,Single,IT,Software Engineer,3,Business,,9,48300.0,60.73,Yes,1.0,,3.0,3.0,5.0,2.0,1,17.4,Travel_Frequently,Johnsontown,Julia Jackson,No,,,True,False,46-65,6+yr
EMP1729,Philip Martin,Not Disclosed,21.0,,Divorced,Sales,Sales Representative,3,Marketing,,9,85400.0,85.48,No,2.0,,4.0,4.0,0.0,5.0,0,31.9,Non-Travel,East Michaelland,Beverly Wallace,No,,,True,False,18-25,6+yr
EMP1445,Christy Butler,Male,43.0,,Single,Sales,Sales Executive,5,Medical,,7,59300.0,53.28,No,3.0,2.0,3.0,3.0,0.0,2.0,3,,Travel_Frequently,Lake Patrickmouth,Mr. Craig Green,No,,,False,False,36-45,6+yr
EMP1504,Jennifer Webster,Not Disclosed,41.0,,Divorced,Sales,Sales Executive,2,Medical,,8,36400.0,74.8,No,2.0,2.0,,2.0,1.0,2.0,1,38.3,Non-Travel,South Heiditown,Christine Johnson PhD,No,,,True,False,36-45,6+yr
EMP2058,Kristin Ibarra,Female,47.0,,Married,Finance,Financial Analyst,1,Human Resources,,4,93000.0,79.76,No,1.0,1.0,3.0,1.0,0.0,4.0,1,,Non-Travel,New Jeffreychester,Stacy Tanner,No,,,False,False,46-65,3-6yr
EMP2034,Mr. Pedro Manning,Female,43.0,1987-06-02,Single,Sales,Sales Representative,4,Marketing,2016-08-05,8,113500.0,63.41,No,3.0,,,,3.0,0.0,2,9.8,Travel_Rarely,Wigginsborough,Colleen Walker,Yes,Career Change,,True,False,36-45,6+yr
EMP2185,Rachel Wood,Male,40.0,1997-12-13,Married,Finance,Accountant,3,Human Resources,2016-04-04,8,27400.0,68.56,No,3.0,4.0,3.0,,1.0,3.0,3,17.0,Non-Travel,Robertton,Fred Herrera,Yes,Career Change,,True,False,36-45,6+yr
EMP1286,Kevin Diaz Phd,Male,54.0,,Married,Marketing,Marketing Executive,2,Medical,2023-04-10,1,61300.0,77.23,Yes,2.0,4.0,4.0,3.0,0.0,6.0,3,28.2,Travel_Frequently,Lake Leonside,Trevor Morrow,No,,,False,False,46-65,<1yr
EMP1296,David Newton,Male,41.0,1972-10-10,Single,Human Resources,Recruiter,3,Life Sciences,2022-02-01,2,101300.0,90.58,No,2.0,4.0,,3.0,3.0,0.0,2,11.0,Travel_Frequently,Lisaside,Paul Rodriguez,No,,,True,False,36-45,1-3yr
EMP1626,Scott Johnson,Female,32.0,,Married,Human Resources,HR Manager,1,Medical,,4,82000.0,37.3,No,3.0,2.0,4.0,3.0,1.0,5.0,1,22.8,Travel_Rarely,Port Sandra,Cody Jenkins,No,,,False,False,26-35,3-6yr
EMP1278,Tami Love,Not Disclosed,51.0,,Single,Sales,Sales Representative,1,Human Resources,,9,58300.0,52.05,No,4.0,,,2.0,3.0,0.0,3,31.1,Travel_Frequently,Tarachester,Rita Gomez,No,,,True,False,46-65,6+yr
EMP2491,Mrs. Regina Wright,Male,49.0,1999-08-25,Divorced,Marketing,Marketing Manager,2,Medical,,9,15400.0,54.88,Yes,3.0,2.0,1.0,,2.0,3.0,0,27.0,Travel_Rarely,Hoffmanstad,Jennifer Marquez,No,,,True,False,46-65,6+yr
EMP1485,Jared Hall,Female,41.0,,Single,Sales,Sales Representative,5,Life Sciences,,5,68200.0,83.78,No,2.0,,2.0,1.0,4.0,0.0,0,36.4,Non-Travel,Lisaton,Daniel Yu,Yes,Better Opportunity,,True,False,36-45,3-6yr
EMP1183,James Dunn,Female,41.0,,Married,Marketing,Content Strategist,1,Life Sciences,,1,65600.0,65.67,No,3.0,,1.0,4.0,5.0,0.0,1,31.1,Non-Travel,Chloefort,Amanda Cook,No,,,True,False,36-45,<1yr
EMP1971,Justin Adams,Male,48.0,1972-02-20,Divorced,IT,System Admin,2,Life Sciences,2023-07-28,1,91000.0,82.23,Yes,1.0,2.0,,,3.0,3.0,1,36.7,Non-Travel,Moniqueland,Ashley Sullivan,No,,,True,False,46-65,<1yr
EMP1685,Adrienne Brown,Female,30.0,,Not Disclosed,Marketing,Content Strategist,1,Medical,,1,105500.0,51.52,Yes,3.0,4.0,3.0,2.0,0.0,2.0,0,,Travel_Frequently,Walterville,Paul Mcintyre,Yes,,,False,False,26-35,<1yr
EMP1037,Maurice James,Female,27.0,,Single,Human Resources,HR Executive,4,Technical Degree,,1,63915.0,83.17,No,3.0,3.0,3.0,3.0,4.0,4.0,2,,Travel_Rarely,Lake Kelly,Christopher Griffin,No,,,False,False,26-35,<1yr
EMP2181,Teresa Burke,Female,37.0,,Married,Marketing,Marketing Executive,5,Medical,,1,84900.0,80.22,Yes,3.0,2.0,2.0,4.0,5.0,3.0,0,,Non-Travel,Walkerstad,Daniel Roberts,Yes,Retirement,,False,False,36-45,<1yr
EMP1003,Charles Wilson,Female,58.0,,Single,Marketing,Marketing Executive,1,Human Resources,,2,70100.0,81.06,Yes,5.0,1.0,1.0,,3.0,2.0,2,,Travel_Frequently,North Bonnie,Jacqueline Kelley,Yes,Career Change,,True,False,46-65,1-3yr
EMP1755,Adam Gonzalez,Male,58.0,1979-03-26,Not Disclosed,Human Resources,Recruiter,5,Life Sciences,2016-08-05,8,60700.0,42.47,No,4.0,3.0,1.0,3.0,0.0,3.0,0,,Travel_Rarely,Snyderchester,Evan Smith,No,,,False,False,46-65,6+yr
EMP1509,Carl Santiago,Not Disclosed,34.0,,Married,Finance,Finance Manager,4,Business,,2,61100.0,73.6,No,4.0,3.0,3.0,,2.0,3.0,3,,Travel_Rarely,Lauraburgh,Andrea Mayer,Yes,Career Change,,True,False,26-35,1-3yr
EMP1498,Lindsay Garrett,Female,31.0,,Married,IT,Software Engineer,3,Business,,3,62300.0,89.22,Yes,3.0,3.0,2.0,4.0,2.0,4.0,1,,Travel_Frequently,Emilyville,Megan Ochoa,No,,,False,False,26-35,1-3yr
EMP1309,Richard Leon,Female,32.0,,Divorced,Marketing,Content Strategist,4,Human Resources,,1,23900.0,67.98,No,5.0,1.0,2.0,4.0,2.0,2.0,3,,Travel_Frequently,Sullivanland,Michael Conner,No,,,False,False,26-35,<1yr
EMP2314,Steven Stevenson,Female,41.0,1994-10-02,Married,Human Resources,HR Manager,2,Human Resources,2022-02-21,2,79250.0,40.18,No,3.0,2.0,2.0,,2.0,5.0,2,,Non-Travel,Myersmouth,Sarah Thompson,No,,,True,False,36-45,1-3yr
EMP2439,Jesse Delgado,Male,42.0,,Married,Research & Development,Research Scientist,1,Business,2021-08-21,3,88500.0,84.35,No,3.0,,4.0,2.0,2.0,6.0,0,8.0,Travel_Frequently,New Michael,Heidi Moore,No,,,True,False,36-45,1-3yr
EMP2446,Colleen Case,Not Disclosed,21.0,,Divorced,Human Resources,Recruiter,3,Life Sciences,2023-09-05,1,50400.0,39.54,No,5.0,1.0,4.0,2.0,2.0,3.0,0,,Travel_Frequently,Pagehaven,Sarah Moore,No,,,False,False,18-25,<1yr
EMP1142,Javier Flores,Female,52.0,,Married,Finance,Finance Manager,5,Business,2020-10-09,4,91600.0,67.32,No,5.0,3.0,1.0,3.0,1.0,3.0,2,8.8,Non-Travel,South Ashleyton,Patricia Fisher,No,,,False,False,46-65,3-6yr
EMP2248,Melissa Taylor,Not Disclosed,47.0,,Married,Marketing,Marketing Executive,4,Business,,5,101700.0,38.07,No,3.0,,3.0,1.0,2.0,1.0,3,4.0,Travel_Frequently,Josephchester,Jim Smith,No,,,True,False,46-65,3-6yr
EMP1865,Elizabeth Lopez,Not Disclosed,37.0,,Single,Human Resources,HR Executive,5,Marketing,,3,55600.0,34.04,Yes,2.0,2.0,,1.0,2.0,3.0,2,,Travel_Frequently,Durhamchester,Grace Thompson,No,,,True,False,36-45,1-3yr
EMP1184,Joshua Montes,Female,23.0,,Married,Sales,Sales Representative,4,Business,2023-04-25,1,62200.0,49.96,No,3.0,2.0,3.0,3.0,4.0,3.0,0,16.7,Travel_Rarely,Port Stephanie,Gabriel Nelson,No,,,False,False,18-25,<1yr
EMP2011,Yolanda Olson,Female,33.0,,Single,Finance,Finance Manager,4,Marketing,,2,114200.0,40.82,Yes,1.0,,2.0,1.0,5.0,5.0,0,9.6,Non-Travel,Hooverport,Eric Scott,No,,,True,False,26-35,1-3yr
EMP1913,Jason Wright,Male,47.0,,Not Disclosed,Sales,Sales Representative,3,Technical Degree,,6,56300.0,41.46,No,3.0,4.0,,,1.0,1.0,3,,Travel_Rarely,Port James,Joshua Bell,No,,,True,False,46-65,3-6yr
EMP1849,David Bailey,Female,59.0,,Single,Marketing,Content Strategist,1,Human Resources,2019-09-18,5,65600.0,32.59,Yes,1.0,1.0,1.0,1.0,3.0,2.0,0,,Non-Travel,Port Marc,Rebecca Lawrence,No,,,False,False,46-65,3-6yr
EMP1512,Shane Harris,Male,35.0,1983-03-29,Single,Finance,Finance Manager,3,Marketing,,3,110900.0,82.13,Yes,3.0,,,2.0,2.0,4.0,1,27.2,Travel_Rarely,Michaelhaven,Charles Nelson,No,,,True,False,26-35,1-3yr
EMP1732,Jennifer Griffith,Male,25.0,,Single,Human Resources,HR Manager,3,Human Resources,,8,40000.0,81.03,No,5.0,3.0,1.0,3.0,3.0,3.0,3,36.7,Travel_Rarely,Lisatown,Robert Adams,No,,,False,False,18-25,6+yr
EMP1997,Linda King,Female,46.0,,Single,Marketing,Marketing Manager,5,Technical Degree,,3,27500.0,41.64,Yes,3.0,,2.0,4.0,2.0,2.0,3,,Travel_Rarely,West Anitahaven,Dr. Michelle Peterson,No,,,True,False,46-65,1-3yr
EMP1888,Rodney Everett,Female,60.0,,Single,Research & Development,Lab Technician,1,Technical Degree,,8,82900.0,47.93,No,1.0,,4.0,2.0,2.0,2.0,1,,Non-Travel,Lake Scottside,Danielle Valenzuela,Yes,Career Change,,True,False,46-65,6+yr
EMP1118,Monica Garcia,Male,56.0,,Single,IT,System Admin,5,Business,,9,114600.0,31.73,No,4.0,,4.0,1.0,2.0,0.0,0,,Non-Travel,Hernandezberg,Morgan Graham,No,,,True,False,46-65,6+yr
EMP2026,Tara Wright,Female,50.0,,Married,Human Resources,HR Executive,3,Business,2019-10-22,5,76000.0,97.67,No,5.0,3.0,2.0,3.0,5.0,5.0,1,,Travel_Frequently,East Heather,Yolanda Bernard,No,,,False,False,46-65,3-6yr
EMP1114,Ashley Murphy,Female,41.0,1969-06-05,Single,Marketing,Marketing Manager,3,Human Resources,,1,52800.0,69.54,No,3.0,1.0,2.0,2.0,1.0,1.0,1,,Non-Travel,South Pamelatown,Jeffrey Gardner,Yes,Retirement,,False,False,36-45,<1yr
EMP1546,Lucas Watson,Female,27.0,,Divorced,Research & Development,Research Scientist,2,Technical Degree,,3,33600.0,72.62,No,3.0,,,3.0,5.0,5.0,2,17.2,Travel_Rarely,Lake Morganborough,Pamela Torres,No,,,True,False,26-35,1-3yr
EMP1166,John Mitchell,Female,46.0,,Single,Marketing,Marketing Manager,1,Technical Degree,,8,98000.0,84.13,No,5.0,3.0,1.0,,5.0,0.0,0,,Travel_Rarely,Ryanview,Dr. Anne Roberts DVM,No,,,True,False,46-65,6+yr
EMP1185,Cindy Brown,Female,25.0,,Married,IT,Software Engineer,2,Business,,5,36200.0,48.97,No,3.0,1.0,4.0,2.0,2.0,6.0,0,23.2,Travel_Rarely,Scottton,Sandra Gomez,No,,,False,False,18-25,3-6yr
EMP2397,Kenneth Foster,Female,24.0,,Married,Sales,Sales Executive,3,Technical Degree,,6,84800.0,90.16,No,3.0,2.0,4.0,1.0,4.0,1.0,0,26.7,Non-Travel,South Raymond,Erica Salas,No,,,False,True,18-25,3-6yr
EMP1275,Brandon Foster,Female,57.0,2005-07-01,Single,Sales,Sales Manager,3,Life Sciences,2021-04-02,3,108400.0,64.89,Yes,4.0,,4.0,,0.0,0.0,0,7.7,Non-Travel,Waltersburgh,Michael Richardson,Yes,Higher Salary,,True,False,46-65,1-3yr
EMP2002,Shannon Davis,Male,31.0,,Divorced,Research & Development,Data Analyst,2,Human Resources,,3,88400.0,98.88,No,1.0,,1.0,4.0,3.0,2.0,0,,Travel_Rarely,Ashleeview,Felicia Gonzales,No,,,True,False,26-35,1-3yr
EMP1705,Marissa Patterson,Female,23.0,,Divorced,Finance,Financial Analyst,3,Human Resources,,8,26400.0,44.78,Yes,3.0,3.0,4.0,,2.0,3.0,2,,Travel_Frequently,West Ivan,Matthew Peterson,No,,,True,False,18-25,6+yr
EMP2025,Mrs. Marissa Johnson,Female,60.0,1979-04-04,Not Disclosed,Research & Development,Research Scientist,5,Business,,3,18300.0,86.01,No,1.0,3.0,1.0,,4.0,6.0,3,,Non-Travel,North Dylanhaven,Elizabeth Martin,No,,,True,False,46-65,1-3yr
EMP1384,Gary Daniels,Not Disclosed,34.0,1979-06-04,Single,Human Resources,HR Manager,2,Medical,,3,53000.0,48.02,Yes,2.0,2.0,3.0,1.0,4.0,1.0,3,,Travel_Rarely,Gregoryfort,Megan Norman,No,,,False,False,26-35,1-3yr
EMP2430,Christopher Pratt,Female,35.0,,Married,Sales,Sales Manager,4,Life Sciences,,5,74450.0,50.64,No,4.0,3.0,3.0,2.0,1.0,0.0,1,,Non-Travel,Port Allison,Donald Sanders,Yes,Better Opportunity,,False,False,26-35,3-6yr
EMP1863,Christina Reese,Male,57.0,1997-10-22,Single,Finance,Accountant,1,Medical,,7,73000.0,94.49,No,4.0,1.0,,4.0,2.0,1.0,0,,Non-Travel,New Dianestad,Fred Vaughn,Yes,Higher Salary,,True,False,46-65,6+yr
EMP2045,Trevor Bonilla,Female,24.0,,Married,Finance,Accountant,2,Human Resources,,9,114200.0,71.01,No,3.0,3.0,1.0,4.0,2.0,6.0,3,,Non-Travel,Leeberg,Taylor Peters,Yes,Retirement,,False,False,18-25,6+yr
EMP1177,Linda Morrison,Female,34.0,1967-01-25,Married,Finance,Finance Manager,1,Medical,,1,79500.0,78.34,No,3.0,4.0,2.0,3.0,2.0,0.0,0,28.0,Non-Travel,Port Michaelfurt,George Graham,No,,,False,False,26-35,<1yr
EMP2360,Kelly Baker,Male,27.0,,Not Disclosed,Sales,Sales Executive,5,Life Sciences,,6,52500.0,51.33,No,4.0,3.0,3.0,,3.0,0.0,0,,Travel_Frequently,South Dianaborough,Lauren Chang,No,,,True,False,26-35,3-6yr
EMP1380,Catherine Holt,Male,48.0,,Single,IT,System Admin,1,Marketing,,7,28800.0,57.94,Yes,5.0,3.0,4.0,1.0,3.0,0.0,1,10.5,Travel_Rarely,Stephanieview,Angel Figueroa,No,,,False,False,46-65,6+yr
EMP2196,Scott Grant,Male,27.0,,Single,Finance,Financial Analyst,2,Human Resources,,2,28500.0,53.98,No,5.0,2.0,3.0,2.0,0.0,0.0,1,17.1,Travel_Frequently,Watkinsbury,Jennifer Smith,No,,,False,False,26-35,1-3yr
EMP2017,Margaret Palmer,Female,22.0,,Divorced,IT,System Admin,2,Human Resources,,1,108000.0,62.56,No,5.0,1.0,,4.0,3.0,3.0,2,,Non-Travel,Reynoldsburgh,William Sullivan,No,,,True,False,18-25,<1yr
EMP1520,Michael Noble,Female,48.0,,Married,Finance,Accountant,1,Medical,,8,75200.0,77.22,Yes,3.0,1.0,,2.0,1.0,3.0,0,34.1,Travel_Frequently,West Donnaville,Martin Rice,No,,,True,False,46-65,6+yr
EMP1831,Joan Moore,Male,60.0,,Single,Human Resources,HR Executive,5,Business,,4,89600.0,93.35,No,5.0,1.0,2.0,2.0,0.0,6.0,3,3.2,Travel_Frequently,Lake Jasonshire,Gary Martin,No,,,False,False,46-65,3-6yr
EMP1508,Micheal Chandler,Male,34.0,,Married,Marketing,Content Strategist,3,Marketing,,4,77900.0,99.69,Yes,3.0,4.0,4.0,2.0,2.0,3.0,2,30.5,Non-Travel,Lake Kennethfurt,Frederick Harper,No,,,False,False,26-35,3-6yr
EMP2177,Jennifer Garcia,Male,59.0,,Single,Finance,Accountant,2,Human Resources,2020-03-08,4,92600.0,49.62,Yes,1.0,4.0,4.0,,2.0,3.0,0,9.7,Non-Travel,Andersonstad,Dr. Alyssa Thomas DDS,No,,,True,False,46-65,3-6yr
EMP1414,Christina Turner,Male,52.0,1978-10-13,Married,Marketing,Content Strategist,5,Marketing,,3,93700.0,90.38,No,1.0,4.0,1.0,2.0,5.0,5.0,1,21.6,Non-Travel,South Amy,Mary Thomas,No,,,False,False,46-65,1-3yr
EMP1623,Kenneth Lozano,Not Disclosed,44.0,1995-12-01,Divorced,Human Resources,Recruiter,2,Life Sciences,,6,22400.0,68.38,No,3.0,,,1.0,4.0,4.0,1,39.8,Travel_Frequently,West Jonathanstad,Juan Rice,Yes,,2018-06-15,True,False,36-45,3-6yr
EMP1873,Glenda Arnold,Male,54.0,,Not Disclosed,Research & Development,Data Analyst,1,Medical,2021-03-28,3,23200.0,40.08,No,2.0,,4.0,3.0,2.0,3.0,1,31.3,Non-Travel,New Randall,Brandon Brewer,No,,,True,False,46-65,1-3yr
EMP1859,Laura Sampson,Male,40.0,1979-02-03,Divorced,Sales,Sales Manager,3,Life Sciences,2017-09-21,7,55500.0,32.56,No,3.0,,2.0,1.0,1.0,2.0,1,20.9,Travel_Rarely,Port Caleb,Crystal Lewis,Yes,Relocation,,True,False,36-45,6+yr
EMP1642,Amy Graham Md,Male,44.0,,Single,Human Resources,HR Executive,1,Technical Degree,,5,80400.0,48.5,Yes,2.0,3.0,2.0,1.0,0.0,6.0,1,,Travel_Frequently,Abigailborough,Jason Garner,No,,,False,False,36-45,3-6yr
EMP2341,Melissa Bailey,Not Disclosed,50.0,1967-10-29,Married,Human Resources,HR Executive,4,Technical Degree,2021-02-03,3,108100.0,55.17,No,3.0,2.0,,4.0,4.0,4.0,2,11.8,Travel_Rarely,New Janet,Shannon Brown,No,,,True,False,46-65,1-3yr
EMP1259,Shannon Johnson,Female,39.0,,Divorced,Sales,Sales Manager,2,Technical Degree,,3,74450.0,56.26,Yes,1.0,2.0,4.0,3.0,1.0,0.0,0,34.6,Non-Travel,East Michael,Jeffery Ramirez,No,,,False,False,36-45,1-3yr
EMP1835,Scott Johnson,Male,43.0,1985-03-12,Married,IT,System Admin,1,Human Resources,2016-03-11,8,109800.0,83.84,No,3.0,2.0,2.0,4.0,4.0,1.0,1,15.0,Non-Travel,West Coryview,Timothy Parker,Yes,Health Issues,,False,False,36-45,6+yr
EMP1663,Julie Glenn,Female,43.0,,Divorced,IT,IT Support,5,Human Resources,,5,51100.0,41.42,No,3.0,,2.0,,4.0,3.0,3,21.3,Travel_Rarely,Lauraville,Ashlee Vasquez,No,,,True,False,36-45,3-6yr
EMP2499,Julie Murphy,Male,29.0,1986-04-15,Married,Human Resources,Recruiter,4,Medical,2021-12-27,3,46200.0,81.77,Yes,4.0,3.0,4.0,1.0,4.0,1.0,1,22.5,Non-Travel,Davidburgh,Erica Holt,Yes,Health Issues,,False,False,26-35,1-3yr
EMP1338,Patrick Vazquez,Female,30.0,,Single,Sales,Sales Executive,5,Medical,,9,107000.0,72.58,Yes,2.0,3.0,2.0,4.0,5.0,0.0,1,36.3,Travel_Rarely,Mejiamouth,Richard Ruiz,Yes,Retirement,,False,False,26-35,6+yr
EMP1399,Patricia Kim,Female,42.0,,Divorced,Sales,Sales Representative,1,Technical Degree,,6,105200.0,69.94,No,5.0,3.0,,1.0,2.0,3.0,2,29.2,Non-Travel,Lake Tabithaton,Theodore Santiago,No,,,True,False,36-45,3-6yr
EMP2448,Maria Crawford,Female,37.0,,Married,Research & Development,Lab Technician,5,Marketing,2021-02-07,3,36400.0,80.42,Yes,3.0,,1.0,,5.0,2.0,1,,Non-Travel,Collinberg,Jose Cox,No,,,True,False,36-45,1-3yr
EMP1606,Joyce Francis,Female,52.0,,Single,Finance,Accountant,3,Human Resources,,3,24600.0,56.75,No,5.0,3.0,1.0,2.0,1.0,3.0,0,4.0,Travel_Frequently,New Jonathanville,Garrett Shields,No,,,False,False,46-65,1-3yr
EMP1481,Sherry Collins,Not Disclosed,40.0,,Single,Research & Development,Data Analyst,4,Technical Degree,,3,102300.0,89.25,No,2.0,4.0,1.0,1.0,2.0,6.0,3,,Travel_Rarely,North Rebeccaburgh,Jeffrey Romero,No,,,False,False,36-45,1-3yr
EMP2447,Troy Carpenter,Male,31.0,,Single,Finance,Finance Manager,2,Life Sciences,,5,37100.0,77.44,Yes,3.0,,3.0,2.0,4.0,4.0,1,,Non-Travel,Brendachester,Douglas Brown,Yes,Health Issues,2021-02-24,True,False,26-35,3-6yr
EMP2144,Johnny Rios,Female,52.0,1977-03-28,Divorced,IT,Software Engineer,3,Medical,2023-07-06,1,70700.0,68.97,No,3.0,1.0,2.0,4.0,2.0,1.0,3,,Travel_Rarely,New Matthew,Steven Pace,No,,,False,False,46-65,<1yr
EMP1918,Gina Nelson Md,Male,35.0,,Married,IT,System Admin,2,Business,2017-06-28,7,112600.0,67.03,Yes,1.0,3.0,1.0,2.0,2.0,3.0,2,19.2,Travel_Rarely,Port Leah,Elizabeth Smith,No,,,False,False,26-35,6+yr
EMP2018,Becky Greene,Male,28.0,1976-06-28,Single,Finance,Accountant,3,Human Resources,2017-02-08,7,76600.0,84.95,Yes,3.0,3.0,2.0,,4.0,6.0,3,1.9,Non-Travel,Anthonyfurt,Scott Moore,No,,,True,False,26-35,6+yr
EMP1876,James King,Female,33.0,1989-12-09,Single,Sales,Sales Executive,1,Business,2018-03-09,6,95300.0,97.13,No,5.0,1.0,,1.0,1.0,2.0,3,39.2,Non-Travel,Jenkinsville,Jeremy Woods,No,,,True,False,26-35,3-6yr
EMP1660,Brittany Burch,Female,49.0,,Married,Human Resources,Recruiter,4,Business,,7,58700.0,81.77,Yes,3.0,3.0,4.0,1.0,0.0,1.0,3,5.3,Travel_Frequently,Paulshire,Kenneth Richmond,No,,,False,False,46-65,6+yr
EMP2022,Karen Harper,Male,41.0,,Not Disclosed,Finance,Accountant,5,Human Resources,2021-02-17,3,41600.0,34.61,Yes,4.0,1.0,2.0,1.0,4.0,2.0,0,17.0,Travel_Rarely,Meganmouth,Jesse Maldonado,No,,,False,False,36-45,1-3yr
EMP1790,Adam Rodriguez,Male,41.0,1983-08-23,Single,Human Resources,HR Executive,3,Technical Degree,2018-01-23,6,108800.0,97.15,No,4.0,3.0,,1.0,2.0,2.0,0,28.8,Non-Travel,Christineside,Jeffrey Howard,Yes,Better Opportunity,,True,False,36-45,3-6yr
EMP1257,Heather Mckinney,Male,27.0,,Single,Human Resources,HR Manager,4,Business,,2,79250.0,78.73,No,3.0,3.0,4.0,,3.0,6.0,1,16.2,Non-Travel,Lake Rita,Daniel Clarke,Yes,Retirement,,True,False,26-35,1-3yr
EMP1969,Tara Brown,Female,23.0,1989-06-11,Married,IT,Software Engineer,5,Technical Degree,2021-06-25,3,107200.0,50.35,No,5.0,,4.0,,2.0,3.0,2,18.8,Travel_Rarely,Suzannechester,Jessica Jackson,No,,,True,False,18-25,1-3yr
EMP1953,Mary Graham,Male,21.0,,Married,Research & Development,Research Scientist,2,Business,,2,76200.0,49.6,Yes,2.0,4.0,,4.0,1.0,3.0,1,25.9,Travel_Rarely,East Emily,Daniel Dixon,Yes,,,True,False,18-25,1-3yr
EMP2274,Jamie Decker,Male,48.0,,Married,Marketing,Marketing Executive,5,Business,,4,81900.0,81.96,No,1.0,,2.0,,2.0,0.0,3,39.1,Non-Travel,South Ericfort,Anthony Ryan,No,,,True,False,46-65,3-6yr
